,Open,High,Low,Close,Volume,Adj Close,Returns,MA_5,MA_20,MA_50,BB_Middle,BB_Upper,BB_Lower,BB_Width,RSI,Volume_MA,Volume_Ratio,Volume_Change,Volatility,Gap,Daily_Range,Close_vs_MA20,Close_vs_MA50
2020-01-02 14:30:00,28.299999237060547,28.713333129882812,28.11400032043457,28.68400001525879,142981500,28.68400001525879,,,,,,,,,,,,,,,0.02131794844622731,,
2020-01-03 14:30:00,29.366666793823242,30.266666412353516,29.128000259399414,29.534000396728516,266677500,29.534000396728516,0.02963325829792085,,,,,,,,,,,0.8651189139853757,,0.023799566943288962,0.03909180660579888,,
2020-01-06 14:30:00,29.364667892456055,30.104000091552734,29.333332061767578,30.1026668548584,151995000,30.1026668548584,0.01925463704513497,,,,,,,,,,,-0.4300419045476278,,-0.0057334767386005014,0.0262727748815699,,
2020-01-07 14:30:00,30.760000228881836,31.441999435424805,30.224000930786133,31.270666122436523,268231500,31.270666122436523,0.03880052465815398,,,,,,,,,,,0.7647389716766999,,0.02183638337403145,0.040299049335920975,,
2020-01-08 14:30:00,31.579999923706055,33.232666015625,31.215333938598633,32.80933380126953,467164500,32.80933380126953,0.04920482578812169,30.48013343811035,,,,,,,,,,0.7416466746075685,,0.009892139811105144,0.06462631734116674,,
2020-01-09 14:30:00,33.13999938964844,33.253334045410156,31.524667739868164,32.089332580566406,426606000,32.089332580566406,-0.021945011900097344,31.161199951171874,,,,,,,,,,-0.086818454741317,,0.010078399957213133,0.05483535369211227,,
2020-01-10 14:30:00,32.11933135986328,32.3293342590332,31.579999923706055,31.876667022705078,194392500,31.876667022705078,-0.006627297633174267,31.629733276367187,,,,,,,,,,-0.5443277872322471,,0.0009348520796298062,0.023728129738361654,,
2020-01-13 14:30:00,32.900001525878906,35.04199981689453,32.79999923706055,34.990665435791016,397764000,34.990665435791016,0.09768895885093332,32.60733299255371,,,,,,,,,,1.0461900536286124,,0.03210293292096468,0.06835367780438116,,
2020-01-14 14:30:00,36.284000396728516,36.49399948120117,34.99333190917969,35.861331939697266,434943000,35.861331939697266,0.024882822120200876,33.52546615600586,,,,,,,,,,0.09346999728482208,,0.03696228536467278,0.042884386543020764,,
2020-01-15 14:30:00,35.31733322143555,35.85599899291992,34.452667236328125,34.56666564941406,260532000,34.56666564941406,-0.03610201351305786,33.876932525634764,,,,,,,,,,-0.40099737206944364,,-0.01516950678732406,0.040732165871676655,,
2020-01-16 14:30:00,32.91666793823242,34.297332763671875,32.81133270263672,34.232666015625,326050500,34.232666015625,-0.009662477636014799,34.305599212646484,,,,,,,,,,0.2514796646861037,,-0.04773378282754934,0.0452892320620595,,
2020-01-17 14:30:00,33.840667724609375,34.37799835205078,33.54399871826172,34.03333282470703,204436500,34.03333282470703,-0.005822894156913949,34.736932373046876,,,,,,,,,,-0.3729913004273878,,-0.011451000948529778,0.02486285671526168,,
2020-01-21 14:30:00,35.349998474121094,36.571998596191406,35.227333068847656,36.47999954223633,267052500,36.47999954223633,0.07189030619278935,35.03479919433594,,,,,,,,,,0.30628581491074236,,0.03868753190278821,0.038171085069532804,,
2020-01-22 14:30:00,38.125999450683594,39.633331298828125,37.27333450317383,37.97066879272461,470535000,37.97066879272461,0.04086264444061727,35.45666656494141,,,,,,,81.3569301168251,,,0.7619569185834245,,0.04512061209160753,0.06331595568551407,,
2020-01-23 14:30:00,37.616668701171875,38.79999923706055,37.040000915527344,38.14666748046875,294765000,38.14666748046875,0.004635122144013071,36.17266693115234,,,,,,,81.57590742586716,,,-0.3735535082406197,,-0.009322988053888656,0.04751615221465622,,
2020-01-24 14:30:00,38.04199981689453,38.25733184814453,36.95066833496094,37.654666900634766,215304000,37.654666900634766,-0.012897603180825445,36.8570671081543,,,,,,,77.76106525672918,,,-0.269574067477482,,-0.002743821950575605,0.03536237832936006,,
2020-01-27 14:30:00,36.132667541503906,37.62933349609375,35.95199966430664,37.201332092285156,204121500,37.201332092285156,-0.012039272835579595,37.49066696166992,,,,,,,74.46016039656304,,,-0.05193818972243902,,-0.04041993952959924,0.04665481329130008,,
2020-01-28 14:30:00,37.89933395385742,38.45399856567383,37.2053337097168,37.793331146240234,176827500,37.793331146240234,0.015913383222044608,37.753333282470706,,,,,,,73.40445146232867,,,-0.1337144788765514,,0.018762819025962187,0.033561447552099805,,
2020-01-29 14:30:00,38.37933349609375,39.31999969482422,37.82866668701172,38.732666015625,267022500,38.732666015625,0.024854513769903885,37.90573272705078,,,,,,,72.20916202344657,,,0.510073376595835,,0.015505443211290267,0.03942335637022443,,
2020-01-30 14:30:00,42.16133117675781,43.391998291015625,41.20000076293945,42.72066879272461,435085500,42.72066879272461,0.10296225866535558,38.820532989501956,34.837566471099855,,34.837566471099855,42.04525919489658,27.62987374730313,0.4137885308249645,82.01566238901404,293624400.0,1.48177569711509,0.6293963991798444,,0.08852127968030053,0.05320382251176885,0.22628165857004756,
2020-01-31 14:30:00,42.66666793823242,43.53333282470703,42.167999267578125,43.371334075927734,235789500,43.371334075927734,0.015230690473505337,39.96386642456055,35.5719331741333,,35.5719331741333,43.12440762008343,28.01945872818317,0.4246310937884047,83.72583878705719,298264800.0,0.7905374687190712,-0.45806169132274,0.03762204182708263,-0.0012640451570220717,0.03237842868629235,0.2192571560172022,
2020-02-03 14:30:00,44.91266632080078,52.409332275390625,44.90133285522461,52.0,705975000,52.0,0.19894859376394902,42.92360000610351,36.69523315429687,,36.69523315429687,46.73859256522831,26.651873743365435,0.5473931378880147,87.70467252987144,320229675.0,2.204589565286228,1.9940900676238762,0.05470940731907642,0.03553804091372251,0.16721105906530798,0.41707779267539546,
2020-02-04 14:30:00,58.86399841308594,64.59933471679688,55.59199905395508,59.137332916259766,914082000,59.137332916259766,0.13725640223576474,47.19240036010742,38.14696645736694,,38.14696645736694,51.8902013011957,24.403731613538184,0.7205414280681113,90.37794033370876,358334025.0,2.550921587756005,0.2947795601827261,0.059630940359030986,0.13199996948242188,0.16202575579445677,0.5502499519156172,
2020-02-05 14:30:00,54.88399887084961,56.39866638183594,46.94066619873047,48.97999954223633,726357000,48.97999954223633,-0.1717583947927872,49.24186706542969,39.032433128356935,,39.032433128356935,53.186126854046876,24.878739402666994,0.7252273348753823,69.12326519374207,381240300.0,1.9052471630097867,-0.205369977748167,0.07555364102909569,-0.07192299408282421,0.2014884097099002,0.2548538642509713,
2020-02-06 14:30:00,46.66133117675781,53.05533218383789,45.79999923706055,49.930667877197266,598212000,49.930667877197266,0.01940931694254422,50.68386688232422,39.88849983215332,,39.88849983215332,54.52041174997742,25.256587914329224,0.7336406222040773,70.49240182972382,387792675.0,1.5426077864931307,-0.17642151173596454,0.07535249379804754,-0.047339085078575524,0.15841338575626998,0.25175597195433136,
2020-02-07 14:30:00,48.70333480834961,51.31666564941406,48.66666793823242,49.871334075927734,255952500,49.871334075927734,-0.001188323805631053,51.98386688232422,40.77759990692139,,40.77759990692139,55.57419276597243,25.981007047870346,0.725721616418113,70.75100702813022,379260000.0,0.6748734377471919,-0.5721374696595856,0.07482919114343636,-0.024580746083073413,0.054452006341280834,0.22300807771334333,
2020-02-10 14:30:00,53.33333206176758,54.66600036621094,50.15999984741211,51.41866683959961,370338000,51.41866683959961,0.031026496329857656,51.86760025024414,41.754699897766116,,41.754699897766116,56.65699376950002,26.85240602603221,0.7138019867570012,70.04508308912217,388057275.0,0.9543385058300994,0.4469012805110324,0.0744664451717041,0.06941859587251159,0.08983254650131951,0.23144620762441445,
2020-02-11 14:30:00,51.25266647338867,52.23400115966797,50.53333282470703,51.62533187866211,175462500,51.62533187866211,0.004019260937028868,50.36520004272461,42.586433219909665,,42.586433219909665,57.75366819432899,27.419198245490342,0.7123036059910488,68.97605409563943,376942200.0,0.46548913865308794,-0.5262098407400807,0.0726982380978813,-0.0032284066548978253,0.03365438691448108,0.21224831420083923,
2020-02-12 14:30:00,51.858001708984375,52.650001525878906,50.891334533691406,51.15266799926758,180337500,51.15266799926758,-0.009155657933695438,50.79973373413086,43.351000022888186,,43.351000022888186,58.63205794159444,28.069942104181933,0.7049921759884781,67.9267828826774,364211925.0,0.495144413516938,0.02778371446890371,0.0730278664266425,0.004506892679530322,0.03455729758910559,0.17996512127195027,
2020-02-13 14:30:00,49.45600128173828,54.53333282470703,49.0,53.599998474121094,394339500,53.599998474121094,0.047843652551780025,51.533599853515625,44.302666664123535,,44.302666664123535,59.650836613274734,28.954496714972336,0.6928779283428644,70.85411316113579,370902300.0,1.0631896863405808,1.1866749844042421,0.07201368266932977,-0.03316868472146146,0.1129251596878986,0.20985941727807036,
2020-02-14 14:30:00,52.4813346862793,54.198001861572266,52.366668701171875,53.33533477783203,235405500,53.33533477783203,-0.004937755668348531,52.226399993896486,45.25780010223389,,45.25780010223389,60.34267301478995,30.172927189677818,0.6666198038119617,71.20551758439225,366370050.0,0.6425347814320521,-0.40303849855264307,0.07190297916659102,-0.02087059365089171,0.034971351163290795,0.17847828788300835,
2020-02-18 14:30:00,56.106666564941406,57.33333206176758,55.490665435791016,57.22666549682617,245725500,57.22666549682617,0.0729597130158357,53.3879997253418,46.417466735839845,,46.417466735839845,61.434980338931574,31.399953132748117,0.6470630415294254,73.50352206898715,368434500.0,0.6669448707979302,0.043839247596169084,0.07229096814974893,0.05196052108144326,0.03320678552879739,0.23286920896612245,
2020-02-19 14:30:00,61.56666564941406,62.98533248901367,60.06800079345703,61.16133117675781,381345000,61.16133117675781,0.06875580895325561,55.29519958496094,47.65153331756592,,47.65153331756592,63.274842645928096,32.028223989203745,0.6557316518754249,75.29359209842076,374149125.0,1.0192326388575679,0.5519146364540921,0.07219594928190831,0.07583877402097786,0.048567151511964654,0.28351234301649925,
2020-02-20 14:30:00,60.79666519165039,60.79999923706055,57.3293342590332,59.96066665649414,264523500,59.96066665649414,-0.019631105097986157,57.05679931640625,48.75103321075439,,48.75103321075439,64.5992251950373,32.90284122647148,0.6501684555389825,70.74642780545992,363848550.0,0.7270154024249925,-0.30634071510049954,0.07292028048889582,-0.005962361807553335,0.06053907694699039,0.22993632560113458,
2020-02-21 14:30:00,60.46533203125,60.87066650390625,58.6966667175293,60.06666564941406,214722000,60.06666564941406,0.0017678087791648256,58.35013275146484,49.84703311920166,,49.84703311920166,65.63911172989249,34.05495450851083,0.6336216068437396,70.35785151960769,359846400.0,0.5967045939600897,-0.1882687171461137,0.07296649352435311,0.008416607134257082,0.037037874686122595,0.2050198756217585,
2020-02-24 14:30:00,55.93333435058594,57.56666564941406,54.813331604003906,55.58599853515625,227883000,55.58599853515625,-0.07459490327646512,58.80026550292969,50.74359970092773,,50.74359970092773,65.63129575008998,35.85590365176549,0.5867812349501116,54.86479157502522,360475350.0,0.6321736007746438,0.06129320703048591,0.07591833802371067,-0.06881239792720947,0.050231101902388935,0.09542876072585733,
2020-02-25 14:30:00,56.599998474121094,57.106666564941406,52.46666717529297,53.32733154296875,259357500,53.32733154296875,-0.040633739641448896,58.020398712158205,51.549899673461915,,51.549899673461915,65.0296065278526,38.07019281907124,0.522977035446301,40.91562319534544,363237150.0,0.7140169996378399,0.13811692842379641,0.07686405335633613,0.01824200276484236,0.08843709043202683,0.03447983178950517,
2020-02-26 14:30:00,52.16666793823242,54.22066879272461,51.740665435791016,51.91999816894531,211282500,51.91999816894531,-0.026390470576789893,56.172132110595705,52.256233024597165,,52.256233024597165,64.07951531332644,40.43295073586789,0.4525118480378798,56.328569995091215,364959900.0,0.578919766253772,-0.1853619039356872,0.07758867465279493,-0.02176489186977447,0.047931415957748386,-0.006434349286018873,
2020-02-27 14:30:00,48.66666793823242,49.31800079345703,44.599998474121094,45.266666412353516,364158000,45.266666412353516,-0.1281458395846271,53.23333206176758,52.582933044433595,,52.582933044433595,63.12443037238029,42.0414357164869,0.4009474830564862,41.93934174015914,369816675.0,0.9846987024043737,0.7235596890419225,0.08422319946722805,-0.0626604457905931,0.10578480898544274,-0.13913766708102215,
2020-02-28 14:30:00,41.97999954223633,46.03466796875,40.768001556396484,44.53266525268555,363343500,44.53266525268555,-0.016215047800994142,50.126531982421874,52.67353286743164,,52.67353286743164,62.8840890859685,42.46297664889478,0.3876920974423611,40.983597685616125,366229575.0,0.9921194922611043,-0.0022366665019030174,0.0815622001190082,-0.07260677957103195,0.12918627873058391,-0.15455328647187894,
2020-03-02 14:30:00,47.41733169555664,49.5793342590332,45.77799987792969,49.574668884277344,302925000,49.574668884277344,0.11322034293215233,48.9242660522461,52.98369960784912,,52.98369960784912,62.34612635554926,43.62127286014898,0.35340781474282595,47.214503507736524,369586350.0,0.8196325432473358,-0.16628479661807627,0.08506269738520174,0.06477641583999139,0.08303845496177303,-0.06434112281330301,
2020-03-03 14:30:00,53.66666793823242,53.798667907714844,47.740665435791016,49.70066833496094,386760000,49.70066833496094,0.0025416095259802596,48.19893341064453,52.86873302459717,,52.86873302459717,62.337881794139896,43.39958425505444,0.3582135688834157,47.08554952120638,353625600.0,1.093699098707786,0.27675167120574407,0.07253059728441892,0.08254213585383845,0.12689396799614286,-0.05992321942275958,
2020-03-04 14:30:00,50.930667877197266,51.10133361816406,48.31533432006836,49.96666717529297,225735000,49.96666717529297,0.0053520173720666975,47.808267211914064,52.41019973754883,,52.41019973754883,61.48102380014295,43.33937567495471,0.34614728079715396,48.19276926344636,319208250.0,0.7071715721633135,-0.41634346881787154,0.06503179764987088,0.02474814893728722,0.05766283804722644,-0.04662322552656126,
2020-03-05 14:30:00,48.2513313293457,49.71666717529297,47.871334075927734,48.30266571044922,162790500,48.30266571044922,-0.033302230445070524,48.4154670715332,52.37633304595947,,52.37633304595947,61.505948324957274,43.246717766961666,0.3486160541627341,41.73049639984107,291029925.0,0.5593600039583558,-0.2788424480031896,0.05268791168578921,-0.03432960297170767,0.038547768408509146,-0.07777687170149288,
2020-03-06 14:30:00,46.0,47.133331298828125,45.61800003051758,46.89866638183594,189943500,46.89866638183594,-0.029066704869448956,48.888667297363284,52.22473297119141,,52.22473297119141,61.62211008834023,42.82735585404259,0.3598822466869355,40.29706384130772,270616500.0,0.7018917915204727,0.16679720253946018,0.05289340293237664,-0.047671607282558065,0.03321783654033099,-0.10198360597254703,
2020-03-09 13:30:00,40.35933303833008,44.20000076293945,40.33333206176758,40.53333282470703,256105500,40.53333282470703,-0.13572525720249962,47.08040008544922,51.75783290863037,,51.75783290863037,62.48179767913808,41.033868138122656,0.41439002245086437,26.58237358526148,270624150.0,0.946351240271794,0.34832463337782027,0.060780080969376,-0.13943537946824375,0.09586782205968879,-0.2168657274298613,
2020-03-10 13:30:00,43.96200180053711,44.53333282470703,40.53333282470703,43.02199935913086,233916000,43.02199935913086,0.061398023823663106,45.744666290283206,51.337999534606936,,51.337999534606936,62.7530477728708,39.92295129634307,0.4447017157561421,23.477924080348032,263803050.0,0.8867069580886195,-0.08664202838283441,0.06218324471620769,0.08458887382041622,0.09868421176463946,-0.16198527895248943,
2020-03-11 13:30:00,42.68000030517578,43.571998596191406,40.866668701171875,42.28200149536133,199837500,42.28200149536133,-0.017200452670558586,44.207733154296875,50.870833015441896,,50.870833015441896,62.98002438587389,38.7616416450099,0.47607600082963986,23.798516230216123,265021800.0,0.7540417429811435,-0.14568691325091054,0.06216641510287459,-0.007949399354971942,0.06619893377660985,-0.16883606992386813,
2020-03-12 13:30:00,38.72600173950195,39.633331298828125,36.41666793823242,37.369998931884766,283636500,37.369998931884766,-0.11617242301113506,42.021199798583986,50.18169956207275,,50.18169956207275,63.70905540110359,36.65434372304191,0.539135021614724,20.55593303545139,270186750.0,1.0497794580970385,0.41933571026459004,0.06670575307308468,-0.08410197318235979,0.08832942558203287,-0.25530623199280894,
2020-03-13 13:30:00,39.66666793823242,40.50466537475586,33.46666717529297,36.44133377075195,339604500,36.44133377075195,-0.0248505535904755,39.92973327636719,49.3237663269043,43.88627979278564,49.3237663269043,64.06069692846248,34.58683572534611,0.597559014609139,22.642663838187076,267450000.0,1.2697868760515985,0.19732298205625853,0.0651550029755825,0.06145756146618715,0.2102987477838471,-0.2611810393953118,-0.1696417663375866
2020-03-16 13:30:00,31.299999237060547,32.9913330078125,29.47800064086914,29.67133331298828,307342500,29.67133331298828,-0.18577806455584012,37.75733337402344,48.14056625366211,43.906026458740236,48.14056625366211,65.14655609966078,31.134576407663435,0.7065139099690175,20.056710559632904,271046850.0,1.1339091378483093,-0.0949987411827582,0.0751657593681118,-0.14108524583745818,0.11918489349892934,-0.3836521748281025,-0.3242081849317134
2020-03-17 13:30:00,29.333999633789062,31.456666946411133,26.399999618530273,28.68000030517578,359919000,28.68000030517578,-0.03341046380880208,34.88893356323242,46.71323299407959,43.88894645690918,46.71323299407959,65.23280075902002,28.193665229139157,0.7929045616383518,20.270181903430284,276756525.0,1.3004896632518421,0.17106810805534534,0.0714606593203825,-0.011369009799487333,0.1915404318540809,-0.3860412035961915,-0.3465324957541592
2020-03-18 13:30:00,25.933332443237305,26.99066734313965,23.367332458496094,24.08133316040039,356793000,24.08133316040039,-0.1603440409986845,31.248799896240236,44.85923309326172,43.76851978302002,44.85923309326172,64.66798921028058,25.05047697624287,0.8831517951203814,21.394882732374,275528925.0,1.2949384533765376,-0.008685287523025997,0.07290767878093586,-0.09576945023402927,0.1550598422425471,-0.46318000777374785,-0.44980243152424965
2020-03-19 13:30:00,24.979999542236328,30.133333206176758,23.8973331451416,28.50933265686035,452932500,28.50933265686035,0.1838768421567878,29.47666664123535,43.28666639328003,43.713293113708495,43.28666639328003,63.041180962650415,23.532151823909647,0.9127297717912112,30.327239993714713,284949375.0,1.5895191909089115,0.26945455768470783,0.08879127686076121,0.03731796640369207,0.2609496224185565,-0.3413830393442763,-0.3478109145723496
2020-03-20 13:30:00,29.213333129882812,31.799999237060547,28.38599967956543,28.50200080871582,424282500,28.50200080871582,-0.0002571736151377735,27.888800048828124,41.70843315124512,43.62714645385742,41.70843315124512,60.85246108343782,22.56440521905242,0.917993148425006,20.47818714966361,295427400.0,1.4361650273468203,-0.06325445844579491,0.0887510694686955,0.024693684748634533,0.12027054167667006,-0.3166369806949952,-0.34669115160073155
2020-03-23 13:30:00,28.906667709350586,29.46666717529297,27.366666793823242,28.952667236328125,246817500,28.952667236328125,0.015811747064244486,27.745066833496093,40.37676658630371,43.564413146972655,40.37676658630371,59.158065248108095,21.595467924499324,0.9303022628946831,21.195064774725807,296374125.0,0.8327903119072895,-0.4182708454862032,0.08881180241197387,0.014197841876105056,0.07673570176780552,-0.2829374493263851,-0.33540554905098996
2020-03-24 13:30:00,31.81999969482422,34.24599838256836,31.600000381469727,33.66666793823242,343428000,33.66666793823242,0.16281749323562988,28.74240036010742,39.39373340606689,43.6002131652832,39.39373340606689,57.361440161680136,21.426026650453654,0.9122114205527978,29.85797646752701,300577650.0,1.1425600007186163,0.39142483819016083,0.09844927542055944,0.09903517472470832,0.08373411294799378,-0.14538011436490214,-0.2278324922264461
2020-03-25 13:30:00,36.349998474121094,37.133331298828125,34.07400131225586,35.95000076293945,318340500,35.95000076293945,0.06782176450892674,31.116133880615234,38.5952335357666,43.619399871826175,38.5952335357666,55.61338331159706,21.577083759936144,0.881878315883725,34.965841640745225,305930550.0,1.0405645987300058,-0.07305024633984414,0.10026844388255868,0.07970288419429347,0.0897848761152649,-0.06853780973694032,-0.1758254155587408
2020-03-26 13:30:00,36.49266815185547,37.33333206176758,34.150001525878906,35.21066665649414,260710500,35.21066665649414,-0.020565621439638027,32.45640068054199,38.092433547973634,43.60638656616211,38.092433547973634,54.87321123081071,21.311655865136554,0.8810556911100654,35.54085681189743,300758175.0,0.8668442678241415,-0.18103257361221714,0.0966065056213445,0.015095059176617508,0.09321611694442651,-0.07565195034993484,-0.1925341806739593
2020-03-27 13:30:00,33.66666793823242,35.0533332824707,32.935333251953125,34.29066848754883,215661000,34.29066848754883,-0.026128393930185068,33.61413421630859,37.5803337097168,43.600866622924805,37.5803337097168,54.15746305025387,21.003204369179723,0.8822236368939361,41.07476696169889,293374050.0,0.7351059168321125,-0.17279511181943186,0.09667626710280838,-0.04385031198995912,0.0643078366420348,-0.08753688159286863,-0.2135324101672967
2020-03-30 13:30:00,34.017333984375,34.44333267211914,32.7486686706543,33.47533416748047,179971500,33.47533416748047,-0.02377714859552571,34.51866760253906,36.775366973876956,43.585719985961916,36.775366973876956,52.43848689980916,21.112247047944745,0.8518267098222766,35.665092802248125,287226375.0,0.6265841707607805,-0.16548889228928731,0.09235497092828927,-0.00797110453746557,0.05174756929839449,-0.08973487086452829,-0.2319655571076444
2020-03-31 13:30:00,33.41666793823242,36.19733428955078,33.133331298828125,34.93333435058594,266572500,34.93333435058594,0.04355446239344318,34.77200088500977,36.037000274658205,43.60372001647949,36.037000274658205,50.479330301552764,21.594670247763645,0.8015278695130814,39.19843135759675,281217000.0,0.9479245564812938,0.4811928555354599,0.09322432699117209,-0.0017525210937263185,0.09247494503611912,-0.03062590991649165,-0.19884509079997506
2020-04-01 13:30:00,33.599998474121094,34.26333236694336,31.67333221435547,32.104000091552734,200298000,32.104000091552734,-0.08099239055277141,34.00280075073242,35.14386692047119,43.51620002746582,35.14386692047119,48.09103393908721,22.196699901855165,0.7368094722140175,41.754870745377126,279945150.0,0.7154901594115848,-0.24861716793742794,0.09430822551199991,-0.038168010619418005,0.08177226617835971,-0.08649779023456701,-0.2622517574767587
2020-04-02 13:30:00,32.068668365478516,32.95066833496094,29.760000228881836,30.29800033569336,297876000,30.29800033569336,-0.05625466454987249,33.020267486572266,34.2436336517334,43.36274665832519,34.2436336517334,45.76348767298687,22.72377963047992,0.6728172680746072,40.638396966781976,286699425.0,1.0389835975429669,0.48716412545307497,0.09464821347281911,-0.0011005396827018855,0.10721330919152966,-0.11522239012857538,-0.3012896398278207
2020-04-03 13:30:00,33.96666717529297,34.36600112915039,31.22599983215332,32.000667572021484,338431500,32.000667572021484,0.05619734693587186,32.5622673034668,33.49873371124268,43.23982666015625,33.49873371124268,43.3837776953326,23.613689727152764,0.590174188033403,54.19790639884405,294123825.0,1.1506429307452397,0.1361489344559481,0.09606923121372843,0.12108610465878303,0.10055727002738982,-0.0447200826196729,-0.259926090279432
2020-04-06 13:30:00,34.08000183105469,34.733333587646484,33.19733428955078,34.41600036621094,223527000,34.41600036621094,0.0754775752334993,32.75040054321289,33.19286708831787,43.17505332946777,33.19286708831787,42.524495871557534,23.861238305078203,0.5622671134982434,59.83269371411951,292494900.0,0.7642081964506048,-0.3395207006440003,0.09361912523351504,0.06497784005141151,0.046268754132441754,0.03684928073970288,-0.20287300855002346
2020-04-07 13:30:00,36.33333206176758,37.66666793823242,35.48933410644531,36.36333465576172,268797000,36.36333465576172,0.05658223700690801,33.036400604248044,32.859933853149414,43.158293380737305,32.859933853149414,41.129723991406536,24.590143714892296,0.5033357751244842,73.159022526375,294238950.0,0.9135330315717889,0.20252586935806405,0.09344827088532885,0.05571047405726568,0.061351780375943375,0.1066161854819597,-0.15744271130072898
2020-04-08 13:30:00,36.9466667175293,37.14733123779297,35.55533218383789,36.589332580566406,189840000,36.589332580566406,0.006214994497730331,33.933467102050784,32.57530040740967,43.13421340942383,32.57530040740967,39.80626481373508,25.344336001084255,0.4439538126058625,68.10468582295145,293739075.0,0.6462878661955342,-0.2937421176575632,0.09342322993804823,0.016041764796594363,0.04477525468539261,0.123223182072135,-0.15173293567995186
2020-04-09 13:30:00,37.4726676940918,38.345333099365234,37.14066696166992,38.20000076293945,204750000,38.20000076293945,0.04402015748241661,35.5138671875,32.616800498962405,43.123560104370114,32.616800498962405,39.972087815447985,25.26151318247683,0.45101219028025524,70.27343314204292,289794750.0,0.7065345386691788,0.07853982300884965,0.09001541964244633,0.024141875547480034,0.032435231681180024,0.1711755959679325,-0.11417330409442959
2020-04-13 13:30:00,39.34400177001953,43.46666717529297,38.70199966430664,43.39666748046875,337131000,43.39666748046875,0.13603839302984921,37.793067169189456,32.96456718444824,43.137080078125,32.96456718444824,41.62343350995862,24.30570085893786,0.5253438503870539,75.19536614916818,289671075.0,1.1638407459219047,0.6465494505494505,0.0942946732954373,0.029947669744288464,0.12311166224779328,0.3164640457024438,0.006017732351693997
2020-04-14 13:30:00,46.597999572753906,49.45866775512695,46.1619987487793,47.32600021362305,458647500,47.32600021362305,0.09054457315006381,40.375067138671874,33.84730052947998,43.21617340087891,33.84730052947998,44.46958935861307,23.22501170034689,0.6276594388897512,74.49723605713973,297236325.0,1.5430398690335039,0.36044297320626106,0.0832232084518091,0.07376907670908045,0.0714152137191597,0.3982208174150705,0.09509927625060285
2020-04-15 13:30:00,49.46666717529297,50.20866775512695,47.33333206176758,48.65533447265625,353655000,48.65533447265625,0.028088878270565276,42.83346710205078,34.846067237854,43.149280090332034,34.846067237854,47.059804316322456,22.632330159385546,0.7010109344678311,73.59364097521859,296923125.0,1.1910658693222362,-0.22891763282259248,0.08200630549207484,0.045232365972345985,0.060746530364843294,0.39629342216848384,0.12760477975061035
2020-04-16 13:30:00,47.79600143432617,50.630001068115234,47.11466598510742,49.680667877197266,309868500,49.680667877197266,0.021073401625000487,45.451734161376955,36.12603397369385,42.960146789550784,36.12603397369385,48.940520867975636,23.311547079412062,0.7094322561736505,76.5881876632487,294576900.0,1.051910384011781,-0.12381134156169149,0.06882546894407385,-0.017661640756226095,0.07461233162767157,0.375204040204734,0.15643617608124927
2020-04-17 13:30:00,51.48533248901367,51.663333892822266,49.84400177001953,50.259334564208984,196923000,50.259334564208984,0.011647723586206471,47.86360092163086,37.21353406906128,42.98573348999023,37.21353406906128,50.96382991821294,23.463238219909627,0.7389943574632662,79.71467146331318,281776425.0,0.6988625822760013,-0.3644949389821811,0.05994741149802418,0.03632528886844378,0.036500522795042456,0.35056601909770685,0.169209653614786
2020-04-20 13:30:00,48.8466682434082,51.03799819946289,47.48066711425781,49.75733184814453,221199000,49.75733184814453,-0.009988248360573104,49.13573379516602,38.27630062103272,42.98226676940918,38.27630062103272,52.470088119036575,24.08251312302886,0.741648867195092,80.65519317773087,271622250.0,0.814362593638776,0.12327661065492612,0.060248032076785855,-0.02810754127665627,0.07492167447109982,0.2999514331539924,0.15762465751474095
2020-04-21 13:30:00,48.67466735839844,50.22200012207031,44.919334411621094,45.781333923339844,303136500,45.781333923339844,-0.07990777996173748,48.82680053710938,39.1177339553833,42.900466766357425,39.1177339553833,52.97556321549216,25.25990469527444,0.7085190198345717,68.65541378292387,274438200.0,1.1045710837631204,0.3704243690070932,0.06503829002378085,-0.021758893604872157,0.11804862605171114,0.17034728994161258,0.06715234994229938
2020-04-22 13:30:00,46.93199920654297,48.93333435058594,45.91400146484375,48.807334899902344,212482500,48.807334899902344,0.06609682849410836,48.857200622558594,39.8747673034668,42.84824012756348,39.8747673034668,54.12737228789012,25.622162319043476,0.7148683715671073,78.53189727242693,267890925.0,0.7931679656561714,-0.2990533967371135,0.05740941926959982,0.025133939634216354,0.06576061308997613,0.22401554166960444,0.13907443466984984
2020-04-23 13:30:00,48.50666809082031,48.93333435058594,46.87533187866211,47.04199981689453,198550500,47.04199981689453,-0.03616946277907396,48.32946701049805,40.429367256164554,42.75657348632812,40.429367256164554,54.90048814791805,25.95824636441106,0.7158717473891199,78.64114806310354,261901425.0,0.7581115681214793,-0.0655677526384526,0.05758659342413204,-0.006160279181370193,0.04390374189245242,0.16356012991327987,0.10022847906501957
2020-04-24 13:30:00,47.387332916259766,48.71533203125,46.54533386230469,48.34333419799805,198180000,48.34333419799805,0.02766324531628772,47.94626693725586,41.08600063323975,42.70038681030273,41.08600063323975,55.750573434255884,26.421427832223614,0.7138476646545187,78.34381175207788,258774900.0,0.7658393453151755,-0.0018660240090052627,0.05702205871567634,0.007340952780693911,0.04662117529041321,0.1766376248090428,0.13215213746807997
2020-04-27 13:30:00,49.17399978637695,53.29933166503906,49.0,53.25,310221000,53.25,0.10149622245552825,48.64480056762695,42.03396720886231,42.69338684082031,42.03396720886231,57.288299345059706,26.77963507266491,0.7258097747662144,80.06640500255403,263502900.0,1.1772963409510864,0.5653496821071753,0.05898998492597466,0.017182629253017164,0.0877414625518176,0.2668326007727612,0.24726576972071526
2020-04-28 13:30:00,53.042667388916016,53.66666793823242,50.44599914550781,51.27466583251953,228330000,51.27466583251953,-0.037095477323576875,49.74346694946289,42.923933792114255,42.65217346191406,42.923933792114255,58.152709072082324,27.695158512146186,0.7095703461720376,73.78303564453351,265920825.0,0.8586390328775492,-0.26397632655429515,0.05962801032382916,-0.0038935701612015845,0.06384388945166543,0.19454722115752182,0.20215833498625482
2020-04-29 13:30:00,52.678001403808594,53.54666519165039,52.21066665649414,53.367332458496094,243240000,53.367332458496094,0.040812876924676944,50.65546646118164,43.84563369750977,42.57498680114746,43.84563369750977,59.268264816231664,28.423002578787877,0.703496782604277,75.25640268825738,264754200.0,0.9187389661807065,0.065300223360925,0.05958192287233063,0.027368985219188614,0.025588612839328187,0.2171641269157233,0.25349028780104665
2020-04-30 13:30:00,57.01266860961914,57.987998962402344,50.900001525878906,52.12533187866211,427078500,52.12533187866211,-0.023272674923369818,51.672132873535155,44.846700286865236,42.394266815185546,44.846700286865236,59.64690029527738,30.046500278453088,0.6600351826886515,71.19747640048415,276093225.0,1.5468633828302016,0.755790577207696,0.05553630583512039,0.06830650855479864,0.13925338357641723,0.16230027059379104,0.22953728875412263
2020-05-01 13:30:00,50.33333206176758,51.518001556396484,45.5359992980957,46.75466537475586,487977000,46.75466537475586,-0.1030337133662409,51.35439910888672,45.66953353881836,42.13014678955078,45.66953353881836,58.79967315943128,32.539393918205434,0.5750065132350222,55.08469044800525,285598275.0,1.7086132610569864,0.14259322349404147,0.05998787883099359,-0.03437867448145879,0.1313686391099129,0.023760519362764205,0.10976744534752168
2020-05-04 13:30:00,46.733333587646484,50.79999923706055,46.53333282470703,50.74599838256836,288556500,50.74599838256836,0.08536758793631605,50.85359878540039,46.6068000793457,41.94373344421387,46.6068000793457,58.21683129378743,34.99676886490398,0.4982119001809281,55.168866282368114,283104525.0,1.0192578165255395,-0.4086678265573992,0.0611645960528522,-0.0004562493804285171,0.09169053994963616,0.08881103822137289,0.20985888035126166
2020-05-05 13:30:00,52.65266799926758,53.26133346557617,50.8120002746582,51.2140007019043,254875500,51.2140007019043,0.009222447764407393,50.84146575927734,47.44670009613037,41.856293487548825,47.44670009613037,57.693835531212166,37.199564661048576,0.43194301876928737,53.970452834982375,284671950.0,0.8953305726117379,-0.11672237499415195,0.06007604285147625,0.037572807265019235,0.048203833300763416,0.07940068746912025,0.22356750764706745
2020-05-06 13:30:00,51.766666412353516,52.6533317565918,50.740665435791016,52.172000885009766,166848000,52.172000885009766,0.018705825945557253,50.60239944458008,48.23713340759277,41.83318687438965,48.23713340759277,57.248935711490574,39.22533110369497,0.3736458478056782,53.87406305389264,279574500.0,0.5967926259369148,-0.3453745063766427,0.05951526214449696,0.010791301262833562,0.037694939638131766,0.08157341034692632,0.24714382965046253
2020-05-07 13:30:00,51.81399917602539,53.09333419799805,51.4900016784668,52.00266647338867,172915500,52.00266647338867,-0.003245695176505081,50.57786636352539,49.00780010223389,41.83484024047851,49.00780010223389,56.29714619535967,41.7184540091081,0.29747697623315766,52.7458651358212,278728275.0,0.6203730138250236,0.03636543440736473,0.05966696260580985,-0.006861950910670119,0.03113871561984754,0.061109994019467775,0.24304685220411057
2020-05-08 13:30:00,52.917999267578125,54.93333435058594,52.46733474731445,54.62799835205078,241297500,54.62799835205078,0.05048456274844226,52.152532958984374,49.829199981689456,42.02206687927246,49.829199981689456,55.51710658540668,44.14129337797223,0.2282961237911641,57.19066072828856,280555650.0,0.8600700075011856,0.3954648368711886,0.05982463340362703,0.017601651151058887,0.04700066460680485,0.09630494513507584,0.29998361358556225
2020-05-11 13:30:00,52.70066833496094,54.93333435058594,52.33333206176758,54.08599853515625,247794000,54.08599853515625,-0.0099216488475673,52.820532989501956,50.36366653442383,42.213133544921874,50.36366653442383,55.487462555377085,45.23987051347057,0.20347192226170094,63.64372584322166,276088800.0,0.8975155819432009,0.026923196469089028,0.05345242891457181,-0.03528099281011804,0.04968157360493784,0.07390907487222338,0.28125997748069687
2020-05-12 13:30:00,55.133331298828125,56.21933364868164,53.866668701171875,53.96066665649414,238603500,53.96066665649414,-0.002317270311292141,53.36986618041992,50.695399856567384,42.30085350036621,50.695399856567384,55.85012503004373,45.54067468309104,0.20336066736077119,59.35834952385795,265086600.0,0.9000964213204289,-0.03708927576938914,0.05024687832683283,0.01936421240316201,0.04367570900961587,0.06440952846146167,0.2756401394129551
2020-05-13 13:30:00,54.72200012207031,55.06666564941406,50.88666534423828,52.73066711425781,285982500,52.73066711425781,-0.02279437261341355,53.48159942626953,50.89916648864746,42.361453475952146,50.89916648864746,56.03650533282381,45.76182764447111,0.20186337807013713,60.53534903673175,261702975.0,1.0927751203439702,0.19856791706743615,0.050452510745423826,0.01410904484228691,0.0821433331679115,0.035982919799263324,0.24477945838643347
2020-05-14 13:30:00,52.0,53.557334899902344,50.93333435058594,53.55533218383789,205233000,53.55533218383789,0.01563919280204029,53.79213256835938,51.09289970397949,42.43322677612305,51.09289970397949,56.328064519344856,45.857734888614125,0.20492729305624485,59.826048758933595,256471200.0,0.8002185040659536,-0.2823581862526553,0.05037733632591563,-0.013856587717249794,0.05151833436340143,0.04819519921799638,0.26210840543413944
2020-05-15 13:30:00,52.689998626708984,53.66999816894531,52.436668395996094,53.27799987792969,157776000,53.27799987792969,-0.005178425650618879,53.522132873535156,51.243832969665526,42.53273345947266,51.243832969665526,56.551369428093615,45.93629651123744,0.20714830061872835,50.06395002767103,254513850.0,0.6199112543384181,-0.23123474295069502,0.05040043354919865,-0.016157747918703967,0.02352036867855991,0.03969583831616019,0.252635218676826
2020-05-18 13:30:00,55.185333251953125,55.64799880981445,53.59199905395508,54.242000579833984,174987000,54.242000579833984,0.018093785504579962,53.5533332824707,51.46806640625,42.679600143432616,51.46806640625,56.88890225607517,46.047230556424836,0.21064851385856181,57.105460415463575,252203250.0,0.6938332475889981,0.10908503194402197,0.05037762855134422,0.03579964297446434,0.0383639310373447,0.0538962189037498,0.2709116392267923
2020-05-19 13:30:00,54.34466552734375,54.80466842651367,53.73866653442383,53.867332458496094,144547500,53.867332458496094,-0.006907343337870575,53.53466644287109,51.87236633300781,42.9462801361084,51.87236633300781,56.678706966791445,47.06602569922418,0.18531410743547388,51.30462011817545,244273800.0,0.5917437727664613,-0.17395292221707903,0.046344526494946296,0.0018927205193816957,0.019836776028057675,0.038459130872902376,0.2542956523306773
2020-05-20 13:30:00,54.70000076293945,55.06666564941406,54.119998931884766,54.37066650390625,109639500,54.37066650390625,0.00934395713390801,53.862666320800784,52.15053291320801,43.173253479003904,52.15053291320801,56.85280284655967,47.44826297985635,0.18033449212024172,56.09350480698655,239131650.0,0.4584901245820033,-0.2414984693612826,0.04437175994604152,0.01545776013848313,0.01749199438678423,0.04257163765503828,0.25935995373496445
2020-05-21 13:30:00,54.400001525878906,55.5,53.06666564941406,55.17333221435547,183819000,55.17333221435547,0.01476284478490908,54.186266326904295,52.55709953308106,43.43108009338379,52.55709953308106,56.7814189460934,48.33278012006871,0.16075161873624433,80.37914063035564,238395075.0,0.7710687815174034,0.6765764163462986,0.04325074784567668,0.000539537656220357,0.045854291405113094,0.04977886345550089,0.2703651876887232
2020-05-22 13:30:00,54.81133270263672,55.45199966430664,54.133331298828125,54.45866775512695,149812500,54.45866775512695,-0.012953077701596039,54.42239990234375,52.8628662109375,43.772853469848634,52.8628662109375,56.66739072146376,49.05834170041123,0.14393939576961853,67.5468069179478,235976700.0,0.6348614079271385,-0.18499991839798935,0.04327648135020994,-0.006561131930772923,0.02435963820883608,0.030187571325053873,0.24411966408904232
2020-05-26 13:30:00,55.633331298828125,55.63999938964844,54.38066864013672,54.591331481933594,121345500,54.591331481933594,0.0024360442933191173,54.49226608276367,52.92993278503418,44.135853424072266,52.92993278503418,56.80973726147941,49.05012830858895,0.14660152667120846,66.48444682935622,226532925.0,0.5356638554859079,-0.19001752190237797,0.037103857727096845,0.02156981784760213,0.023157691529049073,0.03138864172843174,0.23689307550941735
2020-05-27 13:30:00,54.7239990234375,55.180667877197266,52.33333206176758,54.68199920654297,173242500,54.68199920654297,0.0016608447192643094,54.655199432373045,53.10029945373535,44.63606674194336,53.10029945373535,56.97329707447105,49.22730183299966,0.14587479394951883,63.38428866960805,223778550.0,0.7741693741424278,0.42767964201391884,0.03595388647652584,0.0024301942799803506,0.054407692062662015,0.029787021336587786,0.22506312042856827
2020-05-28 13:30:00,54.23400115966797,54.983333587646484,53.44599914550781,53.72066879272461,108834000,53.72066879272461,-0.017580381620416863,54.52519989013672,53.11796627044678,45.13688011169434,53.11796627044678,56.999307177413364,49.236625363480194,0.14614041837388814,58.44753928869935,217058250.0,0.5014045768820121,-0.37178232823931767,0.0351559870560183,-0.00819278836501272,0.028764256758550773,0.011346490925673034,0.19017239693547916
2020-05-29 13:30:00,53.91666793823242,55.66666793823242,53.61399841308594,55.66666793823242,176467500,55.66666793823242,0.03622440280883765,54.62386703491211,53.295033073425294,45.768586807250976,53.295033073425294,57.306630431420885,49.283435715429704,0.15054301035778542,55.47283311538294,204527700.0,0.8628048914645792,0.6214372346876895,0.03551602754091712,0.003648486698184157,0.038286074269839855,0.04450011057390083,0.21626363891605505
2020-06-01 13:30:00,57.20000076293945,59.93333435058594,56.939998626708984,59.87333297729492,224092500,59.87333297729492,0.07556883131087,55.706800079345705,53.95096645355225,46.395866813659666,53.95096645355225,57.74386803638115,50.158064870723344,0.1406055102310098,71.99840266292446,191333475.0,1.1712142896061444,0.2698797228951506,0.0290850513501194,0.02754490041344693,0.052569999930995114,0.10977313129026872,0.2904885087666318
2020-06-02 13:30:00,59.64666748046875,60.57733154296875,58.06666564941406,58.770668029785156,203484000,58.770668029785156,-0.018416628784101885,56.542667388916016,54.352199935913085,47.00124015808105,54.352199935913085,58.406357601204384,50.298042270621785,0.149180996172062,67.01893754010389,187079850.0,1.087685285187047,-0.09196425583185519,0.024332220032017043,-0.0037857504427242696,0.04323764530777775,0.08129327054069396,0.2504067516542019
2020-06-03 13:30:00,59.20800018310547,59.862667083740234,58.67333221435547,58.86399841308594,119242500,58.86399841308594,0.0015880436011630472,57.37906723022461,54.73469982147217,47.59946678161621,54.73469982147217,58.98115546052662,50.488244182417716,0.1551650288721813,73.5994445863313,180298200.0,0.6613626758337021,-0.4139956949932181,0.02436597155631908,0.00744133371257021,0.02027045038177964,0.0754420615273725,0.2366524751873964
2020-06-04 13:30:00,59.32533264160156,59.71666717529297,57.229331970214844,57.62533187866211,133315500,57.62533187866211,-0.021042854169221026,58.15999984741211,55.00736637115479,48.0786400604248,55.00736637115479,59.261286371478064,50.75344637083151,0.15466728480038563,65.17676539218515,178621575.0,0.7463572079688582,0.11802000125794065,0.02499613833521968,0.007837290040648457,0.04346259373379834,0.04759299854210347,0.1985640984486897
2020-06-05 13:30:00,58.522666931152344,59.10133361816406,57.746665954589844,59.04399871826172,117178500,59.04399871826172,0.024618805538279664,58.83546600341797,55.359432983398435,48.54052001953125,55.359432983398435,59.730206231725965,50.988659735070904,0.15790527513669686,69.81444562832705,175834725.0,0.6664127350271682,-0.1210436895934831,0.0252714156479915,0.01557188519763659,0.023458803052621022,0.06655714367537394,0.2163857885021459
2020-06-08 13:30:00,61.266666412353516,63.33333206176758,60.61066818237305,63.327999114990234,212620500,63.327999114990234,0.0725560681818036,59.52639923095703,55.79443302154541,49.102866668701175,55.79443302154541,61.41246654441225,50.17639949867857,0.2013833000398945,75.42250950472942,174400875.0,1.2191481264070492,0.8145009536732422,0.02765515579021371,0.03764426092984702,0.04492053892562668,0.13502361589615378,0.2897006511303412
2020-06-09 13:30:00,62.66733169555664,63.62933349609375,61.595333099365234,62.711334228515625,170823000,62.711334228515625,-0.009737634144336038,60.31453247070313,56.22569980621338,49.671279983520506,56.22569980621338,62.56896612862271,49.88243348380404,0.2256358335875565,74.41477876337315,170552325.0,1.0015870496048647,-0.19658264372438217,0.02764899033860211,-0.010432469502691244,0.033021988751116546,0.11534999910460046,0.26252704277645816
2020-06-10 13:30:00,66.12533569335938,68.49866485595703,65.5,68.336669921875,278451000,68.336669921875,0.08970205725269786,62.209066772460936,56.94449996948242,50.3685066986084,56.94449996948242,65.18225170357536,48.706748235389476,0.28932563244940956,80.05511726991372,172544700.0,1.6137905134147847,0.6300556716601395,0.03301600970743948,0.05443994306361546,0.04578114283903865,0.20005742360540257,0.3567340864557144
2020-06-11 13:30:00,66.01333618164062,67.9306640625,64.80000305175781,64.85600280761719,238747500,64.85600280761719,-0.0509341048991272,63.65520095825195,57.55076675415039,50.96696006774902,57.55076675415039,66.25432841224041,48.847205096060364,0.30246553257128755,68.6837668593449,170182950.0,1.4028873045155228,-0.14258702608358387,0.03512600149028827,-0.03399834587916701,0.04831266764357448,0.12693551216569965,0.27251071520463127
2020-06-12 13:30:00,65.33333587646484,65.8653335571289,60.84000015258789,62.35200119018555,251451000,62.35200119018555,-0.03860863311078977,64.31680145263672,57.990600204467775,51.57192008972168,57.990600204467775,66.7330100459196,49.24819036301595,0.30151127288309326,64.24721306310227,172493850.0,1.457738928083523,0.053208934124964635,0.03680118906282679,0.007359890344515567,0.08259916817780051,0.07520875745965734,0.20903005127032967
2020-06-15 13:30:00,61.18600082397461,66.5893325805664,60.56666564941406,66.05999755859375,235458000,66.05999755859375,0.059468762792361796,64.86320114135742,58.629700088500975,52.287160034179685,58.629700088500975,67.78081523833528,49.47858493866667,0.3121665345727774,68.3342261264439,176377950.0,1.3349627887159363,-0.06360284906403235,0.03836461358525857,-0.01870028778474027,0.09943864114980562,0.12673265356767666,0.2634076418648646
2020-06-16 13:30:00,67.4566650390625,67.52532958984375,64.15933227539062,65.47533416748047,210766500,65.47533416748047,-0.008850490655781473,65.41600112915039,59.1913667678833,52.956653366088865,59.1913667678833,68.58431176984162,49.798421765924985,0.31737550642452284,66.98632860762447,178166925.0,1.182972092042336,-0.10486583594526411,0.03859299895673522,0.021142408902300323,0.052463097652034156,0.10616357997340231,0.23639486269742305
2020-06-17 13:30:00,65.84733581542969,67.0,65.50466918945312,66.11933135986328,148362000,66.11933135986328,0.009835722116904755,64.97253341674805,59.80396671295166,53.59071998596191,59.80396671295166,69.33205265651712,50.275880769386205,0.3186439451181747,69.70962484198571,178357650.0,0.8318230252529117,-0.2960835806449317,0.03838466616967791,0.0056815540184593704,0.022827850732625905,0.10560109962645518,0.2337832254760384
2020-06-18 13:30:00,66.86666870117188,67.94667053222656,66.2979965209961,66.9306640625,146278500,66.9306640625,0.012270733625858066,65.38746566772461,60.431966590881345,54.202066574096676,60.431966590881345,70.10675629695665,50.757176884806036,0.32018781621232717,68.57601669280999,180189600.0,0.8118032339269303,-0.014043353419339155,0.03838367110068333,0.011302856909443179,0.024867629457073347,0.10753741501768788,0.23483601812493174
2020-06-19 13:30:00,67.51866912841797,67.73133087158203,66.0893325805664,66.72666931152344,130195500,66.72666931152344,-0.0030478518902198326,66.26239929199218,61.009633445739745,54.80481330871582,61.009633445739745,70.7418745707833,51.277392320696194,0.319039488532549,63.021243366566765,177508425.0,0.7334609610783263,-0.10994780504311985,0.03850134395065502,0.008785286597020587,0.02484513350189975,0.09370710071333675,0.21753301002325715
2020-06-22 13:30:00,66.663330078125,67.2586669921875,66.00133514404297,66.28800201416016,95436000,66.28800201416016,-0.0065740925163715325,66.30800018310546,61.60110015869141,55.366573333740234,61.60110015869141,71.09184715458005,52.110353162802774,0.30813563301432606,64.65253845854139,174789600.0,0.546005025470623,-0.26697927347719386,0.03832513459075927,-0.0009492341525804145,0.01905009717455713,0.07608471023073869,0.19725672048706028
2020-06-23 13:30:00,66.59200286865234,67.46666717529297,66.267333984375,66.78533172607422,95479500,66.78533172607422,0.0075025599927995845,66.56999969482422,62.21080017089844,55.83434661865235,62.21080017089844,71.366270678337,53.05532966345987,0.29433701165352955,65.2006025983761,173496300.0,0.550325857093206,0.00045580284169499663,0.03828535537192704,0.004586061508193416,0.0180984071458308,0.07353275544775421,0.1961334871923355
2020-06-24 13:30:00,66.27400207519531,66.72533416748047,63.542667388916016,64.0566635131836,164394000,64.0566635131836,-0.040857298187609414,66.15746612548828,62.67953338623047,56.168959884643556,62.67953338623047,71.146033215858,54.21303355660294,0.2701519737697174,61.673809014383714,173053875.0,0.9499585028072906,0.7217727365560147,0.039963819826366376,-0.007656316704035682,0.050087081788442796,0.021970969669912323,0.14042815898210206
2020-06-25 13:30:00,63.61800003051758,65.73200225830078,62.47666549682617,65.73200225830078,138817500,65.73200225830078,0.02615401198303724,65.91773376464843,63.28010005950928,56.510493240356446,63.28010005950928,70.71161753312714,55.84858258589142,0.2348769191777251,62.027633330131856,174553050.0,0.7952739869054136,-0.15558049563852694,0.03964630029112871,-0.006848053873048409,0.05210484163307309,0.03874681292358429,0.16318224260974737
2020-06-26 13:30:00,66.31866455078125,66.33333587646484,63.65800094604492,63.982666015625,132823500,63.982666015625,-0.026613159231048233,65.36893310546876,63.695899963378906,56.796533203125,63.695899963378906,70.20745820310695,57.18434172365085,0.2044576885944553,51.29544692492421,172370850.0,0.7705682254279074,-0.04317899400291747,0.04001946578294315,0.00892506347479144,0.04202668777939595,0.0045021116337309935,0.12652414517625188
2020-06-29 13:30:00,64.60066986083984,67.33333587646484,63.23466873168945,67.29000091552734,135396000,67.29000091552734,0.05169110801188981,65.56933288574218,64.06673336029053,57.13714653015137,64.06673336029053,70.50603785028082,57.627428870300236,0.20101866139413516,58.18827876891272,167936025.0,0.806235588820207,0.019367807654518954,0.03820410486133282,0.00965892613890023,0.06481677261829921,0.05031109573060648,0.17769270959336927
2020-06-30 13:30:00,67.0999984741211,72.51266479492188,66.91533660888672,71.98733520507812,253777500,71.98733520507812,0.0698073149894527,66.60973358154297,64.72756671905518,57.58174659729004,64.72756671905518,71.5780090717779,57.87712436633245,0.21167001016604006,56.752822425749294,170450700.0,1.4888615887174415,0.8743352831693698,0.04021200565031665,-0.00282363558955468,0.08364791196898501,0.11215883516112066,0.2501763051499041
2020-07-01 13:30:00,72.19999694824219,75.68866729736328,72.03333282470703,74.64199829101562,199903500,74.64199829101562,0.03687680726581788,68.72680053710937,65.51646671295165,58.15895988464356,65.51646671295165,73.11671488260913,57.91621854329418,0.23201031896169141,68.67224386896427,174483750.0,1.1456854864708033,-0.21228832343292847,0.04055252678289592,0.0029541549573717366,0.050745041626096894,0.13928607624775932,0.2834135692774707
2020-07-02 13:30:00,81.43199920654297,81.86666870117188,79.04000091552734,80.57733154296875,258751500,80.57733154296875,0.0795173412803385,71.69586639404297,66.664066696167,58.79435981750488,66.664066696167,75.98408300705631,57.34405038527768,0.2796113940473179,80.74864424126102,180755550.0,1.4314996137048075,0.29438203933397866,0.042341848063707076,0.09096756612884828,0.035762496873772615,0.20870711218704766,0.37049424116662305
2020-07-06 13:30:00,85.11266326904297,91.85266876220703,84.40266418457031,91.43866729736328,308548500,91.43866729736328,0.1347939370342961,77.18706665039062,68.28380012512207,59.68229316711426,68.28380012512207,82.16936639495258,54.398233855291565,0.4067016259899663,84.49188944704235,190324050.0,1.6211745178814763,0.19245105825473474,0.049795069589782706,0.056285454472461686,0.08826741015360813,0.3390975184423337,0.5320903813351999
2020-07-07 13:30:00,93.6673355102539,95.30000305175781,89.11399841308594,92.65733337402344,322345500,92.65733337402344,0.013327688522591696,82.26053314208984,69.75026683807373,60.56857315063476,69.75026683807373,87.17584502822544,52.324688647922024,0.49965624448736357,86.3169146067063,195810300.0,1.6462131971607215,0.044715822634042945,0.04845134107364443,0.024373367184397827,0.06941675549105977,0.3284154681318826,0.5297922429769568
2020-07-08 13:30:00,93.66666412353516,94.48400115966797,87.42266845703125,91.05867004394531,244669500,91.05867004394531,-0.01725350030984496,86.07480010986328,71.16763362884521,61.32474655151367,71.16763362884521,90.67020611773358,51.66506113995684,0.5480742156075769,82.49171368358944,199502625.0,1.2263973970267308,-0.24097125599705904,0.048724840331722856,0.010893155595547125,0.08077233087557154,0.27949554314024566,0.48486011218089126
2020-07-09 13:30:00,93.1326675415039,93.90399932861328,90.08533477783203,92.9520034790039,175764000,92.9520034790039,0.020792456491456113,89.73680114746094,72.39840030670166,62.15829330444336,72.39840030670166,94.12838331322261,50.66841730018071,0.6002890371739191,82.97179424763746,194368275.0,0.9042833764923828,-0.2816268476454973,0.04588347569097935,0.02277649669776281,0.04238941399506168,0.2838958193168762,0.49540790999097895
2020-07-10 13:30:00,93.06666564941406,103.2613296508789,91.73400115966797,102.97666931152344,350064000,102.97666931152344,0.10784776505418647,94.21666870117187,74.30443363189697,63.150480041503904,74.30443363189697,99.63756684146213,48.97130042233181,0.6818740678400192,86.77912645859098,199934100.0,1.7508969205353164,0.991670649279716,0.0473220604437053,0.0012335631951822992,0.12566036960654317,0.38587516623393275,0.6306553686344882
2020-07-13 13:30:00,110.5999984741211,119.66600036621094,98.0739974975586,99.80400085449219,584781000,99.80400085449219,-0.030809585105470272,95.88973541259766,76.17703361511231,64.10405342102051,76.17703361511231,103.26609124220084,49.08797598802377,0.7112132447676329,82.21783199443446,216600600.0,2.699812465893446,0.6704973947621007,0.04680478864189746,0.07402967306638825,0.22016032199757987,0.31015866748968113,0.5569062411545606
2020-07-14 13:30:00,103.73332977294922,106.0,95.4000015258789,101.12000274658203,351271500,101.12000274658203,0.013185863099901995,97.58226928710937,77.93003387451172,65.19136016845704,77.93003387451172,106.74511781613455,49.1149499328889,0.7395116493346544,82.49337325840452,222391275.0,1.579520149790049,-0.39931102412698083,0.04613959479790864,0.039370454939834924,0.11111109333940272,0.29757421778376725,0.5511258314795698
2020-07-15 13:30:00,102.86666870117188,103.33333587646484,97.13333129882812,103.06732940673828,245517000,103.06732940673828,0.019257581163604875,99.98400115966797,79.80963363647462,66.23778678894043,79.80963363647462,110.07190552305386,49.54736174989537,0.7583613783875026,87.47278147792031,224128800.0,1.0954281645196868,-0.30106199905201536,0.045559487201945095,0.017273199239987984,0.06382983569834096,0.291414641447927,0.5560201269277192
2020-07-16 13:30:00,98.47733306884766,102.11399841308594,97.73332977294922,100.04266357421875,214512000,100.04266357421875,-0.029346504366899673,101.40213317871094,81.50580024719238,67.21436004638672,81.50580024719238,112.33465113778134,50.67694935660343,0.7564823803236239,82.12528782746111,227436300.0,0.9431739788239608,-0.12628453426850283,0.047014633939135006,-0.04453396012403658,0.044822668482837336,0.22742998990019614,0.48841205220396655
2020-07-17 13:30:00,100.89666748046875,102.50066375732422,99.33333587646484,100.05599975585938,139950000,100.05599975585938,0.00013330494375263235,100.81799926757813,83.16206703186035,68.17204002380372,83.16206703186035,114.25207774145011,52.07205632227058,0.7476969204644426,84.91058167320793,227119875.0,0.616194421558219,-0.347588946072947,0.0472236981489746,0.008536397130374676,0.03188585033324964,0.20314469477444289,0.4676984834387044
2020-07-20 13:30:00,101.267333984375,110.0,99.19999694824219,109.53333282470703,256821000,109.53333282470703,0.09472028755869433,102.7638656616211,85.30240020751953,69.32265335083008,85.30240020751953,117.50242465133564,53.1023757637034,0.754961744698425,86.52035355550068,233451150.0,1.1001059536438351,0.8350911039657021,0.0495705210365045,0.012106562639635093,0.1088710018548966,0.2840592123813594,0.5800510732094686
2020-07-21 13:30:00,109.32866668701172,111.66666412353516,103.86666870117188,104.55733489990234,241608000,104.55733489990234,-0.045429074387502544,103.45133209228516,87.21586685180664,70.32124008178711,87.21586685180664,119.20591647827152,55.225817225341764,0.7335832522497532,78.02251166681567,240759750.0,1.0035232218009862,-0.059235810155711555,0.05164106391724218,-0.0018685283503867484,0.07509623173536206,0.19883386674997527,0.48685283106920396
2020-07-22 13:30:00,106.5999984741211,108.4280014038086,104.13333129882812,106.15533447265625,212416500,106.15533447265625,0.015283476518254346,104.06893310546874,89.18436698913574,71.36262680053711,89.18436698913574,120.72305624256786,57.645677735703615,0.7072694535640782,77.6155032921858,246606600.0,0.8613577252190331,-0.12082174431310222,0.051537340706537954,0.019536301075140143,0.041242031263325186,0.1902908329840798,0.48754802383279516
2020-07-23 13:30:00,111.93000030517578,112.5999984741211,98.71800231933594,100.87133026123047,364927500,100.87133026123047,-0.04977615338574293,104.23466644287109,91.02510032653808,72.30084007263184,91.02510032653808,120.62662949516849,61.42357115790767,0.6504036592640848,67.9892204331872,256633275.0,1.42198045050861,0.7179809478077268,0.052168750648543635,0.05439826327340134,0.14062274183668405,0.10817049252756222,0.39516124791769136
2020-07-24 13:30:00,94.40066528320312,97.66666412353516,91.10266876220703,94.46666717529297,290949000,94.46666717529297,-0.06349339370613127,103.1167999267578,92.46183357238769,73.13556007385255,92.46183357238769,119.57954787374022,65.34411927103515,0.5865709829369169,52.91437843051845,264239850.0,1.1010791899859163,-0.20272108843537417,0.05572295928518283,-0.06414771135931296,0.07205052772341097,0.021682823338515234,0.2916653277817275
2020-07-27 13:30:00,95.66666412353516,103.19599914550781,94.19999694824219,102.63999938964844,240730500,102.63999938964844,0.08652080631985237,101.73813323974609,94.39470024108887,74.11725341796875,94.39470024108887,118.28401580447928,70.50538467769846,0.5061579834964438,58.473675321189994,269635200.0,0.8928007174137501,-0.17260241485621186,0.05650815136608341,0.012702861063315226,0.09549896484825199,0.0873491745564174,0.3848327434751477
2020-07-28 13:30:00,100.26667022705078,104.3133316040039,98.29467010498047,98.43267059326172,237130500,98.43267059326172,-0.040991122577997974,100.51320037841796,95.95183372497559,75.0203468322754,95.95183372497559,116.18192765101367,75.7217397989375,0.4216718564029346,55.99388881013005,274721925.0,0.8631655445774851,-0.014954482294516014,0.058017258979455026,-0.023122848564991454,0.06123080216450596,0.025855023004530537,0.3120796523819033
2020-07-29 13:30:00,100.06666564941406,102.32066345214844,99.13333129882812,99.94066619873047,141403500,99.94066619873047,0.015320072049045619,99.27026672363282,97.3495002746582,75.93432014465333,97.3495002746582,114.18626134415643,80.51273920515996,0.34590338978619584,55.71648061427244,269103225.0,0.5254619300827778,-0.403689107896285,0.0568600666185142,0.016600129269114843,0.032151972616681256,0.026617146639290944,0.3161461906598432
2020-07-30 13:30:00,99.19999694824219,100.8826675415039,98.06666564941406,99.16600036621094,114315000,99.16600036621094,-0.007751257440881121,98.9292007446289,98.57570037841796,76.84029350280761,98.57570037841796,111.58671739506306,85.56468336177286,0.2639802094572531,46.327230286672986,264823800.0,0.4316643745766053,-0.1915688084099757,0.056956871957612974,-0.007411089786168445,0.02871517934704726,0.005988291085195414,0.29054687125300455
2020-07-31 13:30:00,101.0,101.13666534423828,94.73200225830078,95.38400268554688,183123000,95.38400268554688,-0.03813804798718812,99.11266784667968,99.31603393554687,77.66056022644042,99.31603393554687,109.36219011060491,89.26987776048882,0.20230683358897916,45.78940712519606,261042375.0,0.701506795592095,0.6019157590867341,0.05609818880049999,0.018494238216891577,0.06760823093841341,-0.03959110220361563,0.22821677319129488
2020-08-03 13:30:00,96.61333465576172,100.65399932861328,96.29199981689453,99.0,132139500,99.0,0.03790989277703116,98.38466796875,99.69410057067871,78.53709358215332,99.69410057067871,109.03651365554035,90.35168748581708,0.18742158325082184,48.06521937419536,252221925.0,0.5239017186947567,-0.27841123179502303,0.04840168928633465,0.012888240539323886,0.04529970838712847,-0.006962303353011617,0.26055084908943776
2020-08-04 13:30:00,99.6673355102539,101.82733154296875,97.46666717529297,99.13333129882812,126225000,99.13333129882812,0.0013467807962437295,98.52480010986328,100.01790046691895,79.43058685302735,100.01790046691895,108.7632412754102,91.2725596584277,0.17487551263653614,46.286764764127824,242415900.0,0.5206960434525953,-0.044759515512015735,0.04836817987321163,0.006740762729837437,0.044740058258411194,-0.008844108544183975,0.248049841080204
2020-08-05 13:30:00,99.53266906738281,99.98933410644531,97.88733673095703,99.00133514404297,74217000,99.00133514404297,-0.001331501252462397,98.33693389892578,100.41503372192383,80.31878692626952,100.41503372192383,108.10502696890285,92.72504047494482,0.15316418193464273,48.96033459662225,233893275.0,0.31731138913677615,-0.4120261437908497,0.04812227798142429,0.004028289610796204,0.02147363944802802,-0.01407855502788333,0.23260495996937203
2020-08-06 13:30:00,99.38866424560547,101.15399932861328,98.48400115966797,99.30533599853516,89884500,99.30533599853516,0.003070674289896047,98.36480102539062,100.73270034790039,81.21125366210937,100.73270034790039,107.60617872241912,93.85922197338166,0.136469653861751,49.25485987130616,229599300.0,0.3914842074866953,0.21110392497675745,0.047984231793484336,0.003912362403991337,0.027110983890840875,-0.014169821164681856,0.2228026476688651
2020-08-07 13:30:00,99.96932983398438,99.98332977294922,94.33399963378906,96.84733581542969,133446000,96.84733581542969,-0.024751944680411975,98.65746765136718,100.42623367309571,82.07378700256348,100.42623367309571,107.42389603418081,93.4285713120106,0.1393592511666558,35.368381260380104,218768400.0,0.6099875484759225,0.4846386195617709,0.0416819228539985,0.006686386272929113,0.059886468941115996,-0.03563708133589811,0.1800032550271474
2020-08-10 13:30:00,96.53333282470703,97.16666412353516,92.38933563232422,94.57133483886719,112834500,94.57133483886719,-0.02350091468597615,97.77173461914063,100.16460037231445,82.85188034057617,100.16460037231445,107.6355011136927,92.69369963093621,0.1491724763760592,37.71749405855469,195171075.0,0.5781312625346763,-0.1544557349040061,0.041449781188831476,-0.003242247069357476,0.05170865726562813,-0.055840741266444935,0.14145067619607768
2020-08-11 13:30:00,93.06666564941406,94.66666412353516,91.0,91.6259994506836,129387000,91.6259994506836,-0.031144060652225414,96.27026824951172,99.68990020751953,83.48693367004394,99.68990020751953,108.05783785243591,91.32196256260315,0.16787934640314134,32.70261643965763,184076850.0,0.7028966434399546,0.14669715379604642,0.04178518767521799,-0.015910415053534084,0.04029301234654018,-0.0808898468154719,0.09748909707004899
2020-08-12 13:30:00,98.0,105.66666412353516,95.66666412353516,103.65066528320312,327441000,103.65066528320312,0.1312363947417745,97.20013427734375,99.71906700134278,84.3845336151123,99.71906700134278,108.14046737233399,91.29766663035157,0.16890251030683648,52.85122517378876,188173050.0,1.7401057165199798,1.5307101949964061,0.05146202319436621,0.06956541361109106,0.10452961950347633,0.03942674555717017,0.22831354091456965
2020-08-13 13:30:00,107.4000015258789,110.07866668701172,104.48400115966797,108.06666564941406,306379500,108.06666564941406,0.042604650478076156,98.95240020751953,100.12026710510254,85.36858695983886,100.12026710510254,109.33385413128227,90.90668007892282,0.1840503884494763,64.54525114720839,192766425.0,1.5893820721113647,-0.06432151135624431,0.051706917853087606,0.03617281406184444,0.053545666946600005,0.07936853120826862,0.265883265705843
2020-08-14 13:30:00,110.99933624267578,111.25333404541016,108.44266510009766,110.04733276367188,188664000,110.04733276367188,0.01832819678811437,101.59239959716797,100.61983375549316,86.41702697753907,100.61983375549316,110.84652276546174,90.39314474552458,0.20327382044417805,59.13178214663011,195202125.0,0.9665058717982706,-0.384214674937455,0.051775100357870564,0.027137605991988147,0.02591847906650137,0.09369424154573339,0.27344502134139187
2020-08-17 13:30:00,111.80000305175781,123.05733489990234,111.52200317382812,122.3759994506836,303634500,122.3759994506836,0.11203058154519474,107.15333251953125,101.261967086792,87.6836669921875,101.261967086792,114.89175740299828,87.63217677058572,0.2691986084869187,74.5929156604753,197542800.0,1.537056779594093,0.6093928889454268,0.053453724879538235,0.01592651311095218,0.1034354781817739,0.20850900857766946,0.39565330293026113
2020-08-18 13:30:00,126.59933471679688,128.25999450683594,123.00733184814453,125.80599975585938,247117500,125.80599975585938,0.028028374195693928,113.98933258056641,102.32440032958985,88.93322700500488,102.32440032958985,119.80454200691128,84.84425865226842,0.3416612581362292,75.55796024284962,197818275.0,1.2492147148689876,-0.18613497478053387,0.05217975413960658,0.034511140134265025,0.04270202905608865,0.22948191585423042,0.41461188346150324
2020-08-19 13:30:00,124.33333587646484,127.4000015258789,122.74732971191406,125.23533630371094,183079500,125.23533630371094,-0.004536059116861502,118.30626678466797,103.27840042114258,90.18370704650879,103.27840042114258,123.50563861927768,83.05116222300748,0.39170316572785124,75.8638098920353,196351425.0,0.9324072896338796,-0.2591398828492518,0.0522730469794593,-0.011705831854223171,0.037904464601263316,0.2125994960517752,0.3886691998492102
2020-08-20 13:30:00,124.04533386230469,134.79933166503906,123.80400085449219,133.45533752441406,309177000,133.45533752441406,0.06563643667445929,123.38400115966797,104.90760078430176,91.48608039855957,104.90760078430176,129.16580917934832,80.64939238925521,0.4624680807432309,84.71424063524714,193563900.0,1.5972864774888293,0.6887581624376296,0.05174698469840213,-0.009502129962108691,0.08881240294867186,0.2721226729682693,0.4587501939422393
2020-08-21 13:30:00,136.3173370361328,139.69932556152344,135.00332641601562,136.6653289794922,322344000,136.6653289794922,0.024052926729070556,128.70760040283204,107.01753387451171,92.92226692199706,107.01753387451171,134.5691774653424,79.46589028368103,0.5148996167887332,84.6002192269307,195133650.0,1.6519139574337895,0.0425872558437399,0.04831846154241654,0.02144537314736611,0.0347843217657985,0.2770367997803551,0.47074897660659665
2020-08-24 13:30:00,141.7519989013672,141.93333435058594,128.50132751464844,134.27999877929688,300954000,134.27999877929688,-0.017453806448256226,131.0884002685547,108.59953384399414,94.3608268737793,108.59953384399414,138.61607932737851,78.58298836060975,0.5527932656967732,81.00374811524156,198144825.0,1.5188587438506154,-0.06635767999404363,0.04630166261288523,0.03721990032042654,0.10452815621228757,0.2364693845941673,0.4230481358425886
2020-08-25 13:30:00,131.65933227539062,135.19667053222656,131.1999969482422,134.8893280029297,159883500,134.8893280029297,0.004537751185374361,132.90506591796876,110.42236671447753,95.73741348266601,110.42236671447753,142.21462177324173,78.63011165571332,0.5758299881575697,81.39331563332607,194282475.0,0.8229435001793136,-0.46874439283079805,0.044514649651838246,-0.0195164322887252,0.03046245180600915,0.22157613549179866,0.4089510369668847
2020-08-26 13:30:00,137.3333282470703,144.39999389648438,136.90866088867188,143.54466247558594,213591000,143.54466247558594,0.06416619165356252,136.56693115234376,112.60256652832031,97.29880004882813,112.60256652832031,147.22293030881696,77.98220274782366,0.6149125166128321,83.76532997924073,197891850.0,1.0793319684464013,0.3359164641754777,0.04575337861505413,0.018118558972193437,0.054717743634233075,0.27479032584469093,0.4752973562217615
2020-08-27 13:30:00,145.36399841308594,153.0399932861328,142.8333282470703,149.25,355395000,149.25,0.039746079206424145,139.72586364746093,115.10676651000976,98.96141342163087,115.10676651000976,152.74850779548535,77.46502522453417,0.6540317728793509,88.1069688065902,209945850.0,1.6927936417890612,0.6639043779934548,0.045511948570316686,0.012674354490954566,0.07145856757890014,0.29662229706557797,0.5081635845691864
2020-08-28 13:30:00,153.00799560546875,154.5659942626953,145.76800537109375,147.55999755859375,301218000,147.55999755859375,-0.011323299439907841,141.90479736328126,117.7155662536621,100.57400009155273,117.7155662536621,156.80624715637813,78.62488535094607,0.6641548292513936,88.86433349240187,215850600.0,1.395492993765132,-0.15244164943232175,0.04403061274930978,0.025179200036641543,0.06035610399692161,0.25353003221868453,0.467178370396619
2020-08-31 13:30:00,148.20333862304688,166.7133331298828,146.70333862304688,166.10667419433594,355123200,166.10667419433594,0.1256890549105465,148.27013244628907,121.0708999633789,102.56160018920899,121.0708999633789,164.6590392368576,77.48276068990019,0.7200432025641685,94.45404299045623,226999785.0,1.5644208649801143,0.17895743282273968,0.049621992778943386,0.004359860904698541,0.13639767638997957,0.37197852039242535,0.6195795881489459
2020-09-01 13:30:00,167.3800048828125,167.49667358398438,156.836669921875,158.35000610351562,269523300,158.35000610351562,-0.04669690804684601,152.96226806640624,124.03173370361328,104.4028402709961,124.03173370361328,169.3558113346365,78.70765607259005,0.7308464741665197,84.40008076127481,234164700.0,1.1509988482465547,-0.24104282682742217,0.05204913777235686,0.007665740673290669,0.06796882175207775,0.27668945176489607,0.51672124716617
2020-09-02 13:30:00,159.663330078125,159.67999267578125,135.0399932861328,149.1233367919922,288528300,149.1233367919922,-0.05826756524083643,154.0780029296875,126.53783378601074,106.04960037231446,126.53783378601074,171.57641140979152,81.49925616222995,0.711859469634132,74.34709511391338,244880265.0,1.1782423544829144,0.07051338418607966,0.0550320587773295,0.008293804382620841,0.1824644595282182,0.1784881432708576,0.4061659475231993
2020-09-03 13:30:00,135.7433319091797,143.93333435058594,134.0,135.6666717529297,262788300,135.6666717529297,-0.09023849203316048,151.36133728027343,128.35590057373048,107.48180053710938,128.35590057373048,171.66839643265033,85.04340471481063,0.6748812585213437,63.372471897315314,253525455.0,1.0365361537365154,-0.08921135292447913,0.06041932750870229,-0.08972441987048534,0.07412936082526819,0.056957032333700454,0.2622292432297796
2020-09-04 13:30:00,134.27000427246094,142.6666717529297,124.00666809082031,139.44000244140625,330965700,139.44000244140625,0.027813247275265907,149.73733825683593,130.48553390502929,108.95596054077149,130.48553390502929,171.39680969424728,89.57425811581128,0.6270622430681746,59.78036761129794,263401440.0,1.2565067981405114,0.25943849098304606,0.059626975144089954,-0.010294845907418594,0.15047580867541022,0.06862422422162334,0.27978315045212776
2020-09-08 13:30:00,118.66666412353516,122.913330078125,109.95999908447266,110.06999969482422,346397100,110.06999969482422,-0.21062824320390794,138.5300033569336,131.26046714782714,109.87770721435547,131.26046714782714,169.82738294973717,92.6935513459171,0.587639471958842,43.04799616831505,275079570.0,1.2592614566032658,0.04662537537877798,0.07850968276463786,-0.1489768929586774,0.1178003919743709,-0.16143830593820727,0.0017500590915463534
2020-09-09 13:30:00,118.86666870117188,123.0,113.836669921875,122.09333038330078,238397400,122.09333038330078,0.10923349433825735,131.27866821289064,132.783833694458,110.97377380371094,132.783833694458,166.9102725200524,98.6573948688636,0.514014965166934,48.73945299785514,280530090.0,0.8498104427942115,-0.31178003510999375,0.08081497456059393,0.07991886100424236,0.0804954157953997,-0.08051057883866028,0.10019985982686302
2020-09-10 13:30:00,128.73666381835938,132.99667358398438,120.1866683959961,123.77999877929688,254791800,123.77999877929688,0.013814582587770685,126.21000061035156,133.7903003692627,112.00962707519531,133.7903003692627,165.39304414090716,102.18755659761823,0.47242204680639105,45.90358984616053,276897630.0,0.9201660555924585,0.06876920637557293,0.0762698982608433,0.054411927450930035,0.10658424398437717,-0.07482083202098566,0.10508357193439964
2020-09-11 13:30:00,127.3133316040039,127.5,120.16666412353516,124.23999786376953,182152500,124.23999786376953,0.003716263443279244,123.92466583251954,134.59896697998047,113.00158706665039,134.59896697998047,164.19415783044218,105.00377612951878,0.4397536105141658,44.613856690574394,270686280.0,0.6729284542977206,-0.28509276986151044,0.07593894509752325,0.028545264659495275,0.06102637474338092,-0.07696172822598023,0.09945356599717954
2020-09-14 13:30:00,126.98332977294922,140.0,124.43333435058594,139.8733367919922,249061800,139.8733367919922,0.12583177074233998,124.01133270263672,136.09026718139648,114.18750717163086,136.09026718139648,163.3934942334465,108.78704012934648,0.40125172236831863,52.174816143446684,273706170.0,0.9099604879203125,0.367325729814304,0.0802505319752517,0.022080907568815155,0.12510044620001587,0.027798237808977187,0.224944306575972
2020-09-15 13:30:00,145.52000427246094,153.97999572753906,143.56666564941406,149.9199981689453,291894600,149.9199981689453,0.07182685140266343,131.98133239746093,137.46746711730958,115.3571337890625,137.46746711730958,164.63637818916268,110.29855604545648,0.3952776848455085,55.444684317750465,273119175.0,1.068744440956956,0.17197659376106644,0.07817560009253816,0.040369863263260794,0.07253306351457707,0.09058529492661131,0.2996161853594863
2020-09-16 13:30:00,146.6233367919922,152.59666442871094,145.10333251953125,147.25332641601562,216837900,147.25332641601562,-0.01778729846250804,137.0133316040039,138.5398334503174,116.44905364990234,138.5398334503174,165.46266681216758,111.6170000884672,0.3886655944552605,51.40434986697878,271605195.0,0.7983569680984931,-0.25713630879091287,0.0783906509751748,-0.02198947049904648,0.0516413495063669,0.06289521756082546,0.26453003953750137
2020-09-17 13:30:00,138.53334045410156,145.92999267578125,136.0,141.14332580566406,230337600,141.14332580566406,-0.04149312452942333,140.48599700927736,139.33523292541503,117.45074676513671,139.33523292541503,165.53326565072462,113.13720020010545,0.3760431898704783,46.93964626373239,273968100.0,0.8407460576614577,0.06225710542299101,0.07920641007533077,-0.0592175822044157,0.07301465202780331,0.012976566244496765,0.20172352831357301
2020-09-18 13:30:00,149.31333923339844,150.3333282470703,142.93333435058594,147.38333129882812,259220400,147.38333129882812,0.04421041843491591,145.11466369628906,140.03163261413573,118.5393733215332,140.03163261413573,166.31190190173015,113.7513633265413,0.3753476096363319,49.935521704481346,271470270.0,0.954875832259643,0.12539333569508404,0.078543735236231,0.057884518315683,0.05177234498940407,0.0525002711705174,0.24332807884057953
2020-09-21 13:30:00,151.0433349609375,151.89332580566406,135.69000244140625,149.79666137695312,328430400,149.79666137695312,0.016374511668703073,147.09932861328124,140.68819923400878,119.47577316284179,140.68819923400878,167.2687691963612,114.10762927165635,0.3778649539488464,43.25270486939615,271774590.0,1.2084661777982997,0.2669928755607198,0.07848007203933267,0.024833226592554814,0.11941427572200644,0.06474219012352349,0.25378273277867724
2020-09-22 13:30:00,143.1999969482422,145.9199981689453,139.1999969482422,141.41000366210938,238742400,141.41000366210938,-0.055986946823462835,145.39732971191407,141.04469947814943,120.30789321899414,141.04469947814943,167.45409151890044,114.63530743739841,0.37448258798044864,43.028422969719244,268664010.0,0.8886281418936611,-0.2730806892419215,0.07959397214312347,-0.04403745963410279,0.04827587189676289,0.0025899887433667246,0.1754008808441477
2020-09-23 13:30:00,135.05332946777344,137.38333129882812,125.2933349609375,126.78666687011719,285222600,126.78666687011719,-0.10341090738483938,141.3039978027344,140.6395664215088,120.82122650146485,140.6395664215088,167.687423356956,113.59170948606157,0.38464078955395065,41.198411998850865,274930965.0,1.0374335244485828,0.1946876633559853,0.08325478098192017,-0.044952082806848835,0.09649353129326395,-0.09849930502397368,0.04937410868428829
2020-09-24 13:30:00,121.26667022705078,133.1666717529297,117.0999984741211,129.26333618164062,289683300,129.26333618164062,0.0195341463945935,138.9279998779297,139.9255001068115,121.3451466369629,139.9255001068115,167.40110613012018,112.44989408350283,0.3927176390627197,47.23779856398094,278735580.0,1.039276363641843,0.015639363781130955,0.0820429622413169,-0.043537674578362426,0.13720472662823563,-0.07619886237341994,0.06525345070756851
2020-09-25 13:30:00,131.1566619873047,136.2433319091797,130.43333435058594,135.77999877929688,201625500,135.77999877929688,0.05041385121376596,136.60733337402343,139.25200004577636,122.05989334106445,139.25200004577636,166.42390595691313,112.0800941346396,0.3902551618964832,48.457690361384586,271047105.0,0.7438762350920516,-0.30397955284270783,0.08236203892270597,0.014647044255484512,0.0445438091997044,-0.024933223690418296,0.11240469791248446
2020-09-28 13:30:00,141.5399932861328,142.69332885742188,138.51666259765625,140.39999389648438,149158800,140.39999389648438,0.034025594039789775,134.72799987792968,138.8939998626709,122.86677322387695,138.8939998626709,165.79231137725307,111.99568834808875,0.387321432764229,66.14958429398143,263444145.0,0.5661875689057352,-0.26021857354352496,0.08269711451602169,0.042421524220209346,0.030152807477735865,0.01084275804068204,0.1427010754214237
2020-09-29 13:30:00,138.6666717529297,142.8333282470703,137.1999969482422,139.69000244140625,150657900,139.69000244140625,-0.005056919415549199,134.38399963378907,137.57316627502442,123.46990661621093,137.57316627502442,161.24605981035907,113.90027273968975,0.34414986841270845,60.65302970328127,253220880.0,0.5949663392687049,0.010050362432521665,0.0773051225244642,-0.012345599849759609,0.04105926693973078,0.01538698442216583,0.1313688190889561
2020-09-30 13:30:00,140.44000244140625,144.64332580566406,140.1566619873047,143.00332641601562,144436800,143.00332641601562,0.02371912031427703,137.62733154296876,136.80583229064942,124.23882644653321,136.80583229064942,158.5602583696127,115.05140621168614,0.3180336059466404,61.41302161790195,246966555.0,0.5848435631294286,-0.041292889387147924,0.07693939013528939,0.005369031332894361,0.03201177706961782,0.04530138826391102,0.1510357148902868
2020-10-01 13:30:00,146.9199981689453,149.6266632080078,144.80667114257812,149.3866729736328,152224500,149.3866729736328,0.04463774876849502,141.6519989013672,136.81899909973146,125.10345321655274,136.81899909973146,158.60511092148326,115.03288727797965,0.31846617743302236,63.948678393906505,240151365.0,0.6338689767597199,0.053917699644411954,0.07642592963957784,0.027388675851746067,0.03328570450103003,0.09185620386493547,0.19410511167142672
2020-10-02 13:30:00,140.4633331298828,146.3766632080078,138.3333282470703,138.3633270263672,214290000,138.3633270263672,-0.0737906918190171,142.16866455078124,136.9538318634033,125.85329315185547,136.9538318634033,158.74329415197667,115.16436957482995,0.31820157190353027,49.11726307308769,237726450.0,0.9014142094832106,0.40772346107229773,0.07545179537008634,-0.05973317208373063,0.05814459221693631,0.010291754117326912,0.09940172053676041
2020-10-05 13:30:00,141.11666870117188,144.54666137695312,139.77667236328125,141.89332580566406,134168400,141.89332580566406,0.025512531789757986,142.4673309326172,137.0764980316162,126.8018263244629,137.0764980316162,158.95234284011258,115.20065322311983,0.3191771765784502,44.92068506965137,227886585.0,0.5887507595060938,-0.3738933221335573,0.07541508221467699,0.019899360141000348,0.034125787465269,0.03513970551638157,0.11901642049369822
2020-10-06 13:30:00,141.26333618164062,142.92666625976562,135.35000610351562,137.9933319091797,147438900,137.9933319091797,-0.02748539351192436,142.12799682617188,138.472664642334,127.50889297485351,138.472664642334,156.2764418391566,120.6688874455114,0.25714500754078234,44.23029276227908,217938675.0,0.6765155381439297,0.09890928117201958,0.05685038772505281,-0.00443988200605197,0.05597827716723835,-0.003461569360222784,0.08222515849458321
2020-10-07 13:30:00,139.9566650390625,143.3000030517578,137.9499969482422,141.76666259765625,129383100,141.76666259765625,0.027344297266189477,141.8806640625,139.45633125305176,128.3755728149414,139.45633125305176,155.5406133713624,123.3720491347411,0.23067123555867497,50.40003650672191,212487960.0,0.6088961463981301,-0.12246293210272186,0.05231446171745011,0.014227739143040478,0.03878221255432798,0.01656670101561943,0.10431182108155933
2020-10-08 13:30:00,146.14666748046875,146.3333282470703,141.76666259765625,141.97332763671875,121263300,141.97332763671875,0.0014577830589765917,140.3979949951172,140.36599769592286,129.21622604370117,140.36599769592286,154.67744055020202,126.0545548416437,0.20391609206215705,46.23660547864477,205811535.0,0.5891958388046618,-0.06275780994581204,0.0523250576458207,0.030895873561214187,0.03221254959196282,0.011450992171750012,0.09872677746139331
2020-10-09 13:30:00,143.3766632080078,144.8633270263672,142.15333557128906,144.6666717529297,86777100,144.6666717529297,0.01897077543397918,141.65866394042968,141.38733139038087,130.12623947143555,141.38733139038087,153.61730415071517,129.15735863004656,0.1729995557602887,46.445241864898065,201042765.0,0.4316350304871702,-0.2843910729792114,0.0523677342060222,0.009884501509184292,0.01906386117629354,0.023194018377037766,0.11174097046496109
2020-10-12 13:30:00,147.3333282470703,149.5800018310547,146.19332885742188,147.43333435058594,116373300,147.43333435058594,0.01912439516394837,142.76666564941405,141.76533126831055,131.16722610473633,141.76533126831055,154.26267754796467,129.26798498865642,0.17631033155773695,54.52632433499741,194408340.0,0.598602405637536,0.34106002620507025,0.04470749273701261,0.01843310875842156,0.023165714879751706,0.039981588104555044,0.12401046152231052
2020-10-13 13:30:00,147.78334045410156,149.6300048828125,145.53334045410156,148.88333129882812,103391100,148.88333129882812,0.009834932884270176,144.94466552734374,141.7134979248047,132.1648927307129,141.7134979248047,154.07631145591432,129.35068439369508,0.17447616087593176,70.70397936188726,184983165.0,0.558921672683025,-0.11155651682989143,0.041782098886787696,0.002373995711738673,0.02814931902152653,0.05059386352757905,0.12649681941012272
2020-10-14 13:30:00,149.92666625976562,155.3000030517578,149.11666870117188,153.76666259765625,143639100,153.76666259765625,0.032799718116372834,147.34466552734375,142.0391647338867,133.25755935668946,142.0391647338867,155.32512015132127,128.75320931645214,0.18707453598908547,71.96820086337895,181323225.0,0.7921715489011405,0.3892791545887413,0.042145907770802495,0.00700773519665134,0.04146641957900273,0.08256524097238428,0.15390573968168095
2020-10-15 13:30:00,150.10333251953125,152.19000244140625,147.5,149.6266632080078,107017200,149.6266632080078,-0.02692390743031925,148.87533264160157,142.4633316040039,134.27006591796874,142.4633316040039,156.16406657443258,128.76259663357524,0.19234051058853116,62.96666223706377,175157205.0,0.6109780068710277,-0.2549577378304375,0.04145599457193476,-0.023823955181432398,0.031796626721398304,0.05028193236358777,0.11437096708823448
2020-10-16 13:30:00,151.47999572753906,151.98333740234375,146.28334045410156,146.55667114257812,98327700,146.55667114257812,-0.02051768046956881,149.25333251953126,142.4219985961914,135.21509262084962,142.4219985961914,156.0651038315335,128.7788933608493,0.1915870493297084,55.937772618586514,167112570.0,0.5883920042639521,-0.08119722810912633,0.04065111724532284,0.012386378736220205,0.038965455195020246,0.02903113695314547,0.08387805164273268
2020-10-19 13:30:00,148.74667358398438,149.0,142.9566650390625,143.61000061035156,108863400,143.61000061035156,-0.020106014344170586,148.48866577148436,142.11266555786133,136.15034591674805,142.11266555786133,155.32549808641465,128.899833029308,0.18594869748852472,53.6242585394055,156134220.0,0.6972424110486478,0.10714885022226706,0.040721082330909736,0.014943041652984183,0.042273894395103415,0.01053625337764555,0.05478983283791928
2020-10-20 13:30:00,143.9166717529297,143.9166717529297,139.68333435058594,140.64666748046875,94968900,140.64666748046875,-0.020634587544658856,146.8413330078125,142.0744987487793,137.07185256958007,142.0744987487793,155.30028109593385,128.84871640162473,0.1861809468079253,47.80694355697551,148945545.0,0.6376081943236369,-0.12763242742739989,0.03895088548473945,0.0021354441979998143,0.03030667489450571,-0.01004987721853785,0.026079861356466585
2020-10-21 13:30:00,140.89999389648438,144.31666564941406,140.4166717529297,140.8800048828125,97111500,140.8800048828125,0.0016590325709362475,144.26400146484374,142.77916564941407,138.05693267822267,142.77916564941407,153.91142476687176,131.64690653195638,0.15593674422768805,41.0606685966244,139539990.0,0.6959402820653778,0.02256106999238705,0.030334912770724247,0.001801154769989867,0.027774436238929046,-0.013301385800676599,0.020448608771931314
2020-10-22 13:30:00,147.30667114257812,148.41000366210938,141.50332641601562,141.92999267578125,119979600,141.92999267578125,0.007453064711647084,142.72466735839845,143.4124984741211,138.8225192260742,143.4124984741211,152.573921096661,134.2510758515812,0.1277632384905851,54.74206855585252,131054805.0,0.9154918051268705,0.23548292426746564,0.030165290624693863,0.04561801559498444,0.04880929248114155,-0.010337354234208278,0.022384505532899057
2020-10-23 13:30:00,140.6133270263672,140.9633331298828,135.7933349609375,140.2100067138672,101151000,140.2100067138672,-0.012118551755604834,141.45533447265626,143.6339988708496,139.46538604736327,143.6339988708496,152.2142093896106,135.05378835208862,0.11947325265901705,47.64877440783506,126031080.0,0.8025877426425291,-0.1569316783853255,0.028413585972257585,-0.009276866887619707,0.03807254730456779,-0.023838312543683682,0.005339107341308633
2020-10-26 13:30:00,137.2100067138672,141.9199981689453,136.6666717529297,140.0933380126953,84717600,140.0933380126953,-0.0008320996760948773,140.752001953125,143.61866607666016,140.06630615234374,143.61866607666016,152.22426827695801,135.0130638763623,0.11983960630443943,53.279895749524314,122809020.0,0.6898320660811397,-0.16246403891212147,0.027396315905273534,-0.02139647568894447,0.038438972345157814,-0.02454644761902408,0.00019299331219721846
2020-10-27 13:30:00,141.25332641601562,143.5,140.03334045410156,141.55999755859375,68059500,141.55999755859375,0.010469159823756513,140.93466796875,143.71216583251953,140.44998611450194,143.71216583251953,152.1775345764738,135.24679708856527,0.11781005031709979,49.6521567616267,118679100.0,0.573475026352576,-0.19663092438879293,0.027457858066644025,0.008280111101465752,0.02475595836432037,-0.014975546861035362,0.00790325065028396
2020-10-28 13:30:00,138.82666015625,139.53334045410156,135.3333282470703,135.33999633789062,76354200,135.33999633789062,-0.043938975190562446,139.82666625976563,143.3289993286133,140.64066604614257,143.3289993286133,152.58615769898182,134.07184095824476,0.12917355753171003,40.7148141946155,115274970.0,0.6623658197438698,0.12187424239084921,0.028656861661567418,-0.019308685006245368,0.03103457412473835,-0.055738915558924115,-0.0376894525407954
2020-10-29 13:30:00,136.65333557128906,139.35333251953125,135.48666381835938,136.94332885742188,67965900,136.94332885742188,0.011846701366300838,138.82933349609374,142.70683212280272,140.8748258972168,142.70683212280272,151.92227336288,133.49139088272545,0.12915206795631418,38.8487553915847,111062040.0,0.6119633675016234,-0.1098603613160769,0.026697877779971773,0.00970399932714308,0.02853910925399814,-0.04038701707302431,-0.0279077330868424
2020-10-30 13:30:00,135.63333129882812,135.8633270263672,126.37000274658203,129.34666442871094,127533900,129.34666442871094,-0.05547305218949494,136.6566650390625,142.25599899291993,140.79265243530273,142.25599899291993,153.1037853885594,131.40821259728045,0.1525107759593234,27.08225060014354,106724235.0,1.1949853751586976,0.8764395086359482,0.02439206782743765,-0.009565983020302142,0.07512324185687276,-0.09074720683555487,-0.08129677087979764
2020-11-02 14:30:00,131.3333282470703,135.66000366210938,130.76666259765625,133.50332641601562,87063300,133.50332641601562,0.03213582666134873,135.33866271972656,141.8364990234375,140.7294123840332,141.8364990234375,153.37053900507513,130.3024590417999,0.16263853184548355,31.762822461345166,104368980.0,0.8341875143361562,-0.31733209758346603,0.024841483505815075,0.015359219560349153,0.0374204018612067,-0.058751962046418575,-0.05134737540364678
2020-11-03 14:30:00,136.57666015625,142.58999633789062,135.56333923339844,141.3000030517578,103055100,141.3000030517578,0.05840061701119437,135.2866638183594,142.0018325805664,140.8698124694824,142.0018325805664,153.39788972580035,130.60577543533245,0.16050577570917288,36.172729060531196,102149790.0,1.0088625732857601,0.18368014995985682,0.02760917350633075,0.023020652913601745,0.051833018751437226,-0.004942397686384764,0.0030538166746590647
2020-11-04 14:30:00,143.5399932861328,145.13333129882812,139.03334045410156,140.32666015625,96429300,140.32666015625,-0.006888484603579825,136.28399658203125,141.9298324584961,140.97855911254882,141.9298324584961,153.3503152582416,130.50934965875058,0.1609313926737024,38.90566984281159,100502100.0,0.9594754736468193,-0.06429376129856745,0.02697968495550763,0.01585272601554366,0.043874302557956046,-0.011295527335416973,-0.004624100007848608
2020-11-05 14:30:00,142.76666259765625,146.6666717529297,141.3333282470703,146.02999877929688,85243500,146.02999877929688,0.040643300543862226,138.10133056640626,142.132666015625,141.02826583862304,142.132666015625,153.69955999930778,130.56577203194223,0.1627619365475238,49.40885315868617,98701110.0,0.8636529011679808,-0.11600001244435043,0.028484529725497733,0.01738801763463459,0.037735922390053314,0.027420387395276365,0.035466173471899995
2020-11-06 14:30:00,145.36666870117188,145.52333068847656,141.42666625976562,143.31666564941406,65118000,143.31666564941406,-0.01858065570474754,140.89533081054688,142.0651657104492,140.90959915161133,142.0651657104492,153.5854587190903,130.54487270180812,0.162183219947404,49.669021713305035,97618155.0,0.6670685386340277,-0.23609424765524645,0.028530381302080354,-0.0045424233628018245,0.028966704349704345,0.008809337128537235,0.017082345789748887
2020-11-09 14:30:00,146.5,150.8333282470703,140.3333282470703,140.4199981689453,104499000,140.4199981689453,-0.02021165833954497,142.2786651611328,141.7144989013672,140.76679916381835,141.7144989013672,152.9707155672982,130.45828223543617,0.1588576575183787,49.74385714073873,97024440.0,1.0770379092113287,0.6047636598175619,0.028492467336786974,0.02221189235851408,0.07482185544344634,-0.009134568039667196,-0.002463656181238045
2020-11-10 14:30:00,140.02999877929688,140.02999877929688,132.00999450683594,136.7866668701172,90852600,136.7866668701172,-0.02587474253102262,141.3759979248047,141.10966567993165,140.180399017334,141.10966567993165,152.03921395214556,130.18011740771774,0.15490857014720127,45.70448518224246,96397515.0,0.9424786520689875,-0.13058880946229146,0.028825482578379396,-0.002777377828898791,0.060753008152315574,-0.030635738444877297,-0.024209748088940435
2020-11-11 14:30:00,138.81666564941406,139.56666564941406,136.86000061035156,139.0433349609375,52073100,139.0433349609375,0.0164977197153513,141.11933288574218,140.3734992980957,139.79426559448243,140.3734992980957,149.55749801032587,131.18950058586555,0.13085089077571713,47.04558771534196,91819215.0,0.5671263907015541,-0.42683973821332577,0.027952310009983043,0.014840618795283728,0.019776888988686576,-0.009475893554049583,-0.005371684098425308
2020-11-12 14:30:00,138.35000610351562,141.0,136.5066680908203,137.25332641601562,59565300,137.25332641601562,-0.012873745767280065,139.36399841308594,139.75483245849608,139.5568653869629,139.75483245849608,147.92541083068812,131.58425408630404,0.11692731089808305,46.97825272647939,89446620.0,0.6659312559826185,0.1438785092494974,0.0275365085030794,-0.004986422812834985,0.032916574494296455,-0.017899245403362678,-0.016506095666164657
2020-11-13 14:30:00,136.9499969482422,137.50999450683594,133.8866729736328,136.1666717529297,59313300,136.1666717529297,-0.007917146283160204,137.93399963378906,139.23533248901367,139.5668653869629,139.23533248901367,146.88990732124347,131.58075765678387,0.10995161494419932,46.064939553062715,87495900.0,0.6778980500800609,-0.004230651066980284,0.027280385018229467,-0.0022099972051245163,0.027062600427129067,-0.022039382398329938,-0.024362470451749624
2020-11-16 14:30:00,136.30999755859375,137.48333740234375,134.69667053222656,136.02999877929688,80515800,136.02999877929688,-0.0010037182511209997,137.05599975585938,138.85633239746093,139.4986653137207,138.85633239746093,146.34777413877075,131.36489065615112,0.10790205404340349,44.3064077460027,86078520.0,0.9353762123233531,0.3574662006666296,0.026994553358928447,0.0010525762568693964,0.02068846140818655,-0.02035437325302521,-0.02486523097997447
2020-11-17 14:30:00,153.38999938964844,154.0,144.336669921875,147.20333862304688,183564900,147.20333862304688,0.08213879250177958,139.13933410644532,139.18416595458984,140.24133209228515,139.18416595458984,147.53055866260905,130.83777324657063,0.11993307788678059,61.083777410920746,90508320.0,2.0281549806691803,1.2798618407815607,0.03254455319710907,0.1276189132260264,0.06694993090359826,0.057615552842938775,0.0496430433659915
2020-11-18 14:30:00,149.4499969482422,165.3333282470703,147.8333282470703,162.2133331298828,234132000,162.2133331298828,0.10196775866118779,143.77333374023436,140.25083236694337,141.0437321472168,140.25083236694337,153.51421222345067,126.98745251043609,0.18913798417688998,68.87980977174753,97359345.0,2.4048230809276707,0.27547259851965156,0.039375628355318236,0.01526227833017073,0.1183765542419005,0.15659444148950324,0.15009246182290395
2020-11-19 14:30:00,164.0,169.5366668701172,162.52333068847656,166.42333984375,187425900,166.42333984375,0.025953518324515645,149.60733642578126,141.4754997253418,141.89659896850586,141.4754997253418,159.1735000898891,123.77749936079447,0.25019173494924457,79.1773706687967,100731660.0,1.8606454018528038,-0.19948618727897083,0.03958400420283213,0.011014303421572743,0.043152796290421416,0.17634035692993866,0.17284939211748046
2020-11-20 14:30:00,165.99667358398438,167.5,163.02000427246094,163.20333862304688,98735700,163.20333862304688,-0.019348255020757876,155.0146697998047,142.6251663208008,142.6758657836914,142.6251663208008,162.79212275051236,122.4582098910892,0.2827966052547963,73.72204060103019,100610895.0,0.9813619091650064,-0.47320140919691467,0.03981661890917164,-0.002563740519606261,0.027481263710749826,0.14428149556692169,0.14387487839377724
2020-11-23 14:30:00,167.8333282470703,175.3333282470703,167.26333618164062,173.9499969482422,150780900,173.9499969482422,0.06584827501609536,162.59866943359376,144.31799926757813,143.3573989868164,144.31799926757813,168.81021206577273,119.82578646938352,0.33942007126614765,74.90464132428096,103914060.0,1.4510153871381795,0.527116331782729,0.04175151274729801,0.02836945409993966,0.048247226497180655,0.2053243381355624,0.21340089997195869
2020-11-24 14:30:00,180.13333129882812,186.663330078125,175.39999389648438,185.1266632080078,160945500,185.1266632080078,0.06425217853318599,170.18333435058594,146.49633255004883,144.06153228759766,146.49633255004883,176.97397950373053,116.01868559636712,0.41608750776432385,79.56965465898261,108558360.0,1.4825712179144932,0.06741304767381018,0.04336946303820686,0.03554661948298713,0.06421514580147532,0.26369486515822066,0.2850527151025276
2020-11-25 14:30:00,183.35333251953125,191.3333282470703,181.7899932861328,191.3333282470703,146790600,191.3333282470703,0.03352658623835669,176.00733337402343,149.2959991455078,144.94313232421874,149.2959991455078,185.2531161856987,113.33888210531691,0.48168895678371315,79.70450362046896,112080180.0,1.309692757452745,-0.0879484048948247,0.041296704874587586,-0.0095790128647436,0.05249648117823809,0.2815703658648737,0.3200579094639876
2020-11-27 14:30:00,193.72000122070312,199.5933380126953,192.81666564941406,195.25332641601562,112683300,195.25332641601562,0.020487795852708768,181.77333068847656,152.2114990234375,146.02533233642578,152.2114990234375,193.0728240363141,111.35017401056092,0.5369019459769563,83.52338368884756,114316050.0,0.9857172286831114,-0.23235343407547893,0.04127135906500995,0.012473900890653415,0.035145677581640326,0.28277645032554694,0.3371195483135361
2020-11-30 14:30:00,200.73666381835938,202.60000610351562,184.836669921875,189.1999969482422,189009300,189.1999969482422,-0.031002439645386293,186.97266235351563,155.20416564941405,146.86166564941405,155.20416564941405,197.7471586047567,112.66117269407141,0.5482197307956502,80.25304002337839,117389820.0,1.6100995810369247,0.6773497048808474,0.03927146253689161,0.028083195830736842,0.09610287931041314,0.2190394256274041,0.28828715180105313
2020-12-01 14:30:00,199.19667053222656,199.28334045410156,190.68333435058594,194.9199981689453,120310500,194.9199981689453,0.030232565079099327,191.16666259765626,158.27499923706054,147.7641323852539,158.27499923706054,203.03135776542442,113.51864070869667,0.5655518400771414,85.14428448503615,119052180.0,1.010569483061965,-0.3634678293607775,0.039242566705791744,0.05283654199380922,0.04510098448196765,0.23152739920092347,0.3191293111696795
2020-12-02 14:30:00,185.47999572753906,190.51333618164062,180.40333557128906,189.60667419433594,143327100,189.60667419433594,-0.027258998689319136,192.0626647949219,160.69033279418946,148.72806579589843,160.69033279418946,206.7834236629288,114.5972419254501,0.5736884113343012,79.47841728218683,121065780.0,1.1838778885329941,0.19130998541274447,0.039483102064733204,-0.048430138159678233,0.05604109579424293,0.179950721971447,0.2748547033115847
2020-12-03 14:30:00,196.67333984375,199.6566619873047,194.14332580566406,197.7933349609375,127656000,197.7933349609375,0.04317707064578702,193.35466613769532,163.56366653442382,150.14819915771486,163.56366653442382,211.44192122612463,115.685411842723,0.5854387555151107,82.84506629031841,122627115.0,1.04100956790837,-0.10933801074604876,0.039573976392628614,0.037270131336047466,0.02839827822440536,0.20927427925632655,0.3173207275911212
2020-12-04 14:30:00,197.00332641601562,199.67999267578125,195.1666717529297,199.67999267578125,88203900,199.67999267578125,0.00953853028069096,194.23999938964843,166.24616622924805,151.55653228759766,166.24616622924805,215.96452662115558,116.52780583734052,0.5981294067659585,84.16164865874127,122775135.0,0.7184182693018419,-0.3090501034028953,0.03924848605421056,-0.003994111050697916,0.023125469540030787,0.20111036064692792,0.3175281174741003
2020-12-07 14:30:00,201.63999938964844,216.26333618164062,201.01666259765625,213.9199981689453,168929100,213.9199981689453,0.07131413268972531,199.18399963378906,169.7763328552246,153.11933227539063,169.7763328552246,222.57064811362065,116.98201759682857,0.6219278549668753,86.37567357291049,127965690.0,1.320112445765736,0.9152112321564012,0.04015913277933078,0.009815739111377243,0.0758478097634188,0.26001071274972026,0.3970802705970693
2020-12-08 14:30:00,208.50332641601562,217.0933380126953,206.1666717529297,216.6266632080078,192795000,216.6266632080078,0.01265269756091203,203.52533264160155,173.58666610717773,154.6438656616211,173.58666610717773,228.420721920095,118.75261029426046,0.6317772792417251,85.20572753403205,132380490.0,1.4563701947318672,0.14127761291571428,0.03904212494558719,-0.025321016264462665,0.05299918831138794,0.24794529479733116,0.4008099337222488
2020-12-09 14:30:00,217.89666748046875,218.10667419433594,196.0,201.4933319091797,213873600,201.4933319091797,-0.06985904262531573,205.9026641845703,176.82199935913087,155.87993225097657,176.82199935913087,230.1282039798437,123.51579473841804,0.6029363406580004,69.89465682552793,138531540.0,1.543862141430031,0.10933167353925155,0.0429595667289371,0.005862640607825189,0.11278915405273438,0.13952637476935542,0.2926188060228475
2020-12-10 14:30:00,191.4566650390625,209.25,188.77999877929688,209.02333068847656,201249600,209.02333068847656,0.03737095767859411,208.14866333007814,180.3209991455078,157.2003323364258,180.3209991455078,232.35784369996975,128.28415459104588,0.5771578995352776,70.87417012359714,145990365.0,1.3785128902171044,-0.059025517875979094,0.04311263536893184,-0.04981140951424177,0.10843310389377982,0.1591735387391446,0.3296621424510982
2020-12-11 14:30:00,205.00332641601562,208.0,198.93333435058594,203.3300018310547,139425000,203.3300018310547,-0.027237767375868138,208.8786651611328,183.62483291625978,158.27919891357422,183.62483291625978,232.4391773927578,134.81048843976174,0.5316747599030825,69.1969189049583,149983350.0,0.9296031859536409,-0.30720359195744984,0.043828393741434796,-0.019232323297212486,0.04557640216011067,0.10731211351887929,0.2846287018553823
2020-12-14 14:30:00,206.3333282470703,214.25,203.39999389648438,213.27667236328125,156121800,213.27667236328125,0.048918853305726984,208.75,187.48033294677734,159.7774658203125,187.48033294677734,232.54904770795164,142.41161818560303,0.48078338727901226,68.95932075466146,154823775.0,1.0083838867770794,0.11975470683162981,0.043714831102917975,0.01477069979329005,0.05334319778316945,0.1375949093488493,0.3348357433778212
2020-12-15 14:30:00,214.42666625976562,215.63333129882812,207.93333435058594,211.0833282470703,135214500,211.0833282470703,-0.010284031966116491,207.6413330078125,191.232999420166,161.16126586914064,191.232999420166,230.37232511845565,152.09367372187637,0.40933652473122584,63.700343286582445,157558710.0,0.8581848632804876,-0.13391659588859472,0.04403761218083406,0.005392028503359018,0.03703108485366569,0.10380179617059876,0.30976464542333193
2020-12-16 14:30:00,209.41000366210938,210.8333282470703,201.6666717529297,207.58999633789062,126287400,207.58999633789062,-0.016549539644792777,208.86066589355468,194.2523323059082,162.55319915771486,194.2523323059082,228.04138463857444,160.46327997324195,0.347888253711727,58.83354727702278,154694835.0,0.816364683410406,-0.06602176541717053,0.04258137274828387,-0.007927317608912878,0.04545449386585346,0.06866153869894494,0.2770588177503629
2020-12-17 14:30:00,209.39666748046875,219.60667419433594,206.5,218.63333129882812,168810300,218.63333129882812,0.053197818564255206,210.782666015625,197.07333221435547,164.0905325317383,197.07333221435547,228.9674006526143,165.17926377609666,0.32367716199742164,61.79141044240645,151428750.0,1.1147836853965973,0.3367153017640714,0.03875545352462416,0.008703074206126184,0.06347057721228057,0.10940089580979921,0.3323945502860758
2020-12-18 14:30:00,222.96665954589844,231.6666717529297,209.51333618164062,231.6666717529297,666378600,231.6666717529297,0.059612778969587055,216.45,200.33549880981445,165.8843994140625,200.33549880981445,232.3759094699002,168.2950881497287,0.31986753072158053,70.00879982975492,175376385.0,3.799705416439049,2.9474996490143077,0.03993490443392768,0.01982007144714599,0.10573711428127376,0.1563935155239712,0.3965549055319462
2020-12-21 14:30:00,222.0800018310547,222.8333282470703,215.35667419433594,216.6199951171875,174135900,216.6199951171875,-0.06494968189377415,217.11866455078126,203.00633163452147,167.32346588134766,203.00633163452147,230.61263578799293,175.40002748105002,0.27197480917168565,59.39827751125343,179146395.0,0.9720312820137966,-0.7386832350258546,0.04330484830261192,-0.04138130810675734,0.03471754047421585,0.06706029005624871,0.29461814561501476
2020-12-22 14:30:00,216.0,216.6266632080078,204.7433319091797,213.44667053222656,155148000,213.44667053222656,-0.01464926902636221,217.5913330078125,204.9811653137207,168.64373260498047,204.9811653137207,229.28946524996405,180.67286537747736,0.2371759366187605,60.520120350147714,179364750.0,0.864986013138033,-0.10904069752417511,0.04206791864734591,-0.002862132449278719,0.05804013829421975,0.041298941810334236,0.2656661901108974
2020-12-23 14:30:00,210.73333740234375,217.1666717529297,207.52333068847656,215.32666015625,99519000,215.32666015625,0.008807772074100217,219.13866577148437,206.4911651611328,169.9725991821289,206.4911651611328,229.31299167778408,183.66933864448154,0.22104409647591985,58.19314261463201,176293425.0,0.5645077234162307,-0.3585544125609096,0.04016649908205234,-0.012711995568341032,0.04646870803615434,0.042788731363990896,0.2668316022250348
2020-12-24 14:30:00,214.3300018310547,222.02999877929688,213.6666717529297,220.58999633789062,68596800,220.58999633789062,0.02444349518922251,219.52999877929688,207.95399856567383,171.3090658569336,207.95399856567383,230.4329443905548,185.47505274079285,0.2161915229322404,59.47211129767755,172383735.0,0.3979308140643315,-0.31071654658909353,0.03991745613752396,-0.004628587674522493,0.03914193522908429,0.06076342777427398,0.2876726356217092
2020-12-28 14:30:00,224.836669921875,227.13333129882812,220.26666259765625,221.22999572753906,96835800,221.22999572753906,0.002901307404113318,217.44266357421876,209.25283203125,172.7411325073242,209.25283203125,231.6435958028211,186.8620682596789,0.21400679316232382,53.77673533305288,171591360.0,0.564339603112884,0.4116664334196347,0.03981911008785472,0.019251433222200593,0.03117434395287805,0.05723776151569786,0.28070247379071067
2020-12-29 14:30:00,220.3333282470703,223.3000030517578,218.3333282470703,221.99667358398438,68732400,221.99667358398438,0.003465523985226371,218.51799926757812,210.8926658630371,174.24993255615234,210.8926658630371,231.85831766502457,189.92701406104965,0.1988276995426998,52.831188355933506,165577515.0,0.4151070874568929,-0.29021704782735314,0.038820283595521025,-0.004053100835264047,0.022748129406368563,0.052652412901635436,0.274012967049187
2020-12-30 14:30:00,224.0,232.1999969482422,222.7866668701172,231.5933380126953,128538000,231.5933380126953,0.0432288658824449,222.14733276367187,212.7263328552246,176.0095993041992,212.7263328552246,234.21830521190918,191.23436049854,0.20206217131859647,66.85330343317557,165988890.0,0.7743771284933588,0.8701223876948863,0.03930469475613718,0.009024128081170276,0.04225266354746846,0.08869144174224568,0.31579947303004846
2020-12-31 14:30:00,233.3300018310547,239.57333374023438,230.3733367919922,235.22332763671875,148949700,235.22332763671875,0.01567398119122254,226.1266662597656,215.00716552734374,177.9011325073242,215.00716552734374,235.84033929569392,194.17399175899357,0.19379050663035413,65.339575023116,166270020.0,0.895830168300936,0.1587989543948094,0.038358640547377,0.007498764140893275,0.039935163836034605,0.09402552728785216,0.3222137730181936
2021-01-04 14:30:00,239.82000732421875,248.163330078125,239.06333923339844,243.2566680908203,145914600,243.2566680908203,0.03415197180829077,230.66000061035157,217.28033218383788,179.94866577148437,217.28033218383788,240.03750832605175,194.52315604162402,0.20947295057483006,72.75282471874549,167182950.0,0.8727839770742172,-0.020376677495825724,0.0380184319157071,0.01954176796018785,0.03806518755199938,0.1195521732036207,0.3518114571615127
2021-01-05 14:30:00,241.22000122070312,246.94667053222656,239.73333740234375,245.0366668701172,96735600,245.0366668701172,0.007317368906131216,235.42133483886718,219.54816589355468,182.0107992553711,219.54816589355468,243.90409603955982,195.19223574754955,0.22187322810807555,69.9564269358738,167609535.0,0.5771485494545403,-0.33703961084086176,0.03802643810295632,-0.00837250171229343,0.030088986404826528,0.11609525806250781,0.3462754291096615
2021-01-06 14:30:00,252.8300018310547,258.0,249.6999969482422,251.9933319091797,134100000,251.9933319091797,0.028390302267496503,241.42066650390626,221.45183258056642,184.24646575927736,221.45183258056642,249.61035908884026,193.29330607229258,0.25430836295318965,74.25398329102052,165868080.0,0.8084738184706787,0.3862528376316474,0.03557399255025445,0.03180477052876496,0.033239900493383816,0.1379148638000183,0.36769696433914406
2021-01-07 14:30:00,259.2099914550781,272.3299865722656,258.3999938964844,272.0133361816406,154496700,272.0133361816406,0.07944656360858104,249.50466613769532,224.22116622924804,186.88486572265626,224.22116622924804,260.1921680928243,188.2501643656718,0.3208528656638849,81.93595333258702,163953165.0,0.9423221564524235,0.15210067114093961,0.03892885267978269,0.028638295669265474,0.05390864165949492,0.21314745060031018,0.45551291769831176
2021-01-08 14:30:00,285.3333435058594,294.8299865722656,279.46331787109375,293.3399963378906,225166500,293.3399963378906,0.07840299470467449,261.1279998779297,228.8134994506836,189.9204656982422,228.8134994506836,274.66257535471004,182.96442354665714,0.4007549905411796,83.60724470312631,164517810.0,1.3686451333141378,0.4574194788626553,0.036528753118695884,0.04896821424712843,0.05498635319380256,0.28200476388900514,0.5445412649944109
2021-01-11 14:30:00,283.1333312988281,284.80999755859375,267.8733215332031,270.39666748046875,177904800,270.39666748046875,-0.07821411721500826,266.5559997558594,231.8821662902832,192.62159912109374,231.8821662902832,280.2977556158194,183.46657696474696,0.4175878645615796,65.99664035190216,163350570.0,1.0890981280322438,-0.20989667645942,0.042260170731171075,-0.03479465864350019,0.0632264382598896,0.16609514136576986,0.40377127338913243
2021-01-12 14:30:00,277.0,289.3333435058594,275.7799987792969,283.14666748046875,138812100,283.14666748046875,0.047152947996006445,274.17799987792966,235.8729995727539,195.54566589355468,235.8729995727539,287.4351584991407,184.31084064636713,0.4372027236672562,78.00887672114314,163319925.0,0.849939773117089,-0.21973943367463944,0.041728181243041854,0.02442090940343494,0.04914549563621205,0.20042000565280257,0.447982322628412
2021-01-13 14:30:00,284.2533264160156,286.8233337402344,277.3333435058594,284.8033447265625,99937500,284.8033447265625,0.005850950889994211,280.74000244140626,239.44933319091797,198.6547994995117,239.44933319091797,294.23388448627077,184.66478189556517,0.45758783760464206,80.43101600422403,160510710.0,0.6226220044755892,-0.2800519551249495,0.041129705898266,0.003908430021071011,0.03421871353227492,0.18940963806937322,0.4336595211597822
2021-01-14 14:30:00,281.1300048828125,287.6666564941406,279.5833435058594,281.6666564941406,93798900,281.6666564941406,-0.011013523157297866,282.67066650390626,242.97849960327147,201.61806610107422,242.97849960327147,299.1454881793497,186.81151102719323,0.4623206470349115,77.99155242751176,158439930.0,0.5920155354777044,-0.06142439024390245,0.04115396995805019,-0.01289781146101618,0.02891199771388328,0.1592246102187564,0.39703084123888394
2021-01-15 14:30:00,284.0,286.6333312988281,273.0333251953125,275.38665771484375,116332800,275.38665771484375,-0.02229585445953386,279.0799987792969,246.36833267211915,204.29979919433595,246.36833267211915,301.72001892271885,191.01664642151945,0.4493409169129284,72.92427105731575,157942200.0,0.7365529921705535,0.2402362927497017,0.0414075532529006,0.008284060083298907,0.04981079175513449,0.11778431394973078,0.3479536387252535
2021-01-19 14:30:00,279.26666259765625,283.3333435058594,277.6666564941406,281.51666259765625,76101000,281.51666259765625,0.022259629183487784,281.3039978027344,249.51249923706055,207.12359924316405,249.51249923706055,305.3723853975415,193.65261307657963,0.4477522074548157,74.11337453962123,153306735.0,0.49639697825408646,-0.34583367717445124,0.04047464916061735,0.014089298715517843,0.02040823728447326,0.12826677404320616,0.3591723184915998
2021-01-20 14:30:00,286.2466735839844,286.5,279.09332275390625,283.48333740234375,76997700,283.48333740234375,0.00698599786790699,281.3713317871094,252.10333251953125,209.872666015625,252.10333251953125,309.2694775134298,194.93718752563268,0.45351360033663757,74.35950943298592,123837690.0,0.6217630512972262,0.011783025190207796,0.03900285282732172,0.016801886405879495,0.026538353454714045,0.12447278887271905,0.3507396784164283
2021-01-21 14:30:00,285.0,285.239990234375,280.47332763671875,281.663330078125,61563300,281.663330078125,-0.006420156263490129,280.7433288574219,255.35549926757812,212.6395993041992,255.35549926757812,311.41194278708576,199.29905574807051,0.43904629961204034,71.13905927914581,118209060.0,0.5208001823210505,-0.2004527407961536,0.03500565252436197,0.005350094335539986,0.016995065583670182,0.10302433621364784,0.3246043117076299
2021-01-22 14:30:00,278.10333251953125,282.6666564941406,276.2066650390625,282.21331787109375,60199500,282.21331787109375,0.0019526425140830028,280.8526611328125,258.7938316345215,215.47546569824217,258.7938316345215,312.40960502086295,205.17805824818004,0.4143512466870516,70.36843316692197,113461635.0,0.5305714129714418,-0.022152808572639904,0.034488689430727144,-0.012639194309057956,0.023388253336191295,0.0904947621380951,0.30972367065823225
2021-01-25 14:30:00,285.0,300.1333312988281,279.6066589355469,293.6000061035156,123520200,293.6000061035156,0.040347806114603646,284.4953308105469,262.70749893188474,218.61173248291016,262.70749893188474,314.3547476804958,211.06025018327367,0.3931920402622557,71.20551923073215,114661695.0,1.0772577537773185,1.051847606707697,0.03492702463952455,0.00987438208064695,0.07341267350865534,0.11759278778578279,0.3430203528827879
2021-01-26 14:30:00,297.1266784667969,298.6333312988281,290.5333251953125,294.36334228515625,69394800,294.36334228515625,0.0025999188207492807,287.0646667480469,266.396166229248,221.71813262939452,266.396166229248,315.8700615377168,216.92227092077923,0.3714309857289304,70.95677178353621,114701595.0,0.6050029208399412,-0.43819067650473364,0.03499718525866512,0.012011826600704628,0.027879783147321757,0.10498340292120041,0.32764667821368215
2021-01-27 14:30:00,290.1166687011719,297.1666564941406,286.2200012207031,288.0533447265625,82002000,288.0533447265625,-0.02143608477064074,287.9786682128906,269.7373336791992,224.73413299560548,269.7373336791992,315.23388630700805,224.24078105139034,0.3373396778802468,65.4049880728839,113959905.0,0.7195688694194682,0.1816735547908488,0.03585656296072675,-0.014426638694265567,0.0382455985841345,0.06790313672020902,0.2817516453194726
2021-01-28 14:30:00,273.3333435058594,282.6666564941406,267.0,278.4766540527344,79134000,278.4766540527344,-0.033246240146660666,287.3413330078125,272.5613327026367,227.58033264160156,272.5613327026367,312.2174946699596,232.90517073531385,0.2909889056830198,53.031667679178874,114479985.0,0.6912474700271842,-0.0349747567132509,0.03732792944633662,-0.051101650059561826,0.05867661608292369,0.021702716564536494,0.22364112408292086
2021-01-29 14:30:00,276.6666564941406,280.8033447265625,260.0333251953125,264.510009765625,104972400,264.510009765625,-0.05015373491403896,283.80067138671876,274.2071662902832,230.14993286132812,274.2071662902832,309.15728100300686,239.2570515775596,0.25491758793586367,35.4741343918686,113301705.0,0.926485616434457,0.32651451967548706,0.03902532858670003,-0.006499638415832861,0.07987445269043697,-0.0353643438858653,0.14929431643588528
2021-02-01 14:30:00,271.42999267578125,280.6666564941406,265.1866760253906,279.9366760253906,76174200,279.9366760253906,0.058321672867634566,281.06800537109376,276.4428337097168,232.804599609375,276.4428337097168,306.2326178717086,246.653049547725,0.215522202274001,55.200611682049114,109662930.0,0.6946212361825459,-0.27434068383689425,0.04063393559633128,0.026161516217431072,0.05837389985335406,0.012638570762671972,0.2024533728934006
2021-02-02 14:30:00,281.55999755859375,293.5,280.73333740234375,290.92999267578125,73038600,290.92999267578125,0.039270726531715816,280.38133544921874,278.82649993896484,235.37893280029297,278.82649993896484,304.8233308574069,252.82966902052274,0.1864731718407884,54.325829737577685,106019130.0,0.6889190658327417,-0.041163543561993476,0.04081297445249125,0.005798888363795131,0.04547611878157248,0.04340868869876379,0.23600693237325757
2021-02-03 14:30:00,292.3399963378906,292.6933288574219,284.35333251953125,284.89666748046875,55030500,284.89666748046875,-0.020738065332563282,279.75,280.8194999694824,237.74839935302734,280.8194999694824,301.4713530393304,260.16764689963446,0.14708275651863395,50.04946084764701,103933875.0,0.529476073128227,-0.24655593069965742,0.041380128848599096,0.004846539365505412,0.029329694377039802,0.01451881906858109,0.19831161116433846
2021-02-04 14:30:00,285.0,285.5,277.8066711425781,283.3299865722656,47438100,283.3299865722656,-0.005499119810906672,280.7206665039063,282.3863327026367,240.15093231201172,282.3863327026367,297.960438735655,266.81222666961844,0.11030353972136732,50.89648039664619,99600780.0,0.47628241465578885,-0.13796712732030425,0.04121083130000442,0.00036270174883085995,0.02769310335774278,0.003341712258512951,0.1797996528456292
2021-02-05 14:30:00,281.6666564941406,288.25665283203125,279.65667724609375,284.07666015625,55699800,284.07666015625,0.0026353496607176563,284.6339965820313,282.9894989013672,242.35346557617189,282.9894989013672,297.7871349840349,268.1918628186995,0.10458081405928937,54.98070365203325,94660935.0,0.5884137949831153,0.17415748101209783,0.03748298956397556,-0.00587064609096981,0.03075190505238553,0.0038417017560843096,0.17215844007382053
2021-02-08 14:30:00,289.8900146484375,292.5899963378906,284.9166564941406,287.8066711425781,60485100,287.8066711425781,0.0131302972383458,286.20799560546874,282.71283264160155,244.4070657348633,282.71283264160155,296.8895305467722,268.5361347364309,0.10029044506191652,53.70712705252544,86426865.0,0.6998414208359865,0.085912337207674,0.03314829260622873,0.020464034211715932,0.026931875230354615,0.01801771236693063,0.17757099320031697
2021-02-09 14:30:00,285.0400085449219,286.6000061035156,280.5833435058594,283.1533203125,45473100,283.1533203125,-0.016168321643152184,284.6526611328125,283.3506652832031,246.24346557617187,283.3506652832031,296.28791157066644,270.4134189957398,0.09131615254570033,49.811469173623394,79805280.0,0.5698006447693686,-0.24819335671099163,0.027986513391011318,-0.009612920321383578,0.02144340616402486,-0.0006964690571870421,0.1498917124560635
2021-02-10 14:30:00,281.21331787109375,281.6066589355469,266.67333984375,268.2733459472656,108648300,268.2733459472656,-0.052550944303998315,281.3279968261719,282.606999206543,247.70386596679688,282.606999206543,297.1978527274062,268.01614568567976,0.10325896783751992,43.34383623364073,78297090.0,1.3876416096690183,1.389287292927027,0.0285220088281766,-0.006851420422212182,0.05599854526345471,-0.05071938522230875,0.08304060939939448
2021-02-11 14:30:00,270.8133239746094,276.6266784667969,267.24334716796875,270.5533447265625,64868400,270.5533447265625,0.008498789811735685,278.7726684570313,281.89449920654295,249.33093292236327,281.89449920654295,297.3969968552178,266.39200155786807,0.10998794011454803,44.30183224741127,76543635.0,0.8474695511912911,-0.4029506214087105,0.0285679838333144,0.009467873218545655,0.035111561796636534,-0.040231911271425086,0.0851174443357474
2021-02-12 14:30:00,267.086669921875,272.4433288574219,261.77667236328125,272.0400085449219,71304900,272.0400085449219,0.005494900903412869,276.36533813476564,281.41316680908204,250.8733331298828,281.41316680908204,297.5310272179611,265.295306400203,0.11454944053711469,38.33501750214649,75418935.0,0.9454509003607648,0.09922396729378247,0.028537673632115082,-0.012813276465649058,0.04074716206697725,-0.03330746166016873,0.08437196234037596
2021-02-16 14:30:00,272.6666564941406,273.6666564941406,264.14666748046875,265.40667724609375,59406900,265.40667724609375,-0.024383660823671716,271.8853393554688,280.9141677856445,252.38933319091797,280.9141677856445,298.3792587448894,263.4490768263996,0.1243446786391484,35.268780344214704,72572640.0,0.8185853511736655,-0.16686090296739775,0.02862201767749708,0.0023035139300669146,0.03604054181140026,-0.05520366118160323,0.05157644299225956
2021-02-17 14:30:00,259.6966552734375,266.61334228515625,254.00332641601562,266.04998779296875,77989500,266.04998779296875,0.0024238672272682837,268.4646728515625,280.14083404541014,253.75446624755858,280.14083404541014,298.82102116213485,261.46064692868543,0.13336282930960858,38.12127207102003,72667065.0,1.0732441168499098,0.3128020482469207,0.02809586025667075,-0.021514236310496933,0.04964508161002386,-0.050299151498054376,0.04845440447702254
2021-02-18 14:30:00,260.29998779296875,264.89666748046875,258.75665283203125,262.4599914550781,53871300,262.4599914550781,-0.013493691045324274,267.302001953125,279.08966674804685,255.01006622314452,279.08966674804685,299.28268491703597,258.89664857905774,0.14470631180493485,40.75570069292526,71510745.0,0.7533315447909261,-0.3092493220241186,0.0281071806828019,-0.021612479848991607,0.02372891510705704,-0.05958542101088057,0.02921423982304529
2021-02-19 14:30:00,265.0,265.5966796875,259.1233215332031,260.4333190917969,56874900,260.4333190917969,-0.007721833533733569,265.2779968261719,278.02816619873045,255.94033264160157,278.02816619873045,299.82024740067476,256.23608499678613,0.15676167993977744,47.27092501923438,71276325.0,0.797949389225665,0.05575510522300364,0.028115875485959965,0.009677698040147256,0.024981765886585405,-0.0632844051287848,0.017554819921590567
2021-02-22 14:30:00,254.2133331298828,256.1666564941406,236.73333740234375,238.1666717529297,111809100,238.1666717529297,-0.08549845855559934,258.5033294677734,275.8258338928223,256.3711328125,275.8258338928223,303.84901305054103,247.80265473510352,0.20319473895695883,24.383645069095053,73856805.0,1.5138632113858703,0.9658777422026237,0.03350170355680812,-0.023883218873855607,0.08208949066927858,-0.13653239657937855,-0.07100823271270693
2021-02-23 14:30:00,220.7100067138672,237.8699951171875,206.3333282470703,232.94667053222656,199820700,232.94667053222656,-0.021917429429917368,252.011328125,272.7931671142578,257.0001995849609,272.7931671142578,305.4603188272383,240.1260154012773,0.23950124600663528,11.730533454909548,77671830.0,2.572627682391415,0.7871595424701567,0.03162166936391981,-0.07329600279745171,0.15284330039185015,-0.14606852878152105,-0.09359342557546367
2021-02-24 14:30:00,237.28334045410156,248.3333282470703,231.38999938964844,247.33999633789062,110301000,247.33999633789062,0.06178807266392261,248.2693298339844,270.4419998168945,257.7665328979492,270.4419998168945,303.34044002115616,237.54355961263283,0.2432938687521604,27.675836818034384,79717140.0,1.3836547573081523,-0.44800013211844414,0.03549589348899163,0.01861657825787663,0.07322411902897416,-0.08542313507016414,-0.040449535643118185
2021-02-25 14:30:00,242.0500030517578,245.73666381835938,223.52667236328125,227.4066619873047,117071700,227.4066619873047,-0.08059082496045267,241.2586639404297,267.40966567993166,258.24806610107424,267.40966567993166,304.3988243295012,230.4205070303621,0.2766478807377342,22.715881926851594,81470625.0,1.4369805067777497,0.061383849647781874,0.038964077697314574,-0.02138753684990827,0.09936170578776335,-0.1495944568455032,-0.11942549882134922
2021-02-26 14:30:00,233.3333282470703,235.56666564941406,219.836669921875,225.1666717529297,123267600,225.1666717529297,-0.009850152211020369,234.20533447265626,264.7441665649414,258.48586608886717,264.7441665649414,305.8315815090439,223.65675162083892,0.31039335428774245,21.671518536775565,83677305.0,1.473130617674649,0.05292397735746546,0.038611273542842994,0.026061972890207105,0.07155310227874698,-0.14949335928919666,-0.12890141670060357
2021-03-01 14:30:00,230.0366668701172,239.6666717529297,228.35000610351562,239.47666931152344,81408600,239.47666931152344,0.06355291148192554,234.467333984375,263.4924995422363,259.05373291015627,263.4924995422363,306.1067857520765,220.87821333239611,0.3234572998007435,28.90562219708319,82499115.0,0.9867814945651235,-0.33957828334452844,0.04068036112678511,0.021628401216194356,0.04955842061280257,-0.09114426510217716,-0.0755714398658075
2021-03-02 14:30:00,239.42666625976562,240.3699951171875,228.3333282470703,228.81333923339844,71196600,228.81333923339844,-0.044527636486599076,233.6406677246094,260.9363327026367,259.4781997680664,260.9363327026367,305.4865906376379,216.3860747676355,0.3414645823643939,27.464740336933048,82250235.0,0.865609684884183,-0.1254412924433045,0.03882392438938348,-0.00020880134963279445,0.052715330532443316,-0.12310663347080023,-0.11817894744944911
2021-03-03 14:30:00,229.3300018310547,233.56666564941406,217.23666381835938,217.73333740234375,90624000,217.73333740234375,-0.048423758283395624,227.7193359375,257.27649993896483,259.4601998901367,257.27649993896483,303.4488035237091,211.10419635422056,0.35893137224502036,28.358534089103358,83129505.0,1.0901544523812574,0.2728697718711286,0.037991971676604334,0.002258009080184063,0.07517148138819182,-0.15369908462685916,-0.16082182356084435
2021-03-04 14:30:00,218.60000610351562,222.81666564941406,200.0,207.14666748046875,197758500,207.14666748046875,-0.04862218183112754,223.6673370361328,253.38899993896484,258.9697998046875,253.38899993896484,302.75191167029055,204.02608820763913,0.3896215837563274,24.65218752386602,90265905.0,2.1908438186045993,1.1821868379237288,0.03876786753422902,0.003980413433751675,0.1140833282470703,-0.18249542193873738,-0.20011264774233622
2021-03-05 14:30:00,208.68666076660156,209.27999877929688,179.8300018310547,199.31666564941406,268189500,199.31666564941406,-0.037799313531283074,218.4973358154297,249.18833389282227,258.62373321533204,249.18833389282227,302.001318260496,196.37534952514852,0.42388007129088956,22.330992825676205,101303475.0,2.6473869726581443,0.3561465120336167,0.03901943670355882,0.007434313594632238,0.16376576015335664,-0.200136448863045,-0.22931796254189274
2021-03-08 14:30:00,200.18333435058594,206.7100067138672,186.26333618164062,187.6666717529297,155361000,187.6666717529297,-0.05844967282854319,208.13533630371094,244.36783447265626,258.1081332397461,244.36783447265626,301.2180144370818,187.5176545082307,0.46528365803222654,21.50988039646623,106286535.0,1.4617185516490871,-0.42070438999289683,0.03980893585013242,0.004348199877557117,0.10977292123817294,-0.23203202189881988,-0.27291453625518347
2021-03-09 14:30:00,202.72666931152344,226.02999877929688,198.40333557128906,224.52667236328125,202569900,224.52667236328125,0.1964120760817838,207.2780029296875,241.2038345336914,258.29213348388674,241.2038345336914,294.8267878667949,187.58088120058792,0.44462770201618357,37.9747106176448,113390775.0,1.7864760162367705,0.30386583505512976,0.062440537301157666,0.08024865266657902,0.1392449533595728,-0.06914136420198862,-0.13072585937934464
2021-03-10 14:30:00,233.43333435058594,239.28334045410156,218.35333251953125,222.68666076660156,181817100,222.68666076660156,-0.00819506910832657,208.26866760253907,238.18050155639648,258.3340667724609,238.18050155639648,288.5654739634066,187.79552914938637,0.42308225969605606,38.36356475713925,120207975.0,1.5125211118480284,-0.1024475995693338,0.06242850832863534,0.0396686143947024,0.09585385161317915,-0.06505083618747137,-0.13798956696352932
2021-03-11 14:30:00,233.13333129882812,234.1666717529297,225.72666931152344,233.1999969482422,108761700,233.1999969482422,0.04721134236531421,213.47933349609374,236.4268341064453,258.573466796875,236.4268341064453,284.8031767659693,188.05049144692134,0.40922886644706097,42.40932274257093,120213645.0,0.9047367293454915,-0.40180709075219,0.06285004375719264,0.046911972617775,0.03739036449325478,-0.013648354132045442,-0.0981286678906045
2021-03-12 14:30:00,223.3333282470703,231.6266632080078,222.04666137695312,231.2433319091797,100751400,231.2433319091797,-0.008390501992574073,219.8646667480469,234.46133346557616,258.7583999633789,234.46133346557616,280.1174188403808,188.8052480907715,0.38945513701522927,47.823898289997516,122007795.0,0.8257783857170765,-0.0736500073095584,0.06276964450105811,-0.042309900644474464,0.04314409310028484,-0.013725084255178235,-0.10633497524367642
2021-03-15 13:30:00,231.3633270263672,237.72666931152344,228.01333618164062,235.97999572753906,88006800,235.97999572753906,0.020483461206222797,229.52733154296874,232.65833282470703,258.8461331176758,232.65833282470703,274.7769733134547,190.5396923359594,0.36206431961739627,50.956321849697105,122842890.0,0.7164175313687263,-0.1264955127174412,0.06300376583033768,0.0005189127668971135,0.04259984653768212,0.014276999506115643,-0.08833872507471992
2021-03-16 13:30:00,234.4499969482422,235.97332763671875,223.6666717529297,225.6266632080078,96587100,225.6266632080078,-0.04387377195940434,229.74732971191406,230.66933212280273,258.6541998291016,230.66933212280273,269.93702944947216,191.4016347961333,0.34046742985117995,42.97545604334252,124701900.0,0.7745439323699158,0.09749587531872539,0.06346353570791344,-0.0064835952495880264,0.05502230523367129,-0.02186102880859048,-0.1276899298094358
2021-03-17 13:30:00,218.9566650390625,234.57666015625,217.00332641601562,233.93666076660156,121117500,233.93666076660156,0.03683074261011732,231.99732971191406,229.06366577148438,258.46779968261717,229.06366577148438,264.6980477657577,193.4292837772111,0.3111308105042064,52.28433467918429,126858300.0,0.9547463587325385,0.25397180368807004,0.06417409300135339,-0.029562100835556677,0.08098186341413335,0.021273539732741892,-0.09490984542808954
2021-03-18 13:30:00,228.09666442871094,229.7433319091797,217.3333282470703,217.72000122070312,99674400,217.72000122070312,-0.06932072763951169,228.90133056640624,226.82666625976563,257.9214663696289,226.82666625976563,259.0916038057111,194.56172871382017,0.28448980957992936,47.627038126389735,129148455.0,0.7717815904185613,-0.17704377980060682,0.06577752461132415,-0.02496400657662283,0.05710124518040488,-0.040148123627728155,-0.15586707735025354
2021-03-19 13:30:00,215.53334045410156,219.07666015625,208.2066650390625,218.2899932861328,128682000,218.2899932861328,0.0026180050626212203,226.31066284179687,224.71949996948243,257.24739959716794,224.71949996948243,253.00205587607695,196.4369440628879,0.2517143008099909,42.60069469239239,132738810.0,0.9694376497725119,0.2910235727528834,0.06581503140089286,-0.010043453767873816,0.05220771926368513,-0.028611253959815508,-0.151439456227895
2021-03-22 13:30:00,228.19667053222656,233.2066650390625,222.9166717529297,223.3333282470703,118536600,223.3333282470703,0.023103830299388672,223.7813293457031,223.97783279418945,256.27379943847654,223.97783279418945,251.5445279552487,196.4111376331302,0.24615556653224652,48.00794474708845,133075185.0,0.8907490904483807,-0.07884086352403596,0.06341921123654405,0.04538310298588976,0.046160716492025126,-0.0028775372057080672,-0.12853624234542255
2021-03-23 13:30:00,225.2566680908203,225.93333435058594,219.1699981689453,220.72000122070312,91475700,220.72000122070312,-0.01170146456365928,222.79999694824218,223.3664993286133,254.82139953613282,223.3664993286133,250.63642332076967,196.0965753364569,0.24417201392440946,51.15690429541814,127657935.0,0.7165688525354886,-0.22829151502573886,0.06328624504908192,0.00861196964575855,0.030858859506980356,-0.011848232012700684,-0.13382470380237524
2021-03-24 13:30:00,222.6366729736328,222.67333984375,210.0366668701172,210.08999633789062,101385600,210.08999633789062,-0.04816058727810224,218.0306640625,221.50399932861328,253.61526611328125,221.50399932861328,246.90391823384752,196.10408042337903,0.22934049933384795,51.13973557312225,127212165.0,0.7969803831260949,0.10833368861894477,0.062323421473587846,0.008683724820267478,0.06016412830168886,-0.05152955714262005,-0.17161928160881837
2021-03-25 13:30:00,204.3333282470703,215.1666717529297,203.1666717529297,213.4633331298828,117674700,213.4633331298828,0.016056627401557888,217.17933044433593,220.80683288574218,252.22159942626953,220.80683288574218,246.28987367488392,195.32379209660044,0.23081750194141945,55.67379758080447,127242315.0,0.9248079147255377,0.16066482814127458,0.05996928568390155,-0.02740096240261618,0.059064805740348794,-0.03325757477649846,-0.15366751453702004
2021-03-26 13:30:00,213.9566650390625,214.60667419433594,199.9633331298828,206.23666381835938,101558400,206.23666381835938,-0.03385438241576755,214.76866455078124,219.86033248901367,250.65026580810547,219.86033248901367,246.0577404324049,193.66292454562245,0.23830954539923932,57.721838612828726,126156855.0,0.8050168974171082,-0.13695637210037503,0.06038287910369595,0.0023110850090564137,0.0732301309207613,-0.06196510537586432,-0.17719351641840494
2021-03-29 13:30:00,205.2133331298828,205.4933319091797,198.67333984375,203.76333618164062,85911000,203.76333618164062,-0.01199266702111268,210.85466613769532,218.07466583251954,249.09219940185548,218.07466583251954,243.49941705791238,192.6499146071267,0.23317473516083656,37.90813872851272,126381975.0,0.6797725704159948,-0.15407292749787316,0.058345326571487124,-0.004961924177448145,0.034327666061251025,-0.06562582405546347,-0.18197624545876165
2021-03-30 13:30:00,200.5833282470703,212.55332946777344,197.00332641601562,211.8733367919922,118297200,211.8733367919922,0.039801078851212424,209.08533325195313,217.22766571044923,247.82193298339843,217.22766571044923,242.2719404925634,192.18339092833506,0.2305808949353312,44.13127243022573,128737005.0,0.9189059509346206,0.3769738450256661,0.05850169170546741,-0.0156063794113361,0.07893269283646805,-0.024648466855939175,-0.14505817043164793
2021-03-31 13:30:00,215.5399932861328,224.0,213.70333862304688,222.64332580566406,100011900,222.64332580566406,0.05083220558444013,211.59599914550782,217.47316513061523,246.6444662475586,217.47316513061523,242.63429991830577,192.3120303429247,0.23139530592272078,44.28648302598824,129206400.0,0.7740475703989895,-0.15457086051064606,0.05859414515137787,0.017305889215028434,0.04818203329577126,0.023773786857535343,-0.09731067883681785
2021-04-01 13:30:00,229.4566650390625,230.80667114257812,219.80667114257812,220.5833282470703,105895200,220.5833282470703,-0.009252455923119962,213.0199981689453,218.1449981689453,245.38646606445312,218.1449981689453,242.85873699165055,193.43125934624007,0.22658084329364594,44.2370030772764,124613235.0,0.8497909551902734,0.05882599970603497,0.0574307726641113,0.030602036727323742,0.050043977022266185,0.011177565832779757,-0.10107785573988429
2021-04-05 13:30:00,235.90333557128906,236.05332946777344,228.23333740234375,230.35000610351562,125528400,230.35000610351562,0.04427659122771899,217.84266662597656,219.6966651916504,244.36019958496092,219.6966651916504,243.30511556797964,196.08821481532115,0.21491860475655947,47.11331871138914,117480180.0,1.0685070451883885,0.18540217120322744,0.05717210499783867,0.06945224485442146,0.0342631455791409,0.048491136188034,-0.05733418742185195
2021-04-06 13:30:00,230.10000610351562,232.18333435058594,227.1233367919922,230.5399932861328,84815400,230.5399932861328,0.0008247761127986308,223.197998046875,221.84033126831054,243.3267330932617,221.84033126831054,240.46236752465984,203.21829501196123,0.16788684140420257,52.812332198967795,113952900.0,0.7443022511932562,-0.3243329796285144,0.05500192980358912,-0.0010853049419397626,0.022278633407133673,0.03921587192051316,-0.05254967115441452
2021-04-07 13:30:00,229.0,230.4600067138672,222.6133270263672,223.6566619873047,78928200,223.6566619873047,-0.029857428208930892,225.5546630859375,221.7968307495117,241.9278662109375,221.7968307495117,240.3964962585599,203.19716524046353,0.1677180458006984,44.01815357339209,107770815.0,0.7323708185745835,-0.06941192283476827,0.03442843511286596,-0.006679939841160065,0.035248023073526986,0.008385292213184922,-0.0755233554108319
2021-04-08 13:30:00,225.7933349609375,229.85000610351562,223.88333129882812,227.93333435058594,71772900,227.93333435058594,0.01912159613436426,226.61266479492187,222.05916442871094,240.5992660522461,222.05916442871094,240.8586011267786,203.25972773064328,0.1693191699287238,56.90214608224857,102268605.0,0.7018077541978792,-0.09065581123096689,0.03461203737541296,0.009553361633171898,0.026650821970857157,0.026453174931948445,-0.05264326824218055
2021-04-09 13:30:00,225.92333984375,226.99000549316406,223.14332580566406,225.67333984375,64311300,225.67333984375,-0.009915155733034697,227.63066711425782,221.68283157348634,239.35166595458983,221.68283157348634,239.83337735113577,203.5322857958369,0.16375238126307173,54.8782196753936,100046085.0,0.6428167578971231,-0.10396124442512422,0.032980574440960225,-0.008818343804615915,0.017238605159313976,0.018000980238024586,-0.057147402990856584
2021-04-12 13:30:00,228.56666564941406,234.93333435058594,227.3633270263672,233.9933319091797,87407100,233.9933319091797,0.03686741230129442,228.3593322753906,221.82033157348633,238.46199951171874,221.82033157348633,240.31424584404635,203.3264173029263,0.1667467913276761,56.75082774737528,99378870.0,0.8795340498437948,0.3591250682228473,0.033992477597966614,0.012820857827811302,0.03329475963967074,0.054877748353110704,-0.018739537585398185
2021-04-13 13:30:00,237.56666564941406,254.3333282470703,236.8866729736328,254.10667419433594,133958400,254.10667419433594,0.0859569036478478,233.07266845703126,222.72666549682617,238.25393280029297,222.72666549682617,245.43813311371088,200.01519787994147,0.20394026522350409,67.30716568860328,101676450.0,1.317496824485906,0.532580305261243,0.03876997420052762,0.01527109217634159,0.07364979656487235,0.14089021908316104,0.06653716565229127
2021-04-14 13:30:00,256.8999938964844,260.2633361816406,242.67666625976562,244.07666015625,147052200,244.07666015625,-0.03947166704647498,237.15666809082032,223.64916534423827,237.53673248291017,223.64916534423827,248.2747544404732,199.02357624800334,0.2202162396477671,67.72847272234077,104199705.0,1.4112535155449817,0.09774527017342693,0.03849288745100335,0.010992704977170965,0.07246955462561819,0.09133722802215676,0.027532279344670847
2021-04-15 13:30:00,247.6999969482422,247.89666748046875,240.43666076660156,246.28334045410156,83546700,246.28334045410156,0.009040931223980753,240.82666931152343,224.2664993286133,236.64379943847655,224.2664993286133,250.5417411391983,197.99125751802828,0.23432159407887684,67.33084775064759,102321165.0,0.8165143545814788,-0.43185685083256153,0.037764334143908264,0.014845076910150459,0.031026910330903407,0.09817267042291246,0.040734390837614716
2021-04-16 13:30:00,242.88333129882812,249.80332946777344,241.53334045410156,246.5933380126953,83938500,246.5933380126953,0.0012587029151958085,245.0106689453125,225.71016616821288,235.8777328491211,225.71016616821288,253.59448429354657,197.8258480428792,0.2470807460622098,72.99001494238186,101534370.0,0.8267003577212327,0.0046895927666801285,0.03370563225797708,-0.01380527464425503,0.034239533962986846,0.09252207022398375,0.045428642348485045
2021-04-19 13:30:00,239.86666870117188,241.8000030517578,230.60000610351562,238.2100067138672,119058600,238.2100067138672,-0.03399658468630862,245.85400390625,226.7061668395996,234.97533325195312,226.7061668395996,254.89589579617316,198.51643788302604,0.24868956455444383,68.38528373966697,101053200.0,1.1781774352519268,0.41840275916295866,0.03491608503677739,-0.027278390266881947,0.04856893604423646,0.050743391918433536,0.013766012871000722
2021-04-20 13:30:00,239.13999938964844,245.75,236.89666748046875,239.663330078125,106827000,239.663330078125,0.006101017267521991,242.9653350830078,227.52266693115234,234.08706665039062,227.52266693115234,256.2420624664735,198.8032713958312,0.2524530493835285,65.96697866323606,100467720.0,1.0632967484481584,-0.10273596363471438,0.03465676088420021,0.0039040873580862517,0.03737212774536465,0.053360235754648495,0.023821322158146106
2021-04-21 13:30:00,234.92333984375,248.27999877929688,232.6666717529297,248.0399932861328,93646500,248.0399932861328,0.034951793439894185,243.75800170898438,228.88866653442383,233.2917330932617,228.88866653442383,258.8190517334098,198.95828133543787,0.26152789172271734,65.00452913575724,100576260.0,0.9310994463305754,-0.12338172933808866,0.035104619672334234,-0.019777703300833994,0.06710598861768688,0.08367092631398901,0.06321810034723893
2021-04-22 13:30:00,247.1666717529297,251.2566680908203,239.34666442871094,239.89666748046875,106770900,239.89666748046875,-0.03283069676699324,242.4806671142578,230.37900009155274,232.4266000366211,230.37900009155274,259.3201272754301,201.43787290767537,0.2512479624651217,60.64525939408802,100845525.0,1.0587569453379315,0.14014832374941943,0.0339999142795976,-0.0035208900050069055,0.04976047479306633,0.04131308576360555,0.032139468729786826
2021-04-23 13:30:00,239.93333435058594,245.7866668701172,238.48666381835938,243.13333129882812,85110000,243.13333129882812,0.013491908213451476,241.78866577148438,231.8625,231.92379974365235,231.8625,260.1879200095881,203.5370799904119,0.24432946258742216,57.59255238046212,99217290.0,0.8578141975052936,-0.20287269284046494,0.033969558929121305,0.0001528444329897694,0.03060969085180283,0.04860997918519861,0.0483328212437265
2021-04-26 13:30:00,247.0,249.76666259765625,244.20333862304688,246.06666564941406,93115500,246.06666564941406,0.012064715006025573,243.35999755859376,233.85400009155273,231.4340661621094,233.85400009155273,260.11911855857784,207.5888816245276,0.2246283446658381,58.93090292734937,98795145.0,0.9425108895786326,0.09406062742333443,0.032581568451428386,0.015903490815167027,0.02278152299628033,0.05222346230160753,0.06322578058605763
2021-04-27 13:30:00,239.32000732421875,241.3333282470703,234.4499969482422,234.913330078125,88311000,234.913330078125,-0.04532647907368281,242.40999755859374,235.41149978637696,230.69153259277343,235.41149978637696,257.5306800695907,213.29231950316324,0.1879192843449506,56.17164421964423,98915145.0,0.8927955370231727,-0.05159720991671635,0.03452609551921506,-0.027418010104658715,0.029359485555240625,-0.002116165559898417,0.018300617443138108
2021-04-28 13:30:00,232.1366729736328,236.1666717529297,231.1999969482422,231.46665954589844,66813000,231.46665954589844,-0.014672094304228334,239.09533081054687,236.39116592407225,230.01273223876953,236.39116592407225,255.67463514924822,217.1076966988963,0.16314881437971945,51.95499360886958,96340935.0,0.6935058290642498,-0.243435132656181,0.034004881835561426,-0.011819921430464403,0.021482157743277868,-0.0208320237303434,0.006321073155287889
2021-04-29 13:30:00,233.1699981689453,234.0833282470703,222.8333282470703,225.6666717529297,86536200,225.6666717529297,-0.02505755171974844,236.24933166503905,236.54233322143554,229.20506591796874,236.54233322143554,255.4150510226576,217.6696154202135,0.1595715874126822,49.996449617801765,95667150.0,0.9045550118300796,0.29520003592115307,0.03283223527427599,0.0073588940471537466,0.05048616420397566,-0.04597765364191604,-0.015437678704298026
2021-04-30 13:30:00,222.52999877929688,238.49000549316406,222.04666137695312,236.47999572753906,122276100,236.47999572753906,0.04791723957558203,234.91866455078124,237.337166595459,228.68546600341796,237.337166595459,254.65482634414684,220.01950684677115,0.14593297794108903,51.28976347292593,96486195.0,1.2672911394215514,0.4130051932023824,0.034330750663087314,-0.013899584503408582,0.07405355259224645,-0.0036116166726679615,0.03408406253506555
2021-05-03 13:30:00,234.60000610351562,235.3333282470703,226.8333282470703,228.3000030517578,81129300,228.3000030517578,-0.034590632711300695,231.36533203125,237.2346664428711,228.0427996826172,237.2346664428711,254.74959931149314,219.71973357424903,0.1476591354142575,34.72375020910087,94266240.0,0.8606400340142982,-0.33650729782843913,0.0339932830062916,-0.007949888607869698,0.03747244757058659,-0.03766171076546626,0.0011278732303698854
2021-05-04 13:30:00,226.31333923339844,227.81666564941406,219.23333740234375,224.53334045410156,89217900,224.53334045410156,-0.01649874089928205,229.28933410644532,236.93433380126953,227.77013305664062,236.93433380126953,255.12555312846902,218.74311447407004,0.15355494524873303,37.504797438348405,94486365.0,0.94424100239225,0.09970010834556686,0.03419379757833359,-0.008701987699531389,0.03915156494341882,-0.05233936824693966,-0.014210785931859411
2021-05-05 13:30:00,227.02000427246094,228.43333435058594,222.44667053222656,223.64666748046875,65705700,223.64666748046875,-0.003948959080373515,227.72533569335937,236.93383407592773,227.58413299560547,236.93383407592773,255.1265896633812,218.74107848847427,0.15356823695870653,35.27854733326943,93825240.0,0.7002987682205769,-0.26353680147145364,0.033518008534039044,0.011074808816055055,0.026912804781638967,-0.05607965045296563,-0.017301142497542887
2021-05-06 13:30:00,226.9199981689453,227.0066680908203,216.6666717529297,221.17999267578125,83353800,221.17999267578125,-0.011029338520784915,226.8279998779297,236.5961669921875,227.0609329223633,236.5961669921875,255.71921361537107,217.47312036900394,0.1616513645702047,33.92373652089793,94404285.0,0.8829450908928551,0.2685931357553455,0.03331491436049062,0.014636170193604272,0.04772305890073198,-0.06515817442179993,-0.0259002734239309
2021-05-07 13:30:00,221.93333435058594,230.0,220.07333374023438,224.1233367919922,70407600,224.1233367919922,0.013307460953421169,224.3566680908203,236.5186668395996,226.99526641845702,236.5186668395996,255.83964015898212,217.1976935202171,0.1633779995258088,40.4302482373605,94709100.0,0.7434090282771139,-0.15531625432793705,0.03339186756827109,0.0034060118444301625,0.04510617479663692,-0.052407407048398365,-0.012651936191350096
2021-05-10 13:30:00,221.63333129882812,221.68333435058594,209.20333862304688,209.67999267578125,94177200,209.67999267578125,-0.06444373139784076,220.632666015625,235.3029998779297,226.68553283691406,235.3029998779297,258.04898963976535,212.55701011609406,0.1933336147319481,32.68660430164296,95047605.0,0.9908424310112811,0.33759991819064994,0.035170058692494295,-0.011109978678726458,0.0596548592851386,-0.10889366992958495,-0.07501819788988134
2021-05-11 13:30:00,199.74667358398438,209.03334045410156,198.53334045410156,205.73333740234375,139511700,205.73333740234375,-0.018822278764288325,216.87266540527344,232.88433303833008,226.01066619873046,232.88433303833008,257.4279270108572,208.34073906580292,0.21077926241167588,24.253492054972497,95325270.0,1.4635332268138344,0.48137447280233436,0.027998116196159217,-0.0473737096469491,0.052887842293810945,-0.11658575431743445,-0.08971845947552282
2021-05-12 13:30:00,200.8300018310547,206.80332946777344,195.58999633789062,196.6300048828125,101470800,196.6300048828125,-0.044248212926854213,211.46933288574218,230.5120002746582,225.36699951171875,230.5120002746582,259.30487912025177,201.71912142906464,0.2498167454300553,23.973372750650228,93046200.0,1.090542117786648,-0.27267175441199554,0.028280545163203198,-0.023833451754587648,0.05733081108356518,-0.14698582005047386,-0.12751199018120649
2021-05-13 13:30:00,200.51333618164062,202.15333557128906,186.5500030517578,190.56333923339844,132554700,190.56333923339844,-0.030853203980896415,205.34600219726562,227.72600021362305,224.82359954833984,227.72600021362305,260.5887653026633,194.8632351245828,0.288616715335207,19.41826996393813,95496600.0,1.3880567475700705,0.30633344765193526,0.02824653579050971,0.019749433974446128,0.08364155595967557,-0.16319024154186793,-0.15238729556758576
2021-05-14 13:30:00,194.47000122070312,197.6233367919922,190.15333557128906,196.5800018310547,100112700,196.5800018310547,0.03157303299711356,199.83733520507812,225.225333404541,224.61226623535157,225.225333404541,259.61886524437705,190.831801564705,0.30541441604226377,22.208909579755428,96305310.0,1.0395345801804698,-0.2447442452059414,0.02978717588522892,0.020500595775769234,0.03928409248389229,-0.1271852110971668,-0.12480290980602245
2021-05-17 13:30:00,191.85000610351562,196.57666015625,187.06666564941406,192.27667236328125,97171200,192.27667236328125,-0.02189098294684022,196.35667114257814,222.9286666870117,224.4714663696289,222.9286666870117,259.72215972505734,186.13517364896612,0.33009207460701395,24.060029342925674,95210940.0,1.0205886004276399,-0.029381886613786268,0.02941262296846348,-0.02406142885075425,0.050837462002229925,-0.13749687188846543,-0.14342488391523966
2021-05-18 13:30:00,189.3333282470703,198.75,187.7933349609375,192.6233367919922,110491800,192.6233367919922,0.0018029458511532592,193.73467102050782,220.57666702270507,224.57059967041016,220.57666702270507,258.8501740891438,182.30315995626634,0.34703133004089737,25.441517757569073,95394180.0,1.1582656300415812,0.13708382730685642,0.02930243655320456,-0.015307858618698577,0.05834426999947348,-0.12672840970906277,-0.14225932925015652
2021-05-19 13:30:00,184.18333435058594,188.73666381835938,182.32666015625,187.82000732421875,118735200,187.82000732421875,-0.02493638386588848,191.97267150878906,217.56566772460937,223.8364663696289,217.56566772460937,256.21533173818483,178.91600371103388,0.35529193937434567,25.76624034413767,96648615.0,1.2285245887900205,0.07460644138298056,0.027417439773078398,-0.04381609508987138,0.03515669982994336,-0.13672037831833894,-0.16090523420761535
2021-05-20 13:30:00,191.6666717529297,196.28334045410156,190.35667419433594,195.5933380126953,92463300,195.5933380126953,0.04138712802336375,192.97867126464843,215.3505012512207,223.2945999145508,215.3505012512207,253.6883456364318,177.0126568660096,0.3560506631046793,22.759176114795125,95933235.0,0.9638296884286244,-0.22126462919168033,0.029592521732270834,0.020480589280729537,0.031134533553129146,-0.09174421756036376,-0.12405701666075243
2021-05-21 13:30:00,198.70333862304688,198.89332580566406,193.3333282470703,193.6266632080078,78091800,193.6266632080078,-0.010054917128925145,192.38800354003905,212.8751678466797,222.5031332397461,212.8751678466797,250.03484595728463,175.71548973607474,0.34912177391558114,24.81355831509299,95582325.0,0.8170108856422984,-0.1554292351668175,0.029083677206696357,0.01590034017492816,0.02875860881828068,-0.09042155942084958,-0.12978006022334984
2021-05-24 13:30:00,193.86666870117188,204.82666015625,191.21665954589844,202.14666748046875,103674300,202.14666748046875,0.0440022264046771,194.36200256347655,210.6791679382324,221.92119995117187,210.6791679382324,244.63261857710057,176.72571729936425,0.32232375864350044,34.788910576233405,96110265.0,1.0787016350438738,0.32759521486250787,0.03121086733858157,0.0012395270836549571,0.07117580990418204,-0.04049997226239875,-0.08910609925980036
2021-05-25 13:30:00,202.43666076660156,204.663330078125,198.57000732421875,201.56333923339844,84017700,201.56333923339844,-0.002885668382965889,196.1500030517578,209.01166839599608,221.23286682128906,209.01166839599608,241.182814254374,176.84052253761817,0.3078406684685762,34.93291373576139,95895600.0,0.8761371741769174,-0.18959954395640966,0.030055255594562284,0.0014345687205594493,0.03068601767213146,-0.035635949034605804,-0.08890870452707005
2021-05-26 13:30:00,202.52000427246094,208.72332763671875,200.5,206.3766632080078,85917900,206.3766632080078,0.023879957500782645,199.86133422851563,207.75716857910157,220.84786682128907,207.75716857910157,238.14902587407846,177.3653112841247,0.29257096159746204,40.213320442482754,96850845.0,0.8871156467452607,0.022616662917456676,0.030778193640526173,0.004746225393471669,0.04101410292627806,-0.006644802586285474,-0.06552566624966051
2021-05-27 13:30:00,206.74667358398438,210.3766632080078,205.40333557128906,210.28334045410156,79111800,210.28334045410156,0.018929840154243482,202.79933471679686,206.98800201416014,220.37480041503906,206.98800201416014,236.22823240438157,177.74777162393872,0.282530679128166,40.96527227160622,96479625.0,0.8199845304125094,-0.07921632162797276,0.03086127372295635,0.0017928886446023583,0.024212496953306115,0.01592043214039035,-0.04579225910554166
2021-05-28 13:30:00,209.5,211.8633270263672,207.4600067138672,208.4066619873047,68211000,208.4066619873047,-0.008924522802159385,205.75533447265624,205.58433532714844,220.1885336303711,205.58433532714844,231.35268350700795,179.81598714728892,0.25068396518493574,49.005624574153174,93776370.0,0.7273794027216025,-0.137789811380856,0.02844103349800819,-0.0037251664939788316,0.021224911645612465,0.013728315708806574,-0.05350810711535303
2021-06-01 13:30:00,209.26666259765625,211.26666259765625,206.85000610351562,207.96665954589844,54254700,207.96665954589844,-0.002111268599623961,206.9193328857422,204.56766815185546,219.9820669555664,204.56766815185546,228.06700101232863,181.06833529138228,0.2297463042207536,51.845110695548094,92432640.0,0.5869647345353329,-0.20460482913313105,0.027633130051354985,0.004126550476605927,0.02135197661986223,0.016615486820330903,-0.05461994050676382
2021-06-02 13:30:00,206.7100067138672,207.7866668701172,199.7133331298828,201.7066650390625,69908400,201.7066650390625,-0.030100952337768105,206.947998046875,203.42633438110352,219.54953369140625,203.42633438110352,224.97941683751085,181.87325192469618,0.21190061278919084,54.400965317053526,91467165.0,0.7643005006222725,0.288522469021117,0.0281127011177903,-0.00604256872123248,0.040424610684274706,-0.0084535237154662,-0.08127035549719398
2021-06-03 13:30:00,200.60000610351562,201.51666259765625,190.4066619873047,190.94667053222656,90335700,190.94667053222656,-0.05334476431283097,203.86199951171875,201.7913345336914,218.95406707763672,201.7913345336914,221.79111677003863,181.7915522973442,0.1982224091293476,50.30730425592297,92698665.0,0.974509179824758,0.2922009372264278,0.03011678343910751,-0.005486476787133234,0.05834880195049225,-0.053741970766609935,-0.12791448416201057
2021-06-04 13:30:00,193.23666381835938,200.20333862304688,192.39999389648438,199.68333435058594,72110700,199.68333435058594,0.045754470575515294,201.74199829101562,200.71650161743165,218.74593383789062,200.71650161743165,218.51878952122206,182.91421371364123,0.17738738728838363,52.383878240998385,92136510.0,0.7826506560754255,-0.20174748189254077,0.03235390975327067,0.011992842188606396,0.040557926060854656,-0.005147395747335909,-0.0871449318067402
2021-06-07 13:30:00,197.27667236328125,203.3333282470703,194.2933349609375,201.7100067138672,67631100,201.7100067138672,0.010149431698305955,200.4026672363281,199.5958351135254,218.5108673095703,199.5958351135254,213.6136145053729,185.57805572167788,0.14046164223691873,57.50902154360403,91997685.0,0.7351391505123199,-0.0621211553902542,0.032269514978207986,-0.012052392830536815,0.04652755220836729,0.010592263105787253,-0.07688798640802097
2021-06-08 13:30:00,207.6699981689453,207.69667053222656,198.5,201.19667053222656,78160200,201.19667053222656,-0.002544921741878703,199.04866943359374,199.17166900634766,218.41006744384765,199.17166900634766,212.3955729063288,185.94776510636652,0.13278900524310702,56.80639269981668,91196835.0,0.8570494798421459,0.1556842931728155,0.02905159775756479,0.029547326640728264,0.04633083391549905,0.010167116317202568,-0.07881228696587708
2021-06-09 13:30:00,200.72332763671875,203.92999267578125,199.2100067138672,199.5933380126953,49753800,199.5933380126953,-0.007968981371759054,198.62600402832032,198.86466903686522,218.32666748046876,198.86466903686522,211.72732486623056,186.00201320749989,0.12936089544373394,59.8472130509837,86708940.0,0.5738024245250836,-0.36343816929844086,0.028814582766079018,-0.002352637815803195,0.023693518411921723,0.0036641449653131196,-0.08580412866627621
2021-06-10 13:30:00,201.2933349609375,205.52999877929688,200.1666717529297,203.3733367919922,71758800,203.3733367919922,0.018938501740255687,201.11133728027343,199.20183563232422,218.15666748046874,199.20183563232422,212.17093519089195,186.23273607375648,0.13021064306360494,56.972989325050406,85223340.0,0.8420087736528514,0.4422777757678811,0.027258901064033288,0.008517303058151458,0.026794305862203,0.02094107790937979,-0.0677647438385081
2021-06-11 13:30:00,203.41000366210938,204.18666076660156,200.5066680908203,203.29666137695312,48615900,203.29666137695312,-0.0003770180312155924,201.83400268554686,199.83850173950196,217.76973419189454,199.83850173950196,212.26068422563492,187.416319253369,0.12432221396781487,58.97086580980036,81026400.0,0.6000007404993928,-0.32250957373869127,0.026152731890305016,0.00018029339880817286,0.018353467796464417,0.017304771639846558,-0.0664604421208873
2021-06-14 13:30:00,204.07666015625,208.49667358398438,203.05999755859375,205.89666748046875,61272000,205.89666748046875,0.012789221849023313,202.67133483886718,200.30433502197266,217.4760009765625,200.30433502197266,212.90942147830174,187.6992485656436,0.12585934752681557,53.90814833661981,79084365.0,0.7747675536118929,0.26032841107538895,0.025420975782453722,0.003836751543354662,0.026773742198149347,0.027919178373661407,-0.05324418990646076
2021-06-15 13:30:00,205.56333923339844,205.59666442871094,199.41000366210938,199.7866668701172,53292300,199.7866668701172,-0.029675082579620482,202.38933410644532,200.67983474731446,216.86473419189454,200.67983474731446,212.71245342711308,188.64721606751584,0.11991856276889465,48.339662719213685,76890420.0,0.693094146188823,-0.13023403838621228,0.025871668417012147,-0.0016189103551271992,0.031024826503110448,-0.004450710647245158,-0.07874985937854555
2021-06-16 13:30:00,199.17999267578125,202.8333282470703,197.8333282470703,201.6233367919922,66432300,201.6233367919922,0.009193155632698069,202.7953338623047,201.12983474731445,216.28640106201172,201.12983474731445,212.55148197111055,189.70818752351835,0.11357486807609089,45.29622343731408,74687445.0,0.889470780530784,0.24656470071661385,0.02591789970312162,-0.0030366100192779177,0.025273800144309327,0.002453649133146963,-0.06779466576733814
2021-06-17 13:30:00,200.6300048828125,207.1566619873047,200.44667053222656,205.53334045410156,68104200,205.53334045410156,0.019392614586788648,203.22733459472656,202.0155014038086,215.92393463134766,202.0155014038086,211.70768890494514,192.32331390267206,0.09595488894451559,45.29982461311005,72155895.0,0.9438480390271647,0.025166974498850747,0.025327391637289684,-0.004926671311885259,0.03347519535875421,0.017413708482009793,-0.048121548891679015
2021-06-18 13:30:00,204.4566650390625,209.4499969482422,203.93333435058594,207.77000427246094,73682700,207.77000427246094,0.010882243306208794,204.12200317382812,202.62433471679688,215.52066802978516,202.62433471679688,212.14621454811422,193.10245488547955,0.09398555059663329,49.374476781700736,71216865.0,1.0346243126540322,0.08191124776445502,0.02388703007176934,-0.005238446534563569,0.027051303874492845,0.02539512128617737,-0.035962508042398374
2021-06-21 13:30:00,208.16000366210938,210.4633331298828,202.9600067138672,206.94332885742188,74438100,206.94332885742188,-0.003978800587379316,204.33133544921876,203.29016799926757,215.14606781005858,203.29016799926757,211.98975501106835,194.59058098746678,0.08558787763736937,49.002148212050166,71034180.0,1.0479194663752014,0.01025206731023709,0.023746513889625995,0.001877072636226202,0.036969482498065774,0.01797017973917691,-0.03812637170705106
2021-06-22 13:30:00,206.0833282470703,209.52333068847656,205.1666717529297,207.90333557128906,57476700,207.90333557128906,0.004638983624974058,205.9546691894531,203.5780014038086,214.62426788330077,203.5780014038086,212.49646395211292,194.65953885550428,0.0876171539832935,56.73892488506134,68724300.0,0.8363373653860425,-0.22785912053101842,0.021770702925714668,-0.004155730049863452,0.021234730272338513,0.02124656955886366,-0.03131487589123022
2021-06-23 13:30:00,210.6666717529297,219.06666564941406,210.01333618164062,218.85667419433594,93297600,218.85667419433594,0.05268476618207507,209.40133666992188,204.44266815185546,213.9192678833008,204.44266815185546,215.6087458634992,193.27659044021172,0.1092343179883548,80.2252296913213,69188295.0,1.3484593022562559,0.6232247154064168,0.024534506679970598,0.01329144707586036,0.04310835508057074,0.07050390299041723,0.023080699367990763
2021-06-24 13:30:00,224.99667358398438,232.5399932861328,222.5366668701172,226.60667419433594,137947200,226.60667419433594,0.035411302984154513,213.61600341796876,205.45416870117188,213.5698681640625,205.45416870117188,220.38753856935818,190.52079883298558,0.14536935378426447,79.79341050636613,71789760.0,1.9215442425214961,0.4785717960590625,0.025144051677602648,0.02805488757540181,0.04495136265276245,0.10295486154836733,0.06104234713606071
2021-06-25 13:30:00,229.86000061035156,231.27000427246094,222.89999389648438,223.9566650390625,97490100,223.9566650390625,-0.011694312026312215,216.85333557128905,206.13783493041993,213.1233346557617,206.13783493041993,223.11428781669335,189.1613820441465,0.16470972339457896,74.28318358261805,72708675.0,1.3408317508192797,-0.29327960263057173,0.025182710603941692,0.014356710487819084,0.037550518641394075,0.08644133724727034,0.0508312728908773
2021-06-28 13:30:00,223.8800048828125,231.56666564941406,223.44000244140625,229.57333374023438,64884600,229.57333374023438,0.025079265670401973,221.37933654785155,207.1961685180664,212.7829345703125,207.1961685180664,227.14675697236248,187.24558006377032,0.1925768087024881,77.86941234686901,72542355.0,0.8944374634653094,-0.3344493440872458,0.02544933554867561,-0.0003422990614573982,0.036370672749786184,0.10799989875400039,0.07890857978732128
2021-06-29 13:30:00,228.21665954589844,229.1699981689453,225.29666137695312,226.9199981689453,52143900,226.9199981689453,-0.011557681931348984,225.18266906738282,208.14383544921876,212.55713439941405,208.14383544921876,229.96173129484447,186.32593960359304,0.20964248879663475,76.29583578787367,72436815.0,0.7198535716955529,-0.19635938265782638,0.025677939668753366,-0.005909546079384962,0.017192162406310798,0.09020763300149436,0.06757177927767007
2021-06-30 13:30:00,226.58999633789062,230.93666076660156,226.04666137695312,226.56666564941406,56774700,226.56666564941406,-0.0015570796861552605,226.72466735839845,209.38683547973633,212.29520111083986,209.38683547973633,232.45725526944574,186.31641569002693,0.22036170265290697,73.89420011544686,71780130.0,0.7909528723338897,0.08880808685196162,0.024404507872427348,-0.0014542650877733404,0.02163269901825236,0.08204828221562348,0.06722462148884392
2021-07-01 13:30:00,227.97332763671875,229.3300018310547,224.26666259765625,225.97332763671875,55903500,225.97332763671875,-0.0026188230779431443,226.597998046875,211.13816833496094,211.85386779785156,211.13816833496094,233.62507204372912,188.65126462619276,0.21300652445837032,73.11584473567635,70058520.0,0.7979543387442384,-0.01534486311684602,0.020168513361183804,0.006208600825159936,0.022577315659627395,0.070262801930831,0.06664716573567496
2021-07-02 13:30:00,226.32666015625,233.3333282470703,224.4199981689453,226.3000030517578,81163500,226.3000030517578,0.0014456370513082906,227.06666564941406,212.46900177001953,211.58193450927735,212.46900177001953,235.2500402388759,189.68796330116317,0.2144410552040433,71.80928502762465,70511160.0,1.1510731067252333,0.4518500630550859,0.018217034944199587,0.0015636027633282347,0.03971718274150848,0.06509656075246788,0.0695620284246674
2021-07-06 13:30:00,227.23666381835938,228.0,217.13333129882812,219.86000061035156,69853500,219.86000061035156,-0.028457809785947474,225.1239990234375,213.37650146484376,211.1164678955078,213.37650146484376,235.79610949693569,190.95689343275183,0.2101413030786412,71.30623162971068,70622280.0,0.9891142002212333,-0.1393483523997856,0.019780733852526336,0.004139022333054657,0.0500460644902864,0.030385253769736394,0.04141568302085921
2021-07-07 13:30:00,221.42333984375,221.89999389648438,212.77333068847656,214.88333129882812,56376000,214.88333129882812,-0.02263562857139878,222.71666564941407,214.06083450317382,210.4928012084961,214.06083450317382,235.7383291920732,192.38333981427445,0.2025358327618588,63.19488583099324,69533070.0,0.8107796764906252,-0.19293950911550606,0.020648501138094914,0.007110612339936615,0.04289383062471418,0.0038423506923313784,0.020858338456825127
2021-07-08 13:30:00,209.4566650390625,218.14332580566406,206.82000732421875,217.60333251953125,68319900,217.60333251953125,0.012658037290573132,220.9239990234375,214.96133422851562,210.14660125732422,214.96133422851562,235.57871717707866,194.3439512799526,0.1918241066241767,62.30207892363905,70461375.0,0.9696078170487022,0.2118614303959132,0.02056062276690528,-0.025254012151454484,0.054749628084552075,0.012290574490978163,0.03548347304973194
2021-07-09 13:30:00,217.72666931152344,219.6366729736328,214.89666748046875,218.98333740234375,54421500,218.98333740234375,0.006341837079579804,219.5260009765625,215.7418342590332,209.89693481445312,215.7418342590332,235.6829290783423,195.80073943972408,0.1848607145461328,61.63207431591163,69594510.0,0.7819797854744577,-0.2034312111112575,0.020287071966756793,0.000566796429834627,0.02205713819919923,0.015024916954301039,0.04328982982015876
2021-07-12 13:30:00,220.73333740234375,229.0800018310547,220.72000122070312,228.56666564941406,77781000,228.56666564941406,0.0437628194032984,219.97933349609374,217.00533447265624,209.9549346923828,217.00533447265624,236.8281804823839,197.18248846292857,0.18269455041645943,68.9822555432172,71052765.0,1.0946934999644278,0.4292329318376009,0.022115999162448302,0.00799147561069763,0.03787604460001883,0.05327671416397648,0.08864631347817753
2021-07-13 13:30:00,228.77333068847656,231.0933380126953,222.10000610351562,222.84666442871094,62898300,222.84666442871094,-0.0250255268170938,220.57666625976563,217.85283432006835,209.68226806640624,217.85283432006835,237.11743696806911,198.5882316720676,0.17685886629041786,62.10638900715164,71134080.0,0.8842217401279386,-0.19134107301268943,0.023108646961455537,0.000904178386972194,0.04049226322392853,0.022922952204081366,0.06278259236558593
2021-07-14 13:30:00,223.5833282470703,226.20333862304688,217.6133270263672,217.7933349609375,64923600,217.7933349609375,-0.022676262535623493,221.1586669921875,218.75316772460937,209.47213470458985,218.75316772460937,236.04477491415207,201.46156053506667,0.15809240496403953,49.04747207697752,71715645.0,0.9052920042760544,0.03219959839932085,0.02261618180486873,0.0033056982039551016,0.03947373864487112,-0.0043877433806134075,0.03972461668031744
2021-07-15 13:30:00,219.4633331298828,222.04666137695312,212.6266632080078,216.86666870117188,60628800,216.86666870117188,-0.004254796226577984,221.01133422851564,219.51533432006835,209.31880126953126,219.51533432006835,234.86225781487636,204.16841082526034,0.13982552555924085,40.05987238809665,71425470.0,0.8488400566352591,-0.06615159972644769,0.022671165751702384,0.007667811180929096,0.044302995808808525,-0.012065970822040787,0.036059194806497726
2021-07-16 13:30:00,218.22666931152344,218.89999389648438,214.06666564941406,214.74000549316406,49113000,214.74000549316406,-0.009806316575730722,220.16266784667968,219.97566757202148,209.14066802978516,219.97566757202148,234.05684401411594,205.89449112992702,0.1280248547261182,40.492411375805865,70475910.0,0.6968764220284633,-0.18993943472409147,0.02256033036165502,0.006271137093112057,0.02257861228607193,-0.023801096442374593,0.02677306865339773
2021-07-19 13:30:00,209.9633331298828,215.73333740234375,207.09666442871094,215.4066619873047,63891300,215.4066619873047,0.003104482057777691,217.53066711425782,220.35750045776368,209.02520141601562,220.35750045776368,233.4225960693693,207.29240484615806,0.11858090225623906,33.723954087598486,69986340.0,0.9129110052047299,0.30090403762751206,0.022473872548024257,-0.0222439798877313,0.041703583191248464,-0.022467301817157462,0.03052962287828762
2021-07-20 13:30:00,217.3300018310547,220.79666137695312,213.5,220.1666717529297,46461300,220.1666717529297,0.02209778342837665,216.99466857910156,221.01866760253907,208.94606811523437,221.01866760253907,232.4633906970389,209.57394450803923,0.10356340682571699,42.599366595433736,68587500.0,0.6774018589393112,-0.27280709580177587,0.022859233040308652,0.008928878178630124,0.03417639989205211,-0.00385485922456802,0.05370095613145074
2021-07-21 13:30:00,219.8699951171875,221.6199951171875,216.76333618164062,218.42999267578125,41859900,218.42999267578125,-0.007888019850240235,217.12200012207032,221.54500045776368,209.12106811523438,221.54500045776368,231.292462097306,211.79753881822137,0.08799532031327069,41.34581084629595,67806660.0,0.6173420133066575,-0.09903726327072204,0.022993199424737123,-0.0013475092909389893,0.022405352404602008,-0.014060384010228596,0.04451452282855244
2021-07-22 13:30:00,218.81333923339844,220.72332763671875,214.86666870117188,216.4199981689453,45317100,216.4199981689453,-0.009202007847976312,217.032666015625,221.42316665649415,209.3348013305664,221.42316665649415,231.37096166027877,211.47537165270953,0.08985324484332011,40.136295562485444,65407635.0,0.692841133913495,0.08258978162871866,0.019867057594499585,0.0017550087921588417,0.027257177536884915,-0.022595505985652,0.03384624435757573
2021-07-23 13:30:00,215.45333862304688,216.26666259765625,212.43333435058594,214.4600067138672,43814700,214.4600067138672,-0.009056424875986235,216.97666625976564,220.8158332824707,209.6914013671875,220.8158332824707,230.91318301578366,210.71848354915772,0.09145494309184157,38.17419405181527,60701010.0,0.7218117128528834,-0.03315304818710818,0.018057303385679315,-0.004466590675894138,0.0180448527948257,-0.02878338239664654,0.02274106289332035
2021-07-26 13:30:00,216.99000549316406,222.73333740234375,215.70333862304688,219.2066650390625,76009800,219.2066650390625,0.022133069927244398,217.73666687011718,220.5783332824707,210.2642678833008,220.5783332824707,230.5876943072141,210.56897225772732,0.0907556138972678,49.32460122337454,59626995.0,1.274754832102473,0.7348013337989305,0.018731989792330695,0.011797065653702057,0.03259105224876548,-0.006218508513488776,0.04252932391120706
2021-07-27 13:30:00,221.13333129882812,222.1666717529297,209.0800018310547,214.92666625976562,98439900,214.92666625976562,-0.01952494819687245,216.68866577148438,219.84599990844725,210.631201171875,219.84599990844725,229.20655294061976,210.48544687627475,0.08515554557345248,50.04545309049006,61304760.0,1.6057464379601192,0.2950948430333984,0.018120713692007417,0.008789268608334944,0.06259168647056725,-0.022376270892944326,0.020393299112345283
2021-07-28 13:30:00,215.6666717529297,218.32333374023438,213.13333129882812,215.66000366210938,48019800,215.66000366210938,0.0034120354402995545,216.13466796875,219.28300018310546,211.09886779785157,219.28300018310546,228.19587102362138,210.37012934258954,0.08129103335026888,47.873043272625495,61098555.0,0.7859400275505697,-0.5121917027546756,0.018063614119068608,0.0034430603984229383,0.024350965706670707,-0.016522012732272048,0.02160663347861038
2021-07-29 13:30:00,216.59666442871094,227.89666748046875,216.26666259765625,225.78334045410156,91183800,225.78334045410156,0.04694118807422987,218.00733642578126,219.24383392333985,211.76206787109376,219.24383392333985,228.0278921814539,210.4597756652258,0.08013049307635672,56.24694237721498,62819010.0,1.4515319486887808,0.8988792123249161,0.021169248721342685,0.004343228928388125,0.053776225809009814,0.029827550511857485,0.06621238980128863
2021-07-30 13:30:00,223.9199981689453,232.50999450683594,223.0,229.06666564941406,88969200,229.06666564941406,0.014541928508582602,220.9286682128906,219.39850082397462,212.58700103759764,219.39850082397462,228.7707103372846,210.02629131066462,0.0854354927505125,50.51946273146592,64472295.0,1.3799601828971653,-0.024287208912109337,0.021402412558320857,-0.008252789073846837,0.0426457152772912,0.04406668591229938,0.07751962505412954
2021-08-02 13:30:00,233.3333282470703,242.31333923339844,232.8000030517578,236.55667114257812,100847400,236.55667114257812,0.032697928666004517,224.39866943359374,219.9113342285156,213.40626770019531,219.9113342285156,231.68770746775942,208.1349609892718,0.10710110309281898,63.73840338321366,65456490.0,1.5406783956793284,0.13350912450600871,0.022554559778147933,0.018626291981681725,0.04086484560537377,0.07569112784685261,0.10848042886400015
2021-08-03 13:30:00,239.6666717529297,240.88333129882812,233.6699981689453,236.5800018310547,64860900,236.5800018310547,9.862621233169833e-05,228.72933654785157,220.7473342895508,214.26533447265626,220.7473342895508,234.68409381735285,206.81057476174874,0.12626888177522838,70.93611338122508,65206860.0,0.9946944232554673,-0.3568411282789641,0.021367032399344503,0.013146957958658008,0.030869744453318793,0.07172302937410077,0.10414501913395673
2021-08-04 13:30:00,237.0,241.63333129882812,236.30999755859375,236.97332763671875,51007800,236.97332763671875,0.001662548831768751,232.99200134277345,221.85183410644532,214.96186767578126,221.85183410644532,237.2559070214533,206.44776119143734,0.13886811418126077,72.67669341659817,64938450.0,0.785479172970713,-0.21358168018020096,0.020450812304172464,0.0017752902430241736,0.022526908701416406,0.06816032687391747,0.10239704464299001
2021-08-05 13:30:00,238.6666717529297,240.31666564941406,237.1366729736328,238.2100067138672,38758800,238.2100067138672,0.005218642492307302,235.47733459472656,222.8821678161621,215.69480102539063,222.8821678161621,239.77448460291657,205.98985102940765,0.15158069353208733,77.0122039884767,63460395.0,0.6107557319805526,-0.2401397433333725,0.02037363498847888,0.007145716073189647,0.013409957371438845,0.06877104188230887,0.10438455438629773
2021-08-06 13:30:00,237.3000030517578,238.77667236328125,232.5433349609375,233.03334045410156,46869000,233.03334045410156,-0.021731523084098314,236.27066955566406,223.58466796875,216.2279345703125,223.58466796875,240.95608756080972,206.2132483766903,0.15539007884465206,68.37898983984955,63082770.0,0.7429762516769635,0.20924796433326098,0.02120670629393857,-0.003820173949293625,0.02680505723112134,0.042259930303772765,0.07772078994873959
2021-08-09 13:30:00,236.72332763671875,239.67666625976562,235.0433349609375,237.9199981689453,44145900,237.9199981689453,0.020969779282747014,236.5433349609375,224.05233459472657,216.78066772460937,224.05233459472657,242.46112361778535,205.6435455716678,0.16432579518849658,68.46228304299946,61401015.0,0.7189767139842884,-0.05810023683031429,0.019459702251807973,0.015834589056770487,0.019712668302626624,0.06189475150662026,0.0975148322321371
2021-08-10 13:30:00,237.99667358398438,238.8633270263672,233.9600067138672,236.663330078125,40296900,236.663330078125,-0.005281893495678203,236.56000061035155,224.74316787719727,217.34580108642578,224.74316787719727,243.97983922840487,205.50649652598966,0.1711880412909262,69.15267516201251,60270945.0,0.668595788567775,-0.08718816469932655,0.01848291862552207,0.0003222739392617842,0.020957942262742175,0.05303904146906514,0.08887923711955108
2021-08-11 13:30:00,237.57000732421875,238.39332580566406,234.73666381835938,235.94000244140625,29401800,235.94000244140625,-0.0030563570472872392,236.35333557128905,225.6505012512207,217.90526794433595,225.6505012512207,245.21598693050737,206.08501557193404,0.17341406795727934,71.07386063932097,58494855.0,0.5026390782573955,-0.27037067367464995,0.017535121176952502,0.0038310846289302466,0.015577719849227449,0.04559928355191227,0.08276410509578543
2021-08-12 13:30:00,235.44667053222656,240.93333435058594,233.13333129882812,240.75,52377300,240.75,0.020386528392057013,236.86133422851563,226.84466781616212,218.68613464355468,226.84466781616212,247.05752232102907,206.63181331129516,0.17820876901764088,76.73740916651226,58082280.0,0.9017776161679604,0.7814317490765872,0.017777228088318078,-0.002090921014134525,0.03345726245278862,0.06129891576339343,0.1008928407482628
2021-08-13 13:30:00,241.23666381835938,243.3000030517578,238.1133270263672,239.05667114257812,50194500,239.05667114257812,-0.007033557040173943,238.06600036621094,228.0605010986328,219.64833465576172,228.0605010986328,248.13249115674319,207.98851104052244,0.17602337942272198,71.5246285074378,58136355.0,0.8633926223960894,-0.04167454221580724,0.01766295894298851,0.0020214488820742473,0.021782384422423716,0.04821602158626158,0.08836095441940697
2021-08-16 13:30:00,235.02333068847656,236.5,225.46665954589844,228.72332763671875,68032200,228.72332763671875,-0.0432254973537064,236.22666625976564,228.72633438110353,220.22913452148438,228.72633438110353,247.89404705690285,209.5586217053042,0.1676038985861777,63.22448294260534,58343400.0,1.1660650562017298,0.3553716044586559,0.020763079300195234,-0.01687190085440451,0.04893557422779618,-1.3145597742003594e-05,0.03856979746885269
2021-08-17 13:30:00,224.22000122070312,224.86000061035156,216.27999877929688,221.90333557128906,71163900,221.90333557128906,-0.02981764971635026,233.27466735839843,228.81316757202148,220.6330010986328,228.81316757202148,247.8327720407306,209.79356310331238,0.16624571628048873,55.35908458767598,59578530.0,1.194455452324856,0.04603261396809155,0.021509009017801832,-0.019688968600388056,0.039670805804887015,-0.030198576742999177,0.005757681155269981
2021-08-18 13:30:00,223.25,231.92333984375,223.11666870117188,229.663330078125,61048200,229.663330078125,0.03497015710402862,232.0193328857422,229.37483444213868,221.20233428955078,229.37483444213868,247.75613783842635,210.993531045851,0.16027306082633475,53.47130320726852,60537945.0,1.0084286805572935,-0.14214650967695697,0.022718511486473733,0.006068698450358831,0.03947114840789065,0.0012577475497169126,0.038250029393898245
2021-08-19 13:30:00,226.07000732421875,228.85000610351562,222.52999877929688,224.49000549316406,42940500,224.49000549316406,-0.02252568828990298,228.767333984375,229.7783348083496,221.70026763916016,229.7783348083496,247.29627156609735,212.26039805060185,0.15247683618526411,46.03935084313804,60419115.0,0.7107105094141151,-0.29661316795581194,0.02327609468243533,-0.01564604481126309,0.028400698148059008,-0.023014917048625814,0.012583376121784779
2021-08-20 13:30:00,227.61666870117188,230.7100067138672,224.56666564941406,226.75332641601562,44525700,226.75332641601562,0.010082056516856674,226.3066650390625,230.39300079345702,222.16786743164062,230.39300079345702,246.44957333772032,214.33642824919372,0.139384204285422,40.67235709137917,60454665.0,0.7365138819311959,0.03691619799489998,0.023187010417587414,0.01392785037863533,0.02735642463536375,-0.015797677728518734,0.02063961380817557
2021-08-23 13:30:00,228.47999572753906,237.3766632080078,226.9166717529297,235.43333435058594,60794700,235.43333435058594,0.03827951753459802,227.64866638183594,231.2043342590332,222.81060089111327,231.2043342590332,246.5029055290189,215.9057629890475,0.13233810100502458,49.06328171003566,59693910.0,1.0184405745912775,0.3653844858138109,0.02414775238425818,0.007614747438613463,0.04609617871738892,0.018291179986334994,0.056652302040338526
2021-08-24 13:30:00,236.89332580566406,238.4066619873047,234.2133331298828,236.163330078125,39249300,236.163330078125,0.0031006472789958384,230.50066528320312,232.26616744995118,223.4159341430664,232.26616744995118,245.63383632771382,218.89849857218854,0.11510646621095266,49.34192877200864,56734380.0,0.6918080359739545,-0.35439602465346487,0.023516621225962372,0.006201294557991684,0.017903886176695447,0.016778864829780166,0.057056789543469544
2021-08-25 13:30:00,235.67666625976562,238.99000549316406,234.6666717529297,237.06666564941406,37936800,237.06666564941406,0.0038250458739306215,231.98133239746093,233.3365005493164,224.16153411865236,233.3365005493164,244.3213423699309,222.35165872870192,0.09415450900098513,49.0660498332775,56230230.0,0.6746691237080126,-0.033440086829574,0.02351534906132681,-0.0020607086553123305,0.018423296789184553,0.01598620486428898,0.05757067813396928
2021-08-26 13:30:00,236.10333251953125,238.46665954589844,232.5399932861328,233.72000122070312,39642900,233.72000122070312,-0.01411697599720807,233.82733154296875,233.73333358764648,224.80346740722655,233.73333358764648,244.1267968957316,223.33987027956138,0.08893436933921717,50.57819235389726,53653185.0,0.7388731908459861,0.04497216423103678,0.02167593516873498,-0.004063553714917631,0.025486653611764137,-5.704093095630255e-05,0.03966368453438697
2021-08-27 13:30:00,235.0,238.3333282470703,234.03334045410156,237.30667114257812,41501400,237.30667114257812,0.015346011908018431,235.93800048828126,234.14533386230468,225.4389340209961,234.14533386230468,244.41240380673145,223.87826391787792,0.08769826650028043,49.471997822573925,51279795.0,0.8093129077446585,0.046881030398886026,0.021701246299482283,0.00547663346145615,0.01837339835694077,0.013501602735899707,0.05264280179960721
2021-08-30 13:30:00,238.24000549316406,243.6666717529297,237.57666015625,243.6366729736328,55812600,243.6366729736328,0.02667435264494311,237.57866821289062,234.49933395385742,226.15626739501954,234.49933395385742,245.57301155587166,223.42565635184317,0.09444527978227193,55.52096433399415,49028055.0,1.138380871931387,0.3448365597305152,0.02129058731981607,0.003933030395193456,0.0256338799976159,0.0389653090510413,0.07729348286457538
2021-08-31 13:30:00,244.3333282470703,246.79666137695312,242.14666748046875,245.24000549316406,62566200,245.24000549316406,0.00658083407543808,239.39400329589844,234.93233413696288,226.92220092773437,234.93233413696288,246.98273843144378,222.88192984248198,0.10258617093937908,57.26184782652727,48913320.0,1.2791239686858304,0.12100493436965842,0.021314393257482085,0.00285940234257301,0.019203212436774246,0.043875064682207296,0.0807228402092891
2021-09-01 13:30:00,244.69332885742188,247.3300018310547,243.7566680908203,244.69667053222656,39612900,244.69667053222656,-0.0022155233598404322,240.92000427246094,235.3185012817383,227.6580676269531,235.3185012817383,248.11613483672645,222.52086772675014,0.1087686134773229,53.30173324751644,48343575.0,0.8194036125793345,-0.3668642174209078,0.021335401368436483,-0.002229149500477506,0.014659429701849226,0.03985308932109902,0.07484295673278481
2021-09-02 13:30:00,244.8333282470703,246.99000549316406,243.51333618164062,244.1300048828125,38331900,244.1300048828125,-0.002315788147756681,243.00200500488282,235.61450119018554,228.16353424072267,235.61450119018554,248.95602118579995,222.27298119457112,0.11324871710544918,54.32583144029581,48322230.0,0.7932560231595271,-0.03233795051611976,0.021338777465071894,0.0005584780313786582,0.01427712077719691,0.03614167909704904,0.06997818777318068
2021-09-03 13:30:00,244.0833282470703,244.6666717529297,241.39999389648438,244.52333068847656,45738300,244.52333068847656,0.0016111325842673718,244.4453369140625,236.1890007019043,228.52186737060546,236.1890007019043,250.0422587152334,222.33574268857518,0.11730654663985306,66.22178022879426,48265695.0,0.9476357897674529,0.19321765944291824,0.02063105775973059,-0.0001911958170180403,0.0135322201285809,0.03528669820272911,0.07002158481367876
2021-09-07 13:30:00,246.6666717529297,253.39999389648438,246.4199981689453,250.97332763671875,60119400,250.97332763671875,0.02637783858939624,245.91266784667968,236.84166717529297,229.0622006225586,236.84166717529297,252.1878211505145,221.49551320007143,0.1295899843828023,80.07449753784942,49064370.0,1.225316864355947,0.31442139301198346,0.020917779594903575,0.008765384711627978,0.028325605792568768,0.05966712120366285,0.09565579547655094
2021-09-08 13:30:00,253.86000061035156,254.81666564941406,246.92333984375,251.2899932861328,56379000,251.2899932861328,0.0012617502122473923,247.12266540527344,237.57300033569337,229.49653381347656,237.57300033569337,254.22214419326573,220.923856478121,0.14016023566690608,76.44710094654059,49868475.0,1.130553922092063,-0.06221618978233312,0.02083436969561782,0.01150191138163989,0.03196670598518091,0.05773801286786453,0.09496204195558308
2021-09-09 13:30:00,251.1366729736328,254.03334045410156,250.5433349609375,251.6199951171875,42233100,251.6199951171875,0.001313231087076927,248.50733032226563,238.35699996948242,229.9905337524414,238.35699996948242,256.12171798852296,220.59228195044184,0.14905975508430655,87.63525370057172,50510040.0,0.8361327767707173,-0.25090725270047354,0.02078806460019228,-0.0006101329802075363,0.013929747896539309,0.05564340526774202,0.0940450070350624
2021-09-10 13:30:00,253.1999969482422,254.20333862304688,244.83999633789062,245.42333984375,45552600,245.42333984375,-0.024627038366134335,248.76599731445313,238.5906669616699,230.36766723632812,238.5906669616699,256.6090460856525,220.57228783768733,0.1510401002137881,73.35114565004142,50168805.0,0.9079865466199564,0.07859948713213094,0.021286151051178048,0.006279317469658284,0.0382426990083532,0.028637636874445607,0.0653549727183575
2021-09-13 13:30:00,246.73666381835938,248.25999450683594,236.28334045410156,247.6666717529297,68857500,247.6666717529297,0.00914066245943812,249.39466552734376,239.0211669921875,230.80153411865234,239.0211669921875,257.4921657812582,220.55016820311675,0.15455533935766003,68.23694904088849,51101955.0,1.3474533410708065,0.5116041674898908,0.02126502299043623,0.00535125948267801,0.05068767874077377,0.03617045665677292,0.07307203437221166
2021-09-14 13:30:00,247.52333068847656,251.49000549316406,245.46665954589844,248.163330078125,55574700,248.163330078125,0.0020053498586631857,248.832666015625,239.9931671142578,231.23880065917967,239.9931671142578,258.2269270003104,221.75940722820522,0.15195232518742274,68.01442561426143,50479080.0,1.1009451836285447,-0.19290273390698176,0.018418321018700622,-0.0005787660626219458,0.024538346504606883,0.03404331490811772,0.07319069883903352
2021-09-15 13:30:00,248.3333282470703,252.2866668701172,246.1199951171875,251.94332885742188,46073100,251.94332885742188,0.015231899000174076,248.9633331298828,241.49516677856445,231.8804672241211,241.49516677856445,258.35169322738386,224.63864032974507,0.13960135661245548,70.55735882586369,49224540.0,0.9359782742510139,-0.1709698837780501,0.016708343772969668,0.0006850253375137854,0.025055549631363718,0.04326447695923337,0.08652243060175166
2021-09-16 13:30:00,250.94332885742188,252.97000122070312,249.20333862304688,252.3300018310547,41770200,252.3300018310547,0.0015347617076681974,249.10533447265624,242.62850036621094,232.62940063476563,242.62850036621094,259.18074104206954,226.07625969035232,0.13644102527836188,78.00744308492585,48260640.0,0.8655127656823449,-0.09339289086256408,0.015325266341109017,-0.0039691465717114245,0.015114815950976593,0.03998500361746785,0.084686635234123
2021-09-17 13:30:00,252.38333129882812,253.67999267578125,250.0,253.163330078125,84612600,253.163330078125,0.0033025333532406,250.65333251953126,244.062166595459,233.3406005859375,244.062166595459,258.8750973106474,229.2492358802706,0.12138653787943558,76.02014142061616,50344245.0,1.6806806815754214,1.0256690176250052,0.01392300138402597,0.00021134810520527706,0.014719970703125,0.03729034946146113,0.08495190910802063
2021-09-20 13:30:00,244.85333251953125,247.3333282470703,239.5399932861328,243.38999938964844,74273100,243.38999938964844,-0.03860484330594227,249.797998046875,244.8940002441406,233.8287338256836,244.8940002441406,257.28479282560454,232.5032076626767,0.10119310860299766,49.636317333935644,51831615.0,1.4329690479449657,-0.1221981123378788,0.01708986294599611,-0.0328246494309793,0.032534587874135434,-0.0061414361029376065,0.04089003694085194
2021-09-21 13:30:00,244.92999267578125,248.24667358398438,243.47999572753906,246.4600067138672,48992100,246.4600067138672,0.012613531089680885,249.45733337402345,245.4453338623047,234.18660064697266,245.4453338623047,257.01793827034294,233.87272945426645,0.0942988340901237,51.72414090540148,51241485.0,0.956102267527961,-0.3403789528106407,0.0152163686669245,0.0063272660750017225,0.019577287416167686,0.004134007502182656,0.052408660585138316
2021-09-22 13:30:00,247.8433380126953,251.22332763671875,246.3733367919922,250.64666748046875,45378900,250.64666748046875,0.0169871810945057,249.1980010986328,246.16950073242188,234.7426007080078,246.16950073242188,257.0907932602359,235.24820820460786,0.08872985886001453,57.62364654217455,51547965.0,0.8803237916375555,-0.07375066592368973,0.0155628066352977,0.005612802325507245,0.019685534595090162,0.018187333259100207,0.06775108874355416
2021-09-23 13:30:00,251.6666717529297,252.73333740234375,249.30667114257812,251.2133331298828,35842500,251.2133331298828,0.00226081461648886,248.97466735839845,246.8768341064453,235.41100067138672,246.8768341064453,257.12765408325953,236.62601412963107,0.08304400057556155,59.075767831077364,51443250.0,0.6967386391800674,-0.21015053251621352,0.015562882078000703,0.004069490660754226,0.013744783659663562,0.01756543516581128,0.0671265676345974
2021-09-24 13:30:00,248.6300048828125,258.26666259765625,248.18666076660156,258.1300048828125,64119000,258.1300048828125,0.027533059916662994,249.96800231933594,248.0973342895508,236.23626739501952,248.0973342895508,257.53260864682073,238.66205993228084,0.07606107001744868,64.93707589252064,52667055.0,1.217440390392058,0.7889098137685708,0.015931597229202062,-0.010283404208225983,0.040614599511188364,0.040438445749492534,0.09267729180288663
2021-09-27 13:30:00,257.7066650390625,266.3333435058594,256.4366760253906,263.78668212890625,84212100,263.78668212890625,0.02191406322043732,254.0473388671875,249.42133483886718,237.21720092773438,249.42133483886718,259.8593583038785,238.9833113738559,0.08369792000154698,64.31553307689109,54802590.0,1.5366445272020903,0.3133720114162728,0.016219006547107593,-0.0016400257069773448,0.03859302668347194,0.05759470134870164,0.11200486767932975
2021-09-28 13:30:00,262.3999938964844,265.21331787109375,255.39332580566406,259.1866760253906,76144200,259.1866760253906,-0.01743835612317879,256.59267272949216,250.19883499145507,238.0928012084961,250.19883499145507,261.12762874841445,239.2700412344957,0.08736086846553562,58.05181432923822,55819170.0,1.3641227556769475,-0.09580452215299229,0.016177178264566137,-0.005256854596412997,0.03845046472710879,0.035922793302544796,0.0885951809959293
2021-09-29 13:30:00,259.9333190917969,264.5,256.8933410644531,260.4366760253906,62828700,260.4366760253906,0.004822778775393388,258.55067443847656,250.95866851806642,238.8982012939453,250.95866851806642,262.5300441897741,239.3872928463587,0.0922173817707731,58.82432894720766,55832295.0,1.12531107668062,-0.17487215047239313,0.016162744339481065,0.0028807154667669214,0.029610183370375513,0.03776720510709073,0.09015754247954313
2021-09-30 13:30:00,260.3333435058594,263.0433349609375,258.3333435058594,258.49334716796875,53868000,258.49334716796875,-0.0074618094773734045,260.0066772460938,251.64850234985352,239.69946838378905,251.64850234985352,263.29279926174246,240.0042054379646,0.09254413837679418,64.2987445972141,56545050.0,0.9526563333129956,-0.1426211269690444,0.016296180734002838,-0.00039676638908252635,0.018232224269459415,0.027200022071258788,0.07840600945383962
2021-10-01 13:30:00,259.4666748046875,260.260009765625,254.52999877929688,258.40667724609375,51094200,258.40667724609375,-0.0003352887910832436,260.06201171875,252.3623359680176,240.53920196533204,252.3623359680176,263.81479877183517,240.90987316419998,0.09076206051024184,62.33160176952389,57183165.0,0.8935182234141814,-0.05149253731343284,0.016268984949360563,0.0037653875714112,0.022512124361799182,0.023951043466494827,0.07428092857536327
2021-10-04 13:30:00,265.5,268.989990234375,258.7066650390625,260.510009765625,91449900,260.510009765625,0.008139621398127295,259.40667724609375,253.161669921875,241.4602020263672,253.161669921875,264.54180667472724,241.78153316902277,0.0899041055967447,63.67194179448967,59468745.0,1.5377808965028605,0.7898293739798254,0.016305692780695744,0.027450230115961437,0.039748976678895404,0.02902627339287851,0.0788941928292497
2021-10-05 13:30:00,261.6000061035156,265.7699890136719,258.0666809082031,260.1966552734375,55297800,260.1966552734375,-0.001202850103416031,259.6086730957031,253.62283630371093,242.28000183105468,253.62283630371093,265.37115643217965,241.8745161752422,0.09264402448681883,59.89923059466029,59227665.0,0.9336481524301186,-0.39532137268602807,0.015391749477546053,0.004184086204101218,0.02985006851081598,0.025919665064602023,0.07395019525745407
2021-10-06 13:30:00,258.73333740234375,262.2200012207031,257.739990234375,260.9166564941406,43898400,260.9166564941406,0.0027671424905384434,259.7046691894531,254.10416946411132,243.19980163574218,254.10416946411132,266.23272122340023,241.97561770482244,0.09546125736438879,60.21733407170028,58603635.0,0.7490729883905666,-0.20614563328016666,0.015392044223206384,-0.0056238919349519195,0.017381900970253945,0.02680981994272814,0.0728489691983148
2021-10-07 13:30:00,261.82000732421875,268.3333435058594,261.1266784667969,264.53668212890625,57587400,264.53668212890625,0.013874260399496352,260.9133361816406,254.75000381469727,244.17733520507812,254.75000381469727,267.67128414144645,241.82872348794808,0.10144282734651498,62.6915660861706,59371350.0,0.969952679196279,0.31183368869936023,0.015617387399877398,0.003462219860610591,0.02759834836247439,0.03841679359238684,0.08337934766438845
2021-10-08 13:30:00,265.4033203125,265.4599914550781,260.3033447265625,261.8299865722656,50215800,261.8299865722656,-0.010231834522373306,261.597998046875,255.57033615112306,244.8982681274414,255.57033615112306,268.0749723209885,243.0656999812576,0.09785671027541501,74.43023286372448,59604510.0,0.8424832281986715,-0.12800716823471803,0.014593577745881397,0.0032760605320189405,0.01981014394545126,0.024492867659888076,0.06913776309766796
2021-10-11 13:30:00,262.54998779296875,267.0799865722656,261.8333435058594,263.9800109863281,42600900,263.9800109863281,0.008211528565575943,262.2919982910156,256.386003112793,245.59653503417968,256.386003112793,268.84804328821565,243.92396293737036,0.09721310854820858,73.7913497604477,58291680.0,0.7308229922349124,-0.1516435066254047,0.014575616900527263,0.002749880676881153,0.02003810132107502,0.029619432345510177,0.07485234247946541
2021-10-12 13:30:00,266.9766540527344,270.7733459472656,265.5233459472656,268.5733337402344,66060000,268.5733337402344,0.01740026730336086,263.967333984375,257.40650329589846,246.23686828613282,257.40650329589846,270.36617254808584,244.44683404371108,0.10069418671438736,74.07765072177085,58815945.0,1.123164815255455,0.5506714646873658,0.014906608393485694,0.011351780217031092,0.019772272683859136,0.04338208359677387,0.09071129603608376
2021-10-13 13:30:00,270.15667724609375,271.8033447265625,268.59332275390625,270.3599853515625,42360300,270.3599853515625,0.006652379022320076,265.8559997558594,258.3273361206055,246.91246795654297,258.3273361206055,272.235036671769,244.4196355694419,0.10767502007352764,74.9002141966712,58630305.0,0.7224983734947311,-0.3587602179836512,0.014690245294118524,0.005895386127167761,0.011951235197300025,0.04657907835715585,0.09496287323630144
2021-10-14 13:30:00,271.8299865722656,273.4166564941406,271.1166687011719,272.7733459472656,36741600,272.7733459472656,0.008926471099504285,267.5033325195312,259.349503326416,247.62846832275392,259.349503326416,274.36239115722833,244.33661549560372,0.11577340722274032,71.57020082552715,58378875.0,0.6293646460299209,-0.13264070367773595,0.014727508887451966,0.0054371996610060825,0.008483387627869626,0.05175966195683982,0.10154275796649674
2021-10-15 13:30:00,274.5799865722656,281.07000732421875,274.1166687011719,281.010009765625,56773800,281.010009765625,0.030195999501915205,271.33933715820314,260.741837310791,248.48446838378905,260.741837310791,278.2901119365011,243.19356268508096,0.13460267678326907,73.57845922459893,56986935.0,0.9962599322107778,0.5452184989222026,0.015845172739059006,0.006623230062035724,0.02536634731478899,0.07773272085474853,0.13089567164254157
2021-10-18 13:30:00,283.92999267578125,291.7533264160156,283.8233337402344,290.03668212890625,72621600,290.03668212890625,0.03212224493643445,276.55067138671876,263.0741714477539,249.62453521728514,263.0741714477539,283.1321412734413,243.01620162206652,0.15248908484861168,87.6677996770138,56904360.0,1.2762044946995275,0.2791393213066591,0.013188429368904587,0.010391028108186064,0.0279398898296328,0.10249014767497644,0.1618917262137091
2021-10-19 13:30:00,292.510009765625,292.6499938964844,287.5033264160156,288.0899963378906,52143300,288.0899963378906,-0.006711860640270406,280.45400390625,265.1556709289551,250.62793518066405,265.1556709289551,286.5499074995504,243.7614343583598,0.16137114092745614,83.19982237620192,57061920.0,0.9138020592367029,-0.28198635116824744,0.013602523467814804,0.008527637326989848,0.017901244986019926,0.08649381447730937,0.1494728076908993
2021-10-20 13:30:00,288.45001220703125,289.8299865722656,285.7933349609375,288.6000061035156,42096300,288.6000061035156,0.0017703140411262641,284.1020080566406,267.05333786010743,251.6666687011719,267.05333786010743,289.72370492077437,244.3829707994405,0.16978156680103001,87.43354974330565,56897790.0,0.7398582616301969,-0.19268055531583161,0.013493879197659335,0.0012496645968865057,0.014124372816041559,0.08068301417260378,0.14675498186928462
2021-10-21 13:30:00,285.3333435058594,300.0,285.1666564941406,298.0,94444500,298.0,0.03257101073349511,289.1473388671875,269.3926712036133,252.90786865234375,269.3926712036133,294.6849910929098,244.1003513143168,0.18777288763123007,89.971618602324,59827890.0,1.5786032233461684,1.2435344673997477,0.014573526242152874,-0.011318996980494022,0.05201640222675949,0.106191934133073,0.17829469517076005
2021-10-22 13:30:00,298.5,303.3333435058594,296.9866638183594,303.2266540527344,68642400,303.2266540527344,0.01753910755951127,293.5906677246094,271.6475036621094,254.15740173339844,271.6475036621094,300.50208359605097,242.79292372816778,0.21244134067090534,90.56652440618372,60054060.0,1.1430101478567811,-0.27319854517732634,0.014055036240052103,0.0016778523489932886,0.02137025146483246,0.11625047152984307,0.19306639108156973
2021-10-25 13:30:00,316.84332275390625,348.3399963378906,314.73333740234375,341.6199951171875,188556300,341.6199951171875,0.12661598362581983,303.90733032226564,275.53916931152344,256.20866821289064,275.53916931152344,317.8070942783289,233.27124434471796,0.3068015706980487,94.87118253211187,65271270.0,2.8888100384748143,1.7469362959337085,0.02995123512959401,0.04490590955372871,0.10677819900783289,0.23982370989495638,0.3333662654743839
2021-10-26 13:30:00,341.5633239746094,364.9800109863281,333.8133239746094,339.4766540527344,187245000,339.4766540527344,-0.006274050392506725,314.1846618652344,279.5536682128906,258.4237347412109,279.5536682128906,329.7837010083903,229.3236354173909,0.3593587815649599,92.62455939098263,70826310.0,2.6437209562378725,-0.006954421570639635,0.029445785724743188,-0.00016588941920300899,0.09336561716778376,0.21435235038379163,0.3136434793525872
2021-10-27 13:30:00,346.5533447265625,356.9599914550781,343.59332275390625,345.9533386230469,115579500,345.9533386230469,0.019078438805710585,325.65532836914065,283.8295013427734,260.9047348022461,283.8295013427734,341.25188609538225,226.4071165901646,0.40462590732075676,92.84631600451098,73463850.0,1.573284002948389,-0.3827365216694705,0.029385197829852654,0.020845883183262522,0.038902585748866715,0.21887730833606378,0.3259757009977752
2021-10-28 13:30:00,356.10333251953125,360.3333435058594,351.3999938964844,359.0133361816406,81639600,359.0133361816406,0.03775074872979922,337.8579956054688,288.85550079345705,263.4917349243164,288.85550079345705,354.0156980224197,223.6953035644944,0.45116120032316603,96.11817127524367,74852430.0,1.090674010182435,-0.29364982544482365,0.029331037348551345,0.029339199144263434,0.02542216779891747,0.2428821164750785,0.36252219176727196
2021-10-29 13:30:00,360.6199951171875,371.7366638183594,357.7366638183594,371.3333435058594,89755200,371.3333435058594,0.03431629436179362,351.4793334960938,294.5018341064453,266.4286016845703,294.5018341064453,367.63564912968434,221.36801908320626,0.4966611854566951,96.4598745099448,76785480.0,1.1689084967626693,0.09940764040980121,0.029280083080350634,0.004475206833915483,0.039134931965230414,0.2608863528219792,0.3937442945614664
2021-11-01 13:30:00,381.6666564941406,403.25,372.88665771484375,402.86334228515625,168146100,402.86334228515625,0.0849102277797451,363.7280029296875,301.6195007324219,269.95080200195315,301.6195007324219,387.4334789129887,215.80552255185512,0.5690214191866567,97.12920259126192,80620290.0,2.0856548643027706,0.8733856088560885,0.03266293636061032,0.02782759256338691,0.08142780562659846,0.33566742636627994,0.4923583827035322
2021-11-02 13:30:00,386.4533386230469,402.86334228515625,382.0,390.6666564941406,128213400,390.6666564941406,-0.03027499529203259,373.96600341796875,308.143000793457,273.0554684448242,308.143000793457,400.30031172997377,215.98568985694027,0.5981463846280138,89.34674099100224,84266070.0,1.521530551976614,-0.23748811301600214,0.03437595218722289,-0.040733424811071506,0.05461607928051374,0.2678096062159069,0.430722697916163
2021-11-03 13:30:00,392.4433288574219,405.1300048828125,384.2066650390625,404.6199951171875,103885500,404.6199951171875,0.03571673801973452,385.6993347167969,315.3281677246094,276.42460174560546,315.3281677246094,414.1491730207665,216.50716242845226,0.6267819713617342,90.09445002400831,87265425.0,1.190454295042968,-0.1897453776282354,0.03424239549774031,0.004547796270163377,0.054458555115442134,0.2831711103923985,0.46376260492747573
2021-11-04 13:30:00,411.4700012207031,414.4966735839844,405.6666564941406,409.9700012207031,76192200,409.9700012207031,0.013222297879683653,395.8906677246094,322.5998336791992,279.88266845703123,322.5998336791992,426.93362675160677,218.26604060679162,0.6468310406890013,89.91743443903765,88195665.0,0.8638996032287981,-0.2665752198333743,0.034251556728604235,0.016929479971773766,0.021766681950532184,0.2708314091332944,0.4647923841831008
2021-11-05 13:30:00,409.3333435058594,413.2900085449219,402.6666564941406,407.36334228515625,64886400,407.36334228515625,-0.006358169933862068,403.09666748046874,329.8765014648437,283.3555352783203,329.8765014648437,436.6366329773539,223.11636995233357,0.6472733343444169,87.81963958136097,88929195.0,0.7296411487813422,-0.1483852677833164,0.034066132070383566,-0.0015529373196772314,0.026382497481352383,0.23489651574521325,0.43764031955483684
2021-11-08 14:30:00,383.2633361816406,399.0,377.6666564941406,387.64666748046875,100337100,387.64666748046875,-0.04840070953386311,400.05333251953124,336.0598342895508,286.3623352050781,336.0598342895508,441.06065585061344,231.05901272848814,0.6248936102884193,78.79301180944258,91816005.0,1.0928062051926568,0.5463502367214086,0.037524598253225336,-0.05916095927611844,0.05648723057496169,0.15350490575577233,0.3536929261414772
2021-11-09 14:30:00,391.20001220703125,391.5,337.17333984375,341.1666564941406,177317400,341.1666564941406,-0.11990303254359846,390.15333251953126,339.6895004272461,288.3129348754883,339.6895004272461,439.77128999177114,239.60771086272112,0.5892545365025804,62.0095579823599,97378875.0,1.8209021207114993,0.7672167124622897,0.0488757065506247,0.009166452402796762,0.16112383079108686,0.0043485479093013125,0.18332067425791326
2021-11-10 14:30:00,336.8033447265625,359.3666687011719,329.10333251953125,355.98333740234375,128408100,355.98333740234375,0.043429451929624774,380.4260009765625,343.97066802978514,290.5278015136719,343.97066802978514,438.750269880884,249.1910661786863,0.5510911868967366,62.927122792283235,101681265.0,1.262849159085501,-0.2758291064497901,0.04930738487338766,-0.012789385142193879,0.09195694236807703,0.03492352833852218,0.22529869963440183
2021-11-11 14:30:00,367.5899963378906,368.3233337402344,351.55999755859375,354.5033264160156,67189800,354.5033264160156,-0.004157528824601631,369.332666015625,348.05716705322266,292.7239346313477,348.05716705322266,436.7648005455449,259.3495335609004,0.5097302505985039,61.62612757731959,103203675.0,0.6510407696237561,-0.4767479621612656,0.04947887734526651,0.03260450059332035,0.04768271788045714,0.018520404039854936,0.21105001838155815
2021-11-12 14:30:00,349.1666564941406,351.5,339.73333740234375,344.47332763671875,76719300,344.47332763671875,-0.02829310201599211,356.7546630859375,351.23033294677737,294.7308010864258,351.23033294677737,434.19399412055037,268.26667177300436,0.4724174047139867,50.74243627854709,104200950.0,0.7362629611342315,0.14182956341587571,0.05021650157500724,-0.015053934686108779,0.03463499545739627,-0.019238102966131113,0.16877274572909884
2021-11-15 14:30:00,339.2099914550781,343.99334716796875,326.20001220703125,337.7966613769531,104326800,337.7966613769531,-0.01938224449936754,346.7846618652344,353.6183319091797,296.5962677001953,353.6183319091797,431.7758691198559,275.4607946985035,0.4420446009611827,49.572941313370315,105786210.0,0.9862041564774842,0.3598507807031608,0.05041991610249607,-0.01527937218753649,0.054547315435550935,-0.044742223760871266,0.13891069498691025
2021-11-16 14:30:00,334.4366760253906,352.3999938964844,334.05999755859375,351.57666015625,79627200,351.57666015625,0.04079376842602822,348.8666625976563,356.7926651000977,298.60833435058595,356.7926651000977,428.647095128924,284.9382350712714,0.4027797488979637,51.378287143591244,107160405.0,0.74306550073229,-0.23675220556942222,0.05076561257856112,-0.009946768975946256,0.05490030674706513,-0.01461914846927791,0.17738394985143224
2021-11-17 14:30:00,354.5033264160156,373.21331787109375,351.8333435058594,363.0033264160156,94336200,363.0033264160156,0.032501208284666294,350.2706604003906,360.51283111572263,300.8426010131836,360.51283111572263,424.8083194806908,296.2173427507545,0.356689043027873,50.98584777902243,109772400.0,0.8593799534309171,0.18472331062752434,0.05092892024882347,0.008324404294827014,0.06076733419349243,0.0069082015543950395,0.20662208474958646
2021-11-18 14:30:00,368.8500061035156,370.6666564941406,358.3399963378906,365.4599914550781,62696700,365.4599914550781,0.006767610267700563,352.4619934082031,363.8858306884766,303.1194009399414,363.8858306884766,421.0562122056496,306.71544917130353,0.31422153156667826,48.474454496482316,108185010.0,0.5795322290953248,-0.3353908679806903,0.05072734394099296,0.01610640801897083,0.03439934219518936,0.00432597434097178,0.20566347888596087
2021-11-19 14:30:00,366.2900085449219,379.5733337402344,364.23333740234375,379.0199890136719,64926900,379.0199890136719,0.03710391800920432,359.37132568359374,367.6754974365234,305.79133392333983,367.6754974365234,417.49078792417174,317.8602069488751,0.27097421957659057,43.169270297382354,107999235.0,0.60117925835308,0.03557125016149176,0.05103803647215408,0.0022711571970957444,0.04211584927204392,0.030854630390775514,0.23947263040714573
2021-11-22 14:30:00,387.4433288574219,400.6499938964844,377.4766540527344,385.6233215332031,99217500,385.6233215332031,0.017422122080461122,368.93665771484376,369.8756637573242,308.5504669189453,369.8756637573242,418.7231074595724,321.028220055076,0.26412899516577576,48.507330033791455,103532295.0,0.9583241634892765,0.5281416485308863,0.04346154115888619,0.022223998965516713,0.061390127296488725,0.0425755444840809,0.24979010851571487
2021-11-23 14:30:00,389.1700134277344,393.5,354.23333740234375,369.6766662597656,108515100,369.6766662597656,-0.041352932727292124,372.55665893554686,371.38566436767576,310.9807336425781,371.38566436767576,418.09683369416894,324.6744950411826,0.25155073988127136,39.77846951500928,99595800.0,1.0895549812341485,0.09370927507748128,0.04471510762841977,0.009197296160486163,0.11084970964507658,-0.0046016803336226975,0.18874459497754276
2021-11-24 14:30:00,360.1300048828125,377.5899963378906,354.0,372.0,67680600,372.0,0.006284772484400847,374.3559936523437,372.68799743652346,313.3818670654297,372.68799743652346,417.839989060892,327.53600581215494,0.24230451173603382,38.692899506475726,97200855.0,0.696296344306848,-0.3763024685043833,0.04459814529007497,-0.025824354762615298,0.0666384077341543,-0.0018460413033307855,0.18705017454737322
2021-11-26 14:30:00,366.489990234375,369.59332275390625,360.3333435058594,360.6400146484375,35042700,360.6400146484375,-0.030537595031082,373.3919982910156,372.76933135986326,315.54806732177735,372.76933135986326,417.82336062300226,327.71530209672426,0.2417260513292862,36.77566895146844,94871010.0,0.3693720558050346,-0.48223420005141804,0.044540973947703136,-0.014811854208669355,0.02569836906557691,-0.032538397585386084,0.14290040724818648
2021-11-29 14:30:00,366.9966735839844,380.8900146484375,366.7300109863281,378.9966735839844,58393500,378.9966735839844,0.050900227900227524,373.3873352050781,373.15249786376955,318.06473419189456,373.15249786376955,418.2853841690678,328.0196115584713,0.24190049142737008,47.5327556644437,93302925.0,0.6258485465487819,0.6663527639137394,0.04533736663215385,0.017626050014842454,0.03861152138606204,0.01566162829854193,0.19157087486262595
2021-11-30 14:30:00,381.4566650390625,389.3333435058594,372.6666564941406,381.586669921875,81276000,381.586669921875,0.006833823403773698,372.5800048828125,372.08866424560546,320.82866760253904,372.08866424560546,415.2320211591481,328.94530733206284,0.23189826006128947,65.37974464535328,88959420.0,0.9136300573902123,0.3918672454982146,0.04097597757857096,0.006490799594136805,0.04472277495526568,0.02552618929019609,0.18937834568638504
2021-12-01 14:30:00,386.8999938964844,390.9466552734375,363.586669921875,365.0,68450400,365.0,-0.04346763456194869,371.64467163085936,370.8053314208984,323.19946746826173,370.8053314208984,413.1412746405792,328.46938820121767,0.22834592511090698,53.38522690087746,85971270.0,0.7962008703605286,-0.15780304148826219,0.04155910567625226,0.013924291369237847,0.07525024324307991,-0.015656008500883275,0.12933354395406946
2021-12-02 14:30:00,366.35333251953125,371.0,352.2166748046875,361.5333251953125,73114800,361.5333251953125,-0.00949773919092467,369.55133666992185,368.6509979248047,325.4172006225586,368.6509979248047,408.02315742263283,329.27883842697656,0.21360126363124096,52.60055754859246,84432735.0,0.8659532348442817,0.06814277199256691,0.04058667950377913,0.003707760327482877,0.05332889252255958,-0.019307346974669036,0.11098406754055969
2021-12-03 14:30:00,361.5966796875,363.52667236328125,333.4033203125,338.3233337402344,92322000,338.3233337402344,-0.06419876077133224,365.08800048828124,365.06866455078125,327.15940063476563,365.06866455078125,401.5425569157801,328.5947721857824,0.1998193540378501,47.92710752074765,85239225.0,1.0830929070507151,0.26269920727404017,0.04242720871189804,0.00017523831904921563,0.09035108595363278,-0.07326109690476211,0.03412383408151533
2021-12-06 14:30:00,333.836669921875,340.5466613769531,316.8333435058594,336.336669921875,81663000,336.336669921875,-0.005872086315763081,356.5559997558594,361.5173309326172,328.72353393554687,361.5173309326172,394.2959705002734,328.73869136496097,0.181339243034884,49.491835008734434,86078055.0,0.9487087039780349,-0.11545460453629686,0.04242874532186109,-0.013261467273801009,0.07484476731109965,-0.06965270778521983,0.023159692569564693
2021-12-07 14:30:00,348.0666809082031,352.5566711425781,342.2699890136719,350.5833435058594,56084700,350.5833435058594,0.04235837141187604,350.35533447265624,359.6641647338867,330.45946716308595,359.6641647338867,390.3466185229834,328.98171094479,0.17061724129118325,49.65538547932959,83865435.0,0.6687463077011405,-0.31321773630652805,0.0428054871340854,0.03487580164557375,0.03005429181375102,-0.025248056710754533,0.06089665554305951
2021-12-08 14:30:00,350.9033203125,357.4599914550781,344.3333435058594,356.32000732421875,41906400,356.32000732421875,0.016363195584229162,348.6193359375,360.4218322753906,332.4021337890625,360.4218322753906,389.90601531648093,330.9376492343003,0.16360930665577486,47.586028708091774,77094885.0,0.5435691356177521,-0.25280156620254723,0.03316426750624213,0.0009126982572555594,0.038121919345854405,-0.011380622880907356,0.07195463296975767
2021-12-09 14:30:00,353.5466613769531,354.163330078125,334.1199951171875,334.6000061035156,59438400,334.6000061035156,-0.06095644581905246,343.2326721191406,359.35266571044923,333.885400390625,359.35266571044923,390.98695793912225,327.7183734817762,0.17606265514202452,40.2151880655523,73646400.0,0.8070781463859741,0.4183609186186359,0.03459991341250989,-0.00778330121873323,0.05998843305952883,-0.06888124666613221,0.0021402724169866617
2021-12-10 14:30:00,336.25,340.32666015625,327.510009765625,339.010009765625,59664300,339.010009765625,0.013179927022311633,343.37000732421876,358.5779998779297,335.4957336425781,358.5779998779297,391.4470079301444,325.708991825715,0.18332975287610664,36.53255379029791,73270125.0,0.8143059671318972,0.0038005733667123565,0.03477346276847504,0.004931242876229698,0.03913361426662025,-0.0545710838896034,0.01047487574548667
2021-12-13 14:30:00,333.6966552734375,335.0,317.1400146484375,322.13665771484375,78595500,322.13665771484375,-0.04977243020772948,340.5300048828125,357.46116638183594,336.7703332519531,357.46116638183594,393.69389025798154,321.22844250569034,0.202722573995309,30.012173339905203,73363935.0,1.0713097654862707,0.31729526701897104,0.03595129698515704,-0.01567314928506357,0.05631577387470646,-0.09882054888518702,-0.043452982915099116
2021-12-14 14:30:00,315.0,322.13665771484375,310.0,319.5033264160156,70806300,319.5033264160156,-0.008174578197676419,334.3140014648437,356.54649963378904,337.95019958496096,356.54649963378904,395.67710787186354,317.41589139571454,0.2194979239917698,32.758302459192436,71687910.0,0.9877021104395427,-0.09910491058648396,0.035764879332533105,-0.022154130999773206,0.03915050875756049,-0.10389436793187051,-0.05458459024909607
2021-12-15 14:30:00,317.7366638183594,326.25,309.4166564941406,325.3299865722656,75169200,325.3299865722656,0.018236618133556703,328.1159973144531,355.23416595458986,339.2528662109375,355.23416595458986,396.7540999615206,313.71423194765913,0.2337609272202623,34.33927129336958,71465010.0,1.0518322183121502,0.06161739845183267,0.03467798202878828,-0.00552940283118033,0.05440348201221722,-0.08418159695299952,-0.04103982906371389
2021-12-16 14:30:00,331.5,331.6600036621094,307.2833251953125,308.97332763671875,82771500,308.97332763671875,-0.050277132790258694,322.99066162109375,352.532666015625,340.21399963378906,352.532666015625,398.6955165134617,306.3698155177883,0.2618926127872114,33.22510161957183,70886775.0,1.1676578600169072,0.10113583755048605,0.03511800005815046,0.018965400308599677,0.07932964944096073,-0.12356114079078169,-0.09182653280199576
2021-12-17 14:30:00,304.92333984375,320.2200012207031,303.0133361816406,310.8566589355469,100437300,310.8566589355469,0.006095449446181567,317.3599914550781,349.80249938964846,341.14039916992186,349.80249938964846,399.09857431809206,300.50642446120486,0.28185090166283927,25.226618416083184,72773805.0,1.3801298420496222,0.213428535184212,0.03510401377150738,-0.01310788806252752,0.05678517406490652,-0.11133665574733195,-0.08877207246067234
2021-12-20 14:30:00,303.5666809082031,307.2300109863281,297.7966613769531,299.9800109863281,56480100,299.9800109863281,-0.03498927121736173,312.928662109375,345.8505004882812,341.9033996582031,345.8505004882812,397.8813456119735,293.819655364589,0.3008863370169115,22.016734578467904,72351465.0,0.7806351951546524,-0.43765812103670654,0.03396953829615873,-0.023451252587950052,0.03167715032719658,-0.13263097620848283,-0.1226176420409546
2021-12-21 14:30:00,305.6233215332031,313.1666564941406,295.3733215332031,312.84332275390625,71517900,312.84332275390625,0.04288056302579579,311.59666137695314,342.2115005493164,342.8806658935547,342.2115005493164,392.6871165224267,291.73588457620605,0.2949966081916423,31.646600819071452,70966485.0,1.0077700762550097,0.26624952859502726,0.03553439622760462,0.018812288619898074,0.06024015597812661,-0.08581879261295562,-0.08760290715538147
2021-12-22 14:30:00,321.88665771484375,338.5533447265625,319.01666259765625,336.2900085449219,93634200,336.2900085449219,0.07494705523716627,313.7886657714844,340.5421676635742,344.23499938964846,340.5421676635742,389.374830118869,291.70950520827944,0.2867936314044795,42.21221686219298,70222440.0,1.3333942825114022,0.30924146262683894,0.03940407525347249,0.028906913791001097,0.061240318827941315,-0.012486439338264575,-0.02308013670548778
2021-12-23 14:30:00,335.6000061035156,357.6600036621094,332.5199890136719,355.6666564941406,92713200,355.6666564941406,0.05761886305530961,323.12733154296876,339.7255004882812,345.9411328125,339.7255004882812,386.85980674139455,292.5911942351679,0.2774846526702767,55.48018571683698,71474070.0,1.297158535955767,-0.009836149612000744,0.0417124010112489,-0.002051807736994003,0.07560452146954644,0.04692363682722512,0.028113233030637858
2021-12-27 14:30:00,357.8900146484375,372.3333435058594,356.90667724609375,364.64666748046875,71145900,364.64666748046875,0.025248391499066658,333.8853332519531,339.9258331298828,347.7785992431641,339.9258331298828,387.4667261571042,292.3849401026614,0.2797133279897348,58.56684648823402,73279230.0,0.9708876580717346,-0.23262383349943694,0.0415273756688324,0.006251241474848524,0.04322324922245333,0.0727242002261721,0.04850231806676134
2021-12-28 14:30:00,369.8299865722656,373.0,359.47332763671875,362.8233337402344,60324000,362.8233337402344,-0.005000275342793459,346.45399780273436,339.11716613769534,349.41486572265626,339.11716613769534,384.3541666804467,293.88016559494395,0.2667927492905702,54.0050583483518,73375755.0,0.8221244197078449,-0.15210855439315552,0.03986645114023461,0.014214634477838755,0.037629140532371326,0.06990553699341004,0.03837406284889127
2021-12-29 14:30:00,366.21331787109375,368.0,354.71331787109375,362.0633239746094,56154000,362.0633239746094,-0.0020947102761840197,356.297998046875,338.14099884033203,350.8553985595703,338.14099884033203,380.25398944006207,296.028008240602,0.24908538594348636,51.942541152698766,72119655.0,0.7786226930786067,-0.06912671573503082,0.039819096800084886,0.009343346514991385,0.037457522623198375,0.07074659747359802,0.03194457164134568
2021-12-30 14:30:00,353.77667236328125,365.1833190917969,351.04998779296875,356.7799987792969,47040900,356.7799987792969,-0.014592268383646134,360.39599609375,337.72999877929686,352.22919860839846,337.72999877929686,378.8889252815317,296.571072277062,0.243738647150097,58.44030513557556,71049180.0,0.6620892739367294,-0.16228763756811626,0.03874027787819396,-0.022887299161815262,0.04026016746983406,0.05640600500060699,0.01291999694766334
2021-12-31 14:30:00,357.8133239746094,360.6666564941406,351.5299987792969,352.260009765625,40733700,352.260009765625,-0.012668840823859995,359.71466674804685,337.2663330078125,353.5023986816406,337.2663330078125,377.49461580073597,297.038050214889,0.2385549867024032,55.037896544522056,69430125.0,0.5866862547057203,-0.1340790673647826,0.038785827977776494,0.002896253149974677,0.02599111810249819,0.04445648821243361,-0.003514513396935934
2022-01-03 14:30:00,382.5833435058594,400.3566589355469,378.67999267578125,399.9266662597656,103931400,399.9266662597656,0.1353166841897706,366.7706665039062,340.34649963378905,355.54093200683593,340.34649963378905,389.38450118584467,291.30849808173343,0.28816515877095983,73.96538448158988,70010595.0,1.4845095945835056,1.5514843974399577,0.046461117870193365,0.08608224862200481,0.05724270275436702,0.17505738031707246,0.12484001209761214
2022-01-04 14:30:00,396.51666259765625,402.6666564941406,374.3500061035156,383.1966552734375,100248300,383.1966552734375,-0.041832696836128,370.8453308105469,342.6894989013672,357.14033203125,342.6894989013672,395.2706858005621,290.1083120021723,0.306873639652021,68.05435242398212,70939860.0,1.4131448807482845,-0.03543779839394057,0.047760597290855925,-0.008526572368881411,0.07564217958846474,0.11820366980001647,0.07295822091554628
2022-01-05 14:30:00,382.2166748046875,390.11334228515625,360.336669921875,362.7066650390625,80119800,362.7066650390625,-0.05347121367683638,370.9739990234375,343.29566497802733,357.5620654296875,343.29566497802733,396.5354130615839,290.0559168944708,0.3101684845741595,59.781571662394136,72141615.0,1.110590607099661,-0.20078644725147454,0.04888316562032216,-0.0025573826265542837,0.0826356983588075,0.056543096931554813,0.01438799052464547
2022-01-06 14:30:00,359.0,362.6666564941406,340.1666564941406,354.8999938964844,90336600,354.8999938964844,-0.02152337383085412,370.597998046875,343.22466430664065,357.8705322265625,343.22466430664065,396.39502074940987,290.05430786387143,0.309828295994872,62.582191724702305,74563125.0,1.2115452510875853,0.1275190402372448,0.049063774762895744,-0.01021945664732492,0.06614404901377383,0.034016580986187116,-0.008300594943082685
2022-01-07 14:30:00,360.1233215332031,360.30999755859375,336.6666564941406,342.32000732421875,84164700,342.32000732421875,-0.035446567451716815,368.60999755859376,343.6106643676758,357.79786560058596,343.6106643676758,396.6292630395929,290.59206569575866,0.3085969335060294,58.142550370129925,75799440.0,1.110360445934693,-0.06832114558218927,0.04768300303907829,0.0147177450733974,0.07022774785796056,-0.003756161194333543,-0.043258665756394796
2022-01-10 14:30:00,333.3333435058594,353.0333251953125,326.6666564941406,352.7066650390625,91815000,352.7066650390625,0.03034195341380186,359.16599731445314,344.29549713134764,357.6717321777344,344.29549713134764,397.4176153547059,291.1733789079894,0.30858444949741726,63.68007748111628,77406975.0,1.1861334201472153,0.09089677739004598,0.048044354309355455,-0.026252230737562207,0.08071429445583715,0.024430083976689422,-0.013881631373106782
2022-01-11 14:30:00,351.22332763671875,358.6166687011719,346.2733459472656,354.79998779296875,66063300,354.79998779296875,0.005935024657598653,353.4866638183594,345.9286636352539,357.34106506347655,345.9286636352539,398.18369182893656,293.6736354415712,0.30211447438064987,61.530148519318786,76780365.0,0.8604191970173625,-0.2804737787943147,0.04640823815529095,-0.00420558370276181,0.035646182122796216,0.02564495253006488,-0.007111069840395793
2022-01-12 14:30:00,359.6166687011719,371.61334228515625,357.5299987792969,368.739990234375,83739000,368.739990234375,0.039289748931841784,354.6933288574219,348.3904968261719,356.6585980224609,348.3904968261719,400.03938958568074,296.74160406666306,0.29650000921396463,59.40924921638333,77427000.0,1.0815219497074664,0.267557024853436,0.04686587196471897,0.013575764018948423,0.03939066247292165,0.05841001288377967,0.0338738285825742
2022-01-13 14:30:00,369.69000244140625,371.8666687011719,342.17999267578125,343.85333251953125,97209900,343.85333251953125,-0.06749107331435766,352.48399658203124,349.31666412353513,355.72233154296873,349.31666412353513,399.8772720377608,298.75605620930946,0.2894829425964346,46.680655227145465,78529035.0,1.237884815469845,0.16086769605560125,0.04973236381087541,0.002576374226260114,0.0867574862961641,-0.015640054326385606,-0.03336590922463295
2022-01-14 14:30:00,339.9599914550781,350.6666564941406,337.7933349609375,349.8699951171875,72924300,349.8699951171875,0.017497758575059086,353.993994140625,351.3614974975586,354.62733154296876,351.3614974975586,398.2249634629305,304.49803153218676,0.26675356462867694,45.777690111289935,78036675.0,0.9344875342266953,-0.24982640656970123,0.04812865284041496,-0.011322679457329322,0.03811005191885091,-0.004244922653716433,-0.013415030378742351
2022-01-18 14:30:00,342.2033386230469,356.92999267578125,338.6866760253906,343.5033264160156,66743400,343.5033264160156,-0.01819724123253097,352.1533264160156,352.993830871582,353.297998046875,352.993830871582,396.03529132860524,309.9523704145588,0.2438652276202615,44.619180081078035,76351980.0,0.8741541476723983,-0.08475775564523758,0.04846609100089983,-0.021912872212927863,0.0538648784902981,-0.026885751606857425,-0.027723541273958353
2022-01-19 14:30:00,347.2366638183594,351.5566711425781,331.6666564941406,331.8833312988281,75442500,331.8833312988281,-0.0338278969185718,347.5699951171875,354.58899688720703,351.78839782714846,354.58899688720703,391.2495787955761,317.92841497883796,0.2067778878092521,42.07402380153971,77300100.0,0.9759689832225314,0.1303364827084026,0.048414952969384285,0.010868417029016827,0.059969895251707,-0.06403375679364767,-0.05658249860218729
2022-01-20 14:30:00,336.57666015625,347.2200012207031,331.3333435058594,332.0899963378906,70488600,332.0899963378906,0.0006227038828787723,340.2399963378906,355.55133056640625,350.67726440429686,355.55133056640625,388.4113967402452,322.6912643925673,0.18484006864208144,43.33818711920946,77248635.0,0.9124899100158858,-0.06566457898399447,0.04764340119196516,0.01414150219311857,0.04794765762704715,-0.06598578661241646,-0.05300391543198798
2022-01-21 14:30:00,332.11334228515625,334.8500061035156,313.5,314.6333312988281,103416000,314.6333312988281,-0.05256606712507206,334.39599609375,354.46849670410154,350.14659790039065,354.46849670410154,391.20026213973455,317.73673126846853,0.20724981642752563,40.510133317529096,77737725.0,1.330319352669505,0.46713085520211783,0.046163214197139764,7.030006179972753e-05,0.06810209283418062,-0.1123799879979926,-0.10142399444836331
2022-01-24 14:30:00,301.586669921875,311.1700134277344,283.8233337402344,310.0,151565700,310.0,-0.014726129872195681,326.4219970703125,352.1851638793945,349.22693115234375,352.1851638793945,393.9376847577413,310.4326430010477,0.2371055067648727,21.031260340827785,80680350.0,1.878594973869102,0.46559236481782307,0.04400129680695481,-0.04146624047457275,0.09635106221579616,-0.11978120660937545,-0.11232504613234348
2022-01-25 14:30:00,304.73333740234375,317.086669921875,301.07000732421875,306.1333312988281,86595900,306.1333312988281,-0.012473124842489969,318.947998046875,349.2594970703125,348.25953125,349.2594970703125,395.3140149583738,303.2049791822512,0.2637266460862461,22.931733855744724,81452850.0,1.0631414370399563,-0.428657671227725,0.04339750915696955,-0.016989234185987905,0.0531991304614016,-0.1234788635190706,-0.1209620876705636
2022-01-26 14:30:00,317.4766540527344,329.2300109863281,302.0,312.4700012207031,104867400,312.4700012207031,0.02069905258271132,315.06533203125,346.74183044433596,347.61946472167966,346.74183044433596,395.1209361341671,298.3627247545048,0.2790497219665434,30.40640152810917,83680020.0,1.2531952071713175,0.21099728740044266,0.04386414401538895,0.03705353711658928,0.09016559929247724,-0.09883961557137436,-0.1011147736767814
2022-01-27 14:30:00,311.1199951171875,311.7966613769531,276.3333435058594,276.3666687011719,147109500,276.3666687011719,-0.11554175561970448,303.92066650390626,342.4569976806641,346.39086486816404,342.4569976806641,399.52256340628185,285.3914319550463,0.33327142451228603,24.908404336061125,88227795.0,1.6673827108565957,0.40281441134232376,0.050142259831501224,-0.004320434276063806,0.12833528310832235,-0.1929886947181626,-0.20215370342876476
2022-01-28 14:30:00,277.1866760253906,285.8333435058594,264.0033264160156,282.1166687011719,134789100,282.1166687011719,0.020805692766870276,297.417333984375,338.7238311767578,345.0016650390625,338.7238311767578,401.3427295482675,276.1049328052481,0.36973423543283557,29.88707358456594,92615205.0,1.455366859037887,-0.08374985979831351,0.050676476394650595,0.00296709920943977,0.08268841679458264,-0.1671189248153206,-0.182274472010941
2022-01-31 14:30:00,290.9033203125,312.663330078125,287.3500061035156,312.239990234375,104436000,312.239990234375,0.10677611383930952,297.86533203125,336.7228302001953,343.9863983154297,336.7228302001953,400.07387581961336,273.3717845807772,0.3762800733276881,38.05587852632132,95800320.0,1.0901424963924964,-0.22518957393439087,0.05704142430727646,0.03114545358762641,0.08809230359121846,-0.07270917731139363,-0.09228971911832337
2022-02-01 14:30:00,311.7366638183594,314.5666809082031,301.6666564941406,310.4166564941406,73138200,310.4166564941406,-0.0058395266373975074,298.7219970703125,332.24732971191406,342.8855316162109,332.24732971191406,389.1130514191364,275.3816080046917,0.3423095785692522,36.8789280358481,94260660.0,0.7759143634258449,-0.2996840170056302,0.04661163226930175,-0.0016119857537716929,0.04276251331181861,-0.06570609081103056,-0.09469304513674394
2022-02-02 14:30:00,309.3933410644531,310.5,296.4700012207031,301.88665771484375,66792900,301.88665771484375,-0.02747919159891432,296.60532836914064,328.18182983398435,341.3428649902344,328.18182983398435,381.2071361933288,275.1565234746399,0.32314589985782005,29.583024528889936,92587890.0,0.7213999584610903,-0.08675767246117627,0.04622974219898391,-0.003296586727158489,0.04732350228194734,-0.08012379031600379,-0.11559112939571607
2022-02-03 14:30:00,294.0,312.3333435058594,293.50665283203125,297.0466613769531,78855600,297.0466613769531,-0.016032495024879134,300.7413269042969,324.8988296508789,339.5713317871094,324.8988296508789,377.0471352876835,272.7505240140743,0.32101257916404763,33.71072840108525,92524680.0,0.8522655793027331,0.18059853667081383,0.045157827766237515,-0.026124565340324955,0.06414399977707597,-0.08572566513660393,-0.1252304491853177
2022-02-04 14:30:00,299.0733337402344,312.1666564941406,293.72332763671875,307.7733459472656,73625400,307.7733459472656,0.03611110968421327,305.87266235351564,322.542497253418,338.33326538085936,322.542497253418,373.2211208948352,271.86387361200076,0.314244628679734,35.814899557301445,91689120.0,0.8029894931917767,-0.06632629768843301,0.04614205901751716,0.00682274075691225,0.0627915018048306,-0.04578978408091264,-0.09032490316668286
2022-02-07 14:30:00,307.92999267578125,315.92333984375,300.9033203125,302.4466552734375,60994500,302.4466552734375,-0.01730718642133755,303.91399536132815,320.54882965087893,336.94219848632815,320.54882965087893,371.088511814065,270.00914748769287,0.31533218959639076,36.067688079919684,90530610.0,0.6737444937132313,-0.1715562835651827,0.04571064588754825,0.0005089678186182668,0.049916430020283974,-0.05647243946314559,-0.102378222044783
2022-02-08 14:30:00,301.84332275390625,308.7633361816406,298.26666259765625,307.3333435058594,50729100,307.3333435058594,0.0161571905234128,303.2973327636719,318.28016357421876,335.8760650634766,318.28016357421876,366.77393589134107,269.78639125709645,0.30472381170442747,41.27018715097743,88476315.0,0.573363617144317,-0.16830042052971994,0.045238250034789436,-0.0019948394502355667,0.035192245397346854,-0.034393661060836835,-0.08497992124631734
2022-02-09 14:30:00,311.6666564941406,315.42333984375,306.6666564941406,310.6666564941406,52259400,310.6666564941406,0.010845920427172029,305.05333251953124,316.07349700927733,334.5094647216797,316.07349700927733,361.489002503956,270.6579915145987,0.28737306939306984,42.54771374048719,87786120.0,0.5953036767088009,0.030166117672105308,0.045319007038066975,0.01409971641491817,0.028554403174173213,-0.017106276123423303,-0.07127693157315264
2022-02-10 14:30:00,302.7900085449219,314.60333251953125,298.8999938964844,301.51666259765625,66126900,301.51666259765625,-0.029452771017468238,305.94733276367185,312.7123306274414,332.90806457519534,312.7123306274414,351.1266694864555,274.2979917684273,0.2456848361683575,45.15739996498242,86905515.0,0.7609056801515991,0.2653589593451131,0.044328542709893906,-0.025354017834119603,0.05253709917600495,-0.035801811867544935,-0.09429450745687352
2022-02-11 14:30:00,303.2099914550781,305.32000732421875,283.5666809082031,286.6666564941406,79645800,286.6666564941406,-0.04925102969626416,301.7259948730469,309.8529968261719,331.3413977050781,309.8529968261719,346.9999061368797,272.70608751546405,0.23977117982529833,41.9897451069669,86027310.0,0.9258199518269257,0.20443873824419412,0.04323757330626769,0.00561603741177466,0.0767132666868491,-0.07483013096380937,-0.1348299413244517
2022-02-14 14:30:00,287.19000244140625,299.6266784667969,284.3833312988281,291.9200134277344,67756500,291.9200134277344,0.01832566437213501,299.62066650390625,306.9554977416992,329.9491314697266,306.9554977416992,339.74449737752167,274.16649810587677,0.21364008709441099,45.16663587927746,85768920.0,0.7899889610362355,-0.14927717469094415,0.043263817984037715,0.0018256254622215611,0.05360140869842734,-0.048982619384836994,-0.11525751825014713
2022-02-15 14:30:00,300.0,307.6666564941406,297.7933349609375,307.4766540527344,57286200,307.4766540527344,0.053290764282768466,299.6493286132812,305.15416412353517,329.3321978759766,305.15416412353517,333.0880885216387,277.2202397254316,0.18308073545930773,48.40216323477425,85296060.0,0.6716160160270005,-0.15452834783378722,0.04529276397207269,0.02767876884284211,0.03315494463466834,0.007610874116267988,-0.06636321612098434
2022-02-16 14:30:00,304.6833190917969,308.80999755859375,300.4033203125,307.7966613769531,51294300,307.7966613769531,0.0010407532409399955,299.07532958984376,303.94983062744143,328.76139770507814,303.94983062744143,328.9549697151459,278.94469153973694,0.16453464728759062,63.04473495286458,84088650.0,0.6100026579092422,-0.10459587125695191,0.04477431547593264,-0.00908470586016727,0.02798463491464925,0.01265613717096243,-0.06376885021924576
2022-02-17 14:30:00,304.4200134277344,306.1666564941406,291.3666687011719,292.1166687011719,55178400,292.1166687011719,-0.05094269900666093,297.19533081054686,301.95116424560547,327.59206420898437,301.95116424560547,323.65846162458547,280.24386686662547,0.1437801866617305,53.834355110336006,83323140.0,0.6622218029709394,0.07572186383282342,0.0460338156922321,-0.010970385234567014,0.05079506128461023,-0.03256982157695629,-0.1082913763294989
2022-02-18 14:30:00,295.3333435058594,295.6233215332031,279.2033386230469,285.6600036621094,68501700,285.6600036621094,-0.022103035296720752,296.99400024414064,300.5024978637695,326.1788641357422,300.5024978637695,322.51122328130697,278.4937724462321,0.1464794840242222,37.548417570685295,81577425.0,0.8397139282099184,0.24145861424035497,0.04487980673570344,0.011011609912538332,0.058810123801294904,-0.04939224900682481,-0.1242228265801138
2022-02-22 14:30:00,278.0433349609375,285.57666015625,267.0333251953125,273.84332275390625,83288100,273.84332275390625,-0.04136624223452856,293.378662109375,298.69466400146484,324.96373046875,298.69466400146484,323.2151936563152,274.1741343466145,0.16418458452763052,34.33377752783667,78163545.0,1.0655619573037534,0.21585449704167936,0.04560885179879278,-0.026663406159516786,0.06944202543774117,-0.08319981654388281,-0.15731111789338506
2022-02-23 14:30:00,276.80999755859375,278.4333190917969,253.52000427246094,254.67999267578125,95256900,254.67999267578125,-0.06997917599526948,282.8193298339844,296.1219970703125,323.2771301269531,296.1219970703125,327.26023890658547,264.9837552340395,0.2103068474773212,31.467239382230133,78596595.0,1.2119723507106128,0.14370360231533685,0.04784997908567994,0.010833475050087494,0.09826962132961037,-0.13994909126825547,-0.21219297951647031
2022-02-24 14:30:00,233.4633331298828,267.49334716796875,233.3333282470703,266.92333984375,135322200,266.92333984375,0.04807345500262783,274.64466552734376,293.8446640014648,322.17286376953126,293.8446640014648,326.57042215877567,261.11890584415397,0.22274189166251263,38.82362638693982,80119335.0,1.6890080278374753,0.4206026020162319,0.049091386602100134,-0.08330713112948833,0.14640008428083331,-0.09161753625575661,-0.17149030889610994
2022-02-25 14:30:00,269.74334716796875,273.1666564941406,260.79998779296875,269.9566650390625,76067700,269.9566650390625,0.011364031324829549,270.21266479492186,293.5241638183594,321.1819305419922,293.5241638183594,327.08552691242164,259.96280072429715,0.2286787067713506,35.11974909644508,76567245.0,0.9934757349568997,-0.43787715541130723,0.04196626373057117,0.010564858531552576,0.04741821042947642,-0.08029151151549177,-0.15948987359434394
2022-02-28 14:30:00,271.6700134277344,292.28668212890625,271.57000732421875,290.1433410644531,99006900,290.1433410644531,0.07477746853358713,271.1093322753906,293.9254974365234,320.47819763183594,293.9254974365234,327.10225478785327,260.74874008519356,0.22574943406190717,45.66571119620587,74778135.0,1.3240086824845256,0.3015629498459924,0.045022159781910556,0.0063467534258654255,0.0762848409101176,-0.012867738270604067,-0.09465497744165229
2022-03-01 14:30:00,289.8933410644531,296.6266784667969,284.59332275390625,288.1233215332031,74766900,288.1233215332031,-0.006962143345558558,273.96533203125,292.7196640014648,320.06119750976563,292.7196640014648,324.82959277571825,260.6097352272114,0.21939030904389634,43.093068248351706,73294680.0,1.020086314586543,-0.2448314208403657,0.03773040758344011,-0.0008616430729818625,0.04228263543377691,-0.015702199180710644,-0.09978677898181652
2022-03-02 14:30:00,290.7099914550781,295.49334716796875,281.42333984375,293.2966613769531,74643300,293.2966613769531,0.01795529711451649,281.68866577148435,291.8636642456055,319.7099975585937,291.8636642456055,322.88138556070675,260.84594293050424,0.21254938599687836,43.836203591761276,73369935.0,1.0173554058620877,-0.0016531379527571222,0.03802136049434288,0.008977648557258194,0.04999587927579356,0.00490981683194985,-0.0826165474440623
2022-03-03 14:30:00,292.92333984375,295.4800109863281,277.5333251953125,279.7633361816406,61623600,279.7633361816406,-0.04614210448825773,284.2566650390625,290.7574981689453,319.3056640625,290.7574981689453,321.8480480697861,259.6669482681045,0.21385897248830762,42.51365592222242,73111470.0,0.8428718503403091,-0.17442556800141473,0.038894795961229876,-0.001272846173735751,0.0646649759209484,-0.03781213573696553,-0.12383847933596151
2022-03-04 14:30:00,283.0333251953125,285.2166748046875,275.0533447265625,279.42999267578125,66999600,279.42999267578125,-0.0011915196265851469,286.1513305664063,289.87666473388674,318.6373974609375,289.87666473388674,321.21420686849973,258.53912259927375,0.2162129343069512,47.233057639858174,72518670.0,0.9238944950314174,0.08723930442233163,0.0387760644387294,0.011688411563510897,0.036950396252147466,-0.036038333984888954,-0.12304709082355213
2022-03-07 14:30:00,285.4333190917969,288.71331787109375,268.19000244140625,268.1933288574219,72494100,268.1933288574219,-0.04021280504200253,281.761328125,287.89766387939454,317.2754638671875,287.89766387939454,319.4746185576345,256.32070920115456,0.21936235433621395,41.32500835725957,72462105.0,1.0004415411338106,0.08200795228628222,0.038547993816819934,0.02148418771560146,0.07652528149020545,-0.06844214974327532,-0.1546988046649317
2022-03-08 14:30:00,265.1766662597656,283.3299865722656,260.72332763671875,274.79998779296875,80399100,274.79998779296875,0.02463394210323222,279.09666137695314,286.5153305053711,315.65813049316404,286.5153305053711,317.83004328828343,255.20061772245873,0.21859013776106,37.21603940531933,73432335.0,1.09487325985208,0.109043356631781,0.03904690857708436,-0.011248089616949352,0.08670746549785553,-0.040889060601881876,-0.1294379543982002
2022-03-09 14:30:00,279.82666015625,286.85333251953125,277.336669921875,286.3233337402344,59184000,286.3233337402344,0.04193357517885765,277.7019958496094,285.46483001708987,314.0916638183594,285.46483001708987,315.2092838872579,255.72037614692184,0.2083931240733742,42.2761544966687,73855080.0,0.8013531364396329,-0.2638723567801132,0.040158800731741405,0.018292112760457214,0.03431447633786426,0.0030073887669213495,-0.08840836378957058
2022-03-10 14:30:00,283.8166809082031,284.8166809082031,270.1199951171875,279.4333190917969,58648500,279.4333190917969,-0.024063755330148706,277.6359924316406,283.90316314697264,312.42386352539063,283.90316314697264,311.2602580379924,256.5460682559529,0.1927213109412055,45.12990802312289,74174535.0,0.7906824087269303,-0.009048053527980549,0.040294366247859405,-0.008754622961694767,0.05440798925173861,-0.015744255913280526,-0.10559546912111155
2022-03-11 14:30:00,280.0666809082031,281.26666259765625,264.5899963378906,265.1166687011719,67037100,265.1166687011719,-0.0512345859010529,274.77332763671876,282.0831634521484,310.48493041992185,282.0831634521484,309.34948961712956,254.81683728716732,0.19332118820063138,42.560898468736205,74220045.0,0.9032209560099297,0.14303179109440145,0.04128606764867224,0.002266593756481072,0.06302833247886266,-0.060147137260301915,-0.14612065602472468
2022-03-14 13:30:00,260.2033386230469,266.8999938964844,252.01333618164062,255.4566650390625,71152200,255.4566650390625,-0.036436802368687404,272.2259948730469,280.52266387939454,308.4584637451172,280.52266387939454,310.1542913920679,250.89103636672118,0.21126013208981154,43.23622286267005,73795365.0,0.964182506584255,0.06138541195845293,0.04066784802971708,-0.018532709022770252,0.059070912438197606,-0.08935463000989004,-0.17182799286016892
2022-03-15 13:30:00,258.42333984375,268.5233459472656,252.19000244140625,267.2966613769531,66841200,267.2966613769531,0.046348355546253384,270.72532958984374,279.29149627685547,306.75919677734373,279.29149627685547,308.97534089996867,249.6076516537423,0.21256533062280028,54.905517676560926,73749600.0,0.9063262716001171,-0.06058842874851378,0.04197416303425561,0.011613221382318831,0.06476602302922083,-0.042947368823618354,-0.12864336526814502
2022-03-16 13:30:00,269.6666564941406,280.6666564941406,267.4200134277344,280.07666015625,84028800,280.07666015625,0.047812040425278646,269.4759948730469,277.92149658203124,304.36219665527346,277.92149658203124,304.4943195817697,251.3486735822928,0.1912253879353676,55.09292104204666,75086730.0,1.1190898844576131,0.2571408053715374,0.0415998126042382,0.008866534677158694,0.0495349727068424,0.00775457674459753,-0.07979156664626696
2022-03-17 13:30:00,276.9966735839844,291.6666564941406,275.239990234375,290.5333251953125,66582900,290.5333251953125,0.037335010469022656,271.69599609375,277.0583297729492,302.5089300537109,277.0583297729492,300.4797661573894,253.63689338850904,0.16907224123984418,57.53410850807542,75851160.0,0.8778099108833668,-0.2076181023649034,0.042603225850088244,-0.010996941232258885,0.059681248519802055,0.04863595125765078,-0.03958760773201679
2022-03-18 13:30:00,291.4966735839844,302.6166687011719,289.1300048828125,301.7966613769531,100414200,301.7966613769531,0.03876779427650434,279.03199462890626,277.5423294067383,301.29072998046877,277.5423294067383,302.61579559726925,252.46886321620732,0.1806821052783325,54.56515449669918,78112950.0,1.2855000355254795,0.5081079376236242,0.04189805449876823,0.0033157930782097343,0.04664567353992079,0.08738966781052737,0.0016792132851785845
2022-03-21 13:30:00,304.99334716796875,314.2833251953125,302.36334228515625,307.0533447265625,81981600,307.0533447265625,0.017417963888751054,289.35133056640626,278.61199645996095,300.3337969970703,278.61199645996095,306.7782080025061,250.4457849174158,0.20218951014618564,57.232375443323285,78786945.0,1.04054802480284,-0.18356567099075627,0.04160931384026358,0.010592184076625249,0.03942271182766136,0.1020822815527573,0.02237359829855497
2022-03-22 13:30:00,310.0,332.6199951171875,307.25,331.32666015625,105868500,331.32666015625,0.07905243778179138,302.15733032226564,281.4861633300781,300.11393005371093,281.4861633300781,318.07555584207216,244.89677081808406,0.2599729384857071,62.67920199698142,79915965.0,1.3247478147826908,0.29136903890629107,0.04330964232260036,0.00959655813572576,0.08257118020240033,0.17706197788389194,0.10400293680787484
2022-03-23 13:30:00,326.64666748046875,346.8999938964844,325.4666748046875,333.03668212890625,120676200,333.03668212890625,0.005161136057840299,312.74933471679685,285.40399780273435,299.7205303955078,285.40399780273435,326.4203462123061,244.38764939316263,0.28742658635021234,69.28144020786469,81186930.0,1.486399350240242,0.13986879950126818,0.03900993568903712,-0.014125010868652154,0.06585411272800512,0.16689564509567478,0.11115738948357934
2022-03-24 13:30:00,336.57666015625,341.4966735839844,329.6000061035156,337.97332763671875,68920800,337.97332763671875,0.014823128420135223,322.2373352050781,288.9564971923828,299.3839971923828,288.9564971923828,335.20687678090485,242.70611760386078,0.32012001832739023,70.50554639612523,77866860.0,0.8851108160775971,-0.42887827094323483,0.0381911517968868,0.010629393749405523,0.03609425746409856,0.1696339446269702,0.12889576866574667
2022-03-25 13:30:00,336.0,340.6000061035156,332.44000244140625,336.8800048828125,62031600,336.8800048828125,-0.003234937980317265,329.25400390625,292.3026641845703,298.7467974853516,292.3026641845703,342.2972869566867,242.30804141245386,0.34207435578177314,75.89865266825538,77165055.0,0.8038820162831478,-0.09995821290524776,0.038354318243565076,-0.005838708191907508,0.02454579353321839,0.15250405199897354,0.12764390352780502
2022-03-28 13:30:00,355.0333251953125,365.9599914550781,351.20001220703125,363.9466552734375,102506100,363.9466552734375,0.0803450783611821,340.632666015625,295.99282989501955,299.1486639404297,295.99282989501955,355.3371388537389,236.64852093630023,0.40098477371743846,79.12021242150628,77340015.0,1.3253953984880917,0.6524819608070724,0.03885224153335928,0.05388660665335373,0.04202727430244483,0.2295792955610421,0.21660799175727297
2022-03-29 13:30:00,369.3299865722656,371.5899963378906,357.7033386230469,366.5233459472656,73614900,366.5233459472656,0.007079858095940583,347.6720031738281,299.91283111572267,299.48173095703123,299.91283111572267,366.92986684282386,232.89579538862148,0.4469100936948068,77.82404070365762,77282415.0,0.9525439907642638,-0.2818485924252313,0.03861569356399138,0.014791539421576943,0.038821716812315575,0.2220995833480729,0.223858780220064
2022-03-30 13:30:00,363.72332763671875,371.3166809082031,361.3333435058594,364.663330078125,59865000,364.663330078125,-0.00507475414515135,353.99733276367186,303.4811645507813,299.9049310302734,303.4811645507813,376.3585496252208,230.60377947634177,0.480276165951281,80.63844030137123,76543500.0,0.7821042936369516,-0.18678148037965137,0.03879705494631315,-0.007639399622172319,0.027629161774775042,0.2016011953094577,0.2159297575581198
2022-03-31 13:30:00,364.8566589355469,367.71331787109375,358.8800048828125,359.20001220703125,48992700,359.20001220703125,-0.014981813142339484,358.2426696777344,307.45299835205077,300.4512646484375,307.45299835205077,383.4783864790137,231.42761022508785,0.4945496614731962,86.12014495283643,75911955.0,0.6453884635167149,-0.18161363066900527,0.036934810950308844,0.0005301571106161305,0.02461355569576982,0.16830869802000523,0.19553503170418193
2022-04-01 13:30:00,360.3833312988281,364.9166564941406,355.5466613769531,361.5299987792969,54263100,361.5299987792969,0.006486599368272561,363.17266845703125,311.55799865722656,301.0400646972656,311.55799865722656,390.03876514750044,233.07723216695268,0.5037955490054212,93.15199241198737,75275130.0,0.7208635840283504,0.10757521018437433,0.03681691308143831,0.0032943180723358336,0.02635377050342589,0.16039389242915594,0.20093649043977466
2022-04-04 13:30:00,363.1266784667969,383.3033447265625,357.510009765625,381.8166809082031,82035900,381.8166809082031,0.05611341298759176,366.7466735839844,317.2391662597656,302.3837316894531,317.2391662597656,398.8887647124013,235.5895678071299,0.5147510593681135,93.59235404789663,75752220.0,1.0829504402643249,0.511817422889588,0.03569038030852337,0.004416451450477626,0.07214716862850076,0.2035609770691408,0.2626892286001925
2022-04-05 13:30:00,378.76666259765625,384.2900085449219,362.4333190917969,363.7533264160156,80075100,363.7533264160156,-0.047308971544201106,366.1926696777344,321.686833190918,303.45879821777345,321.686833190918,403.29368121240446,240.0799851694315,0.5073682824503645,80.62013114568097,75736020.0,1.057292157681378,-0.023901730827601053,0.03854206202445375,-0.007988174595441953,0.06030540875186244,0.13076846449643648,0.1986909872192025
2022-04-06 13:30:00,357.8233337402344,359.6666564941406,342.5666809082031,348.586669921875,89348400,348.586669921875,-0.041694894294368345,362.9773376464844,324.8,304.30786499023435,324.8,405.47172827693305,244.128271723067,0.4967470953013117,70.53580064806306,77244240.0,1.1566998393666634,0.11580753567588431,0.03995584819979981,-0.016302236282505538,0.04991721769496825,0.07323482118803876,0.14550660704435495
2022-04-07 13:30:00,350.7966613769531,358.86334228515625,340.5133361816406,352.4200134277344,79447200,352.4200134277344,0.010996816105212748,361.621337890625,328.4493347167969,305.106865234375,328.4493347167969,407.05699914524934,249.84167028834446,0.4786593006573226,68.90106198876893,78284175.0,1.0148564508727338,-0.11081563855648224,0.039113564937308165,0.006339862208653666,0.053889243544127004,0.07298135869754775,0.15507074269539847
2022-04-08 13:30:00,347.7366638183594,349.4800109863281,340.8133239746094,341.8299865722656,55013700,341.8299865722656,-0.03004944796541842,357.68133544921875,332.2850006103516,306.4161315917969,332.2850006103516,405.15807254150985,259.4119286791933,0.4386178840290878,62.48712180401035,77683005.0,0.7081819247337303,-0.3075438781983506,0.03755570183021159,-0.01328911364545801,0.02542942544219433,0.028725298898179333,0.11557438179412352
2022-04-11 13:30:00,326.79998779296875,336.15667724609375,324.8800048828125,325.30999755859375,59357100,325.30999755859375,-0.048328086073804455,346.3799987792969,335.7776672363281,307.2799981689453,335.7776672363281,399.23405097717415,272.3212834954821,0.3779666721919535,47.71223825008981,77093250.0,0.769939002441848,0.07895124305400292,0.03847001762487487,-0.043969222624415404,0.034710269003316654,-0.03117440705300682,0.05867612437219349
2022-04-12 13:30:00,332.5466613769531,340.39666748046875,325.5333251953125,328.98333740234375,65976000,328.98333740234375,0.011291813566499442,339.4260009765625,338.8620010375977,307.6148651123047,338.8620010375977,393.7170972023102,284.0069048728852,0.3237606813200999,48.481438611109716,77049990.0,0.8562752571415,0.1115098278049298,0.03765352912061578,0.022245439342994465,0.04565843535754315,-0.029152467981081964,0.06946501848094305
2022-04-13 13:30:00,327.02667236328125,342.0799865722656,324.3666687011719,340.7900085449219,55121100,340.7900085449219,0.03588835603591267,337.8666687011719,341.8976684570313,308.22233215332034,341.8976684570313,389.26372972273015,294.5316071913324,0.27707741605527625,51.003591517364434,75604605.0,0.7290706697032542,-0.164528010185522,0.037132457757880225,-0.005947611373002505,0.054608933593643785,-0.003239741052076245,0.10566293546634142
2022-04-14 13:30:00,333.0966796875,337.57000732421875,327.39666748046875,328.3333435058594,58422300,328.3333435058594,-0.03655231880843268,333.04933471679686,343.7876693725586,308.75126586914064,343.7876693725586,385.1616656367585,302.41367310835864,0.24069505657204618,47.18291568834823,75196575.0,0.7769276725701936,0.05988995139792208,0.03798825589854313,-0.022574983610201015,0.031073437375036515,-0.04495311275970035,0.0634234732012995
2022-04-18 13:30:00,329.6766662597656,338.3066711425781,324.4700012207031,334.7633361816406,51715200,334.7633361816406,0.019583733431163042,331.63600463867186,345.43600311279295,309.5055993652344,345.43600311279295,382.12800624929315,308.74399997629274,0.21243878927419968,38.86615032785209,72761625.0,0.7107482824909421,-0.11480376500069323,0.03737611733158315,0.004091338210011185,0.04264391120849214,-0.030896220529935455,0.08160672009878779
2022-04-19 13:30:00,335.0199890136719,344.9800109863281,331.77667236328125,342.7166748046875,49847700,342.7166748046875,0.023758093445249484,335.1173400878906,347.2191696166992,310.2044659423828,347.2191696166992,379.22414397790754,315.2141952554909,0.18435027303670548,41.27534950742051,71154930.0,0.7005515991653706,-0.03611124002227584,0.03750604959557249,0.000766669477484212,0.039795861863940164,-0.012967299060654094,0.10480896451163119
2022-04-20 13:30:00,343.3333435058594,344.6666564941406,325.0833435058594,325.73333740234375,70711200,325.73333740234375,-0.04955503671370076,334.46734008789065,346.9395034790039,310.6701995849609,346.9395034790039,379.61982812264074,314.2591788353671,0.18839206441427658,37.156624468155805,69397065.0,1.0189364636674476,0.41854488772801957,0.03531305973796745,0.001799354237792227,0.06024089938624701,-0.0611235269089025,0.048485943735531715
2022-04-21 13:30:00,358.24334716796875,364.0733337402344,332.1400146484375,336.260009765625,105416400,336.260009765625,0.03231684066245499,333.56134033203125,347.10066986083984,311.24873291015626,347.10066986083984,379.523081998102,314.6782577235777,0.18681849361028885,42.67654379491073,68634075.0,1.5359192937327413,0.4908020228761498,0.03604701873730794,0.09980559565958348,0.09614414910409862,-0.031232034497545334,0.08035784313598598
2022-04-22 13:30:00,338.3033447265625,344.95001220703125,331.3333435058594,335.01666259765625,69696600,335.01666259765625,-0.003697576672395231,334.89800415039065,346.95283660888674,311.73573303222656,346.95283660888674,379.57681424189576,314.3288589758777,0.18806001387321356,41.47664317546938,68672865.0,1.014907416488303,-0.33884480972600084,0.03591343870946381,0.006076651702834706,0.04109658435548028,-0.03440287195197632,0.07468162003430949
2022-04-25 13:30:00,326.3233337402344,336.2066650390625,325.1000061035156,332.67333984375,68341200,332.67333984375,-0.006994645387893739,334.4800048828125,346.7425033569336,312.35886657714843,346.7425033569336,379.69253216034497,313.7924745535222,0.19005474370410785,32.14139088146058,68988345.0,0.9906195024681342,-0.01944714663269087,0.035942023351769374,-0.0259489447181983,0.03416382259928468,-0.04057524929010769,0.065035686321983
2022-04-26 13:30:00,331.80999755859375,333.3333435058594,291.6666564941406,292.1400146484375,136133700,292.1400146484375,-0.12184121881948873,324.3646728515625,343.1521713256836,312.46833374023436,343.1521713256836,383.11198044828404,303.1923622030831,0.23289847747852283,27.629233035777787,70669725.0,1.9263369144283495,0.9919711681972221,0.04031658702222873,-0.0025951652319411724,0.1428572175940715,-0.14865753720914318,-0.06505721347333866
2022-04-27 13:30:00,299.52667236328125,306.0,292.4533386230469,293.836669921875,76956300,293.836669921875,0.005807678470473254,317.98533935546874,339.51783752441406,312.5066668701172,339.51783752441406,383.5426495984448,295.4930254503833,0.25933725541512986,31.325469005479803,70836795.0,1.0863887898937268,-0.4347005921384639,0.040289002500449096,0.025284648950719347,0.04632076159819082,-0.1345471800115781,-0.059742715684212154
2022-04-28 13:30:00,299.99334716796875,300.0,273.8999938964844,292.5033264160156,124948500,292.5033264160156,-0.004537702888526063,309.2340026855469,335.9098373413086,312.2072003173828,335.9098373413086,382.97997431246745,288.8397003701498,0.2802545905991564,29.208593294309352,74090970.0,1.6864200860104814,0.6236292545249706,0.040292771279741256,0.020952719235930225,0.09529027632391864,-0.1292207196694536,-0.06311152939886283
2022-04-29 13:30:00,300.75,311.4666748046875,290.0,290.2533264160156,88133100,290.2533264160156,-0.007692220213591394,300.2813354492188,332.46250305175784,311.85633361816406,332.46250305175784,382.36449540585454,282.56051069766113,0.3001962139852382,31.00307176565377,76047990.0,1.1589142592723358,-0.2946445935725519,0.040279873375585966,0.028193435216717726,0.07402301656788793,-0.1269592096801698,-0.06927230546036973
2022-05-02 13:30:00,286.92333984375,302.1199951171875,282.6766662597656,300.9800109863281,75781500,300.9800109863281,0.03695628471433299,293.9426696777344,329.43500366210935,312.0336004638672,329.43500366210935,379.2587032479753,279.6113040762434,0.30247969421590953,40.63919466863422,77123910.0,0.9825941138098419,-0.14014711839252225,0.041486458968434684,-0.011472690471401545,0.0687829282646005,-0.08637513427372939,-0.03542435641901017
2022-05-03 13:30:00,301.05999755859375,308.02667236328125,296.1966552734375,303.0833435058594,63709500,303.0833435058594,0.006988279761963367,296.13133544921874,325.4983367919922,312.3820672607422,325.4983367919922,370.0594194183529,280.9372541656315,0.27380221395624027,39.91328686288842,76207590.0,0.835999406358343,-0.15930009303062098,0.03884357516026943,0.0002657537688416735,0.03993973895121377,-0.06886361849663454,-0.02976714968443199
2022-05-04 13:30:00,301.3133239746094,318.5,295.09332275390625,317.5400085449219,81643800,317.5400085449219,0.04769864576468552,300.87200317382815,323.1876708984375,313.2560009765625,323.1876708984375,364.0343292630283,282.34101253384665,0.2527736175766866,41.12843837990037,76286025.0,1.0702327195577435,0.2815011889906529,0.039929422328283865,-0.005840042249684965,0.07931957601634315,-0.01747486943983827,0.01367573982622565
2022-05-05 13:30:00,313.00665283203125,315.20001220703125,285.8999938964844,291.09332275390625,92519100,291.09332275390625,-0.08328615317548016,300.5900024414062,320.31300354003906,313.984267578125,320.31300354003906,361.72187344131953,278.9041336387586,0.25855253732216565,37.16097793985357,76444560.0,1.2102770949299728,0.1332042359615795,0.042862557058657165,-0.014276486713167353,0.10248345203237574,-0.09122227466010557,-0.07290475093158315
2022-05-06 13:30:00,295.6666564941406,296.0,281.03668212890625,288.54998779296875,72903000,288.54998779296875,-0.008737180698190294,300.24933471679685,317.11950225830077,314.4168005371094,317.11950225830077,357.9499836032117,276.28902091338983,0.2575084853132345,33.62854839166533,76117350.0,0.9577711257683038,-0.21202216623378312,0.04262721363312706,0.01571088507619505,0.05324329108123457,-0.09009068903640473,-0.08226918122680815
2022-05-09 13:30:00,278.8166809082031,281.8766784667969,260.3833312988281,262.3699951171875,90810300,262.3699951171875,-0.09072948807249681,292.52733154296874,313.14650268554686,314.2650671386719,313.14650268554686,359.00685126831866,267.2861541027751,0.2929002763209749,24.79188560678712,77907180.0,1.1656217052138198,0.24563186700135797,0.0462095206401321,-0.03373178754645853,0.08254501953238311,-0.16214936821232118,-0.16513153209798304
2022-05-10 13:30:00,273.10333251953125,275.1199951171875,258.0833435058594,266.67999267578125,84401700,266.67999267578125,0.016427173986372612,285.2466613769531,310.2150024414062,313.7958001708984,310.2150024414062,360.11886167191255,260.3111432108999,0.3217372392551016,29.871841173259483,79159410.0,1.0662244703440817,-0.07057128982064809,0.04580309690937911,0.040909164927756723,0.066012209001552,-0.14033818294731867,-0.150147986268322
2022-05-11 13:30:00,265.0,269.92333984375,242.39999389648438,244.6666717529297,97224600,244.6666717529297,-0.08254582843646041,270.6719940185547,305.99916915893556,312.92666717529295,305.99916915893556,362.97237669868423,249.02596161918692,0.37237491654859267,21.04775147988927,80721840.0,1.2044398393297278,0.15192703464503676,0.04836621995325814,-0.006299657724318739,0.11354515940713812,-0.20043354226935778,-0.21813415915788947
2022-05-12 13:30:00,233.6666717529297,253.22000122070312,226.6666717529297,242.6666717529297,140313000,242.6666717529297,-0.008174386751047313,260.9866638183594,301.09300231933594,311.9140673828125,301.09300231933594,362.2010835384435,239.98492110022832,0.40590834558351535,20.94754904271504,84981435.0,1.6511017965276769,0.44318413241093313,0.04698002379538238,-0.04495912713076044,0.11714703914087993,-0.19404745416314897,-0.2220079274106461
2022-05-13 13:30:00,257.82666015625,262.45001220703125,250.52333068847656,256.5299987792969,92150700,256.5299987792969,0.05712909369145702,254.582666015625,297.5028350830078,311.44940063476565,297.5028350830078,360.286469616204,234.71920054981166,0.4220708318001647,27.664897689097742,86667855.0,1.063262728724508,-0.34324902182976635,0.04940346128595705,0.062472478374596935,0.04760706911319731,-0.13772250705536607,-0.17633490943805777
2022-05-16 13:30:00,255.72000122070312,256.586669921875,239.69667053222656,241.4566650390625,86098500,241.4566650390625,-0.05875856161837267,250.4,292.8375015258789,310.68993408203124,292.8375015258789,357.7925452912699,227.8824577604879,0.4436251738724163,32.52258194736501,88387020.0,0.9741079629112962,-0.06567720049874826,0.04994900511815646,-0.00315751593360675,0.07046405505819332,-0.17545852638097217,-0.22283718089395563
2022-05-17 13:30:00,249.1199951171875,254.82666015625,242.9499969482422,253.8699951171875,80236200,253.8699951171875,0.05141017778952928,247.83800048828124,288.3951675415039,310.4034674072266,288.3951675415039,351.10057254540015,225.68976253760763,0.4348575292605908,37.1665868025239,89906445.0,0.8924410257796312,-0.0680882942211537,0.051438045416443666,0.031737910721517,0.048885216535063405,-0.11971480908863621,-0.1821289973409714
2022-05-18 13:30:00,248.17333984375,253.5,233.60333251953125,236.60333251953125,87811800,236.60333251953125,-0.06801379812405906,246.22533264160157,283.9386672973633,309.6395343017578,283.9386672973633,348.1224404347232,219.75489416000337,0.45209603713566454,33.71655135604509,90761475.0,0.9675008036173939,0.09441623606302385,0.05227607797551744,-0.02243926175997246,0.08517287517208351,-0.1667097166736318,-0.23587492452126432
2022-05-19 13:30:00,235.6666717529297,244.6666717529297,231.3699951171875,236.47332763671875,90296700,236.47332763671875,-0.0005494634476534976,244.98666381835938,278.94933319091797,308.6425341796875,278.94933319091797,341.5011407412372,216.39752564059876,0.44848149902195766,34.138189575251346,90005490.0,1.0032354693030392,0.02829801917282193,0.05123263093708927,-0.003958780954719827,0.05746932150388602,-0.15227140021563657,-0.23382780579734622
2022-05-20 13:30:00,237.99667358398438,240.52667236328125,211.0,221.3000030517578,144973200,221.3000030517578,-0.06416505716141863,237.94066467285157,273.26350021362305,307.47986785888673,273.26350021362305,335.02498861926995,211.50201180797615,0.4520288172944064,27.099933649168563,93769320.0,1.5460621875043992,0.6055204675253913,0.05223307185487504,0.006441935597937115,0.13993683584493483,-0.19015893861142416,-0.28027807286127715
2022-05-23 13:30:00,218.33999633789062,226.65333557128906,212.68666076660156,224.96665954589844,88903500,224.96665954589844,0.01656871415985961,234.64266357421874,267.87816619873047,306.67686767578124,267.87816619873047,326.53292095273866,209.22341144472227,0.43792113098530067,27.749179435375723,94797435.0,0.9378260076340673,-0.3867590699522394,0.052785229162950656,-0.013375538513548502,0.06566784562015515,-0.16019038528506768,-0.26643746803970497
2022-05-24 13:30:00,217.8433380126953,217.97332763671875,206.85667419433594,209.3866729736328,89092500,209.3866729736328,-0.06925464690507588,225.74599914550782,263.74049911499026,305.75546783447265,263.74049911499026,326.7058495263809,200.77514870359963,0.47747957270633584,19.389402990450435,92445375.0,0.9637312845558796,0.002125900555096205,0.0484742673796367,-0.03166389876429579,0.05374084972447654,-0.20608828118452638,-0.31518257234572555
2022-05-25 13:30:00,207.9499969482422,223.10667419433594,207.6699981689453,219.60000610351562,92139300,219.60000610351562,0.04877737911795821,222.3453338623047,260.02866592407224,304.8015347290039,260.02866592407224,324.2635432143379,195.79378863380657,0.4940599688268378,27.717749325214925,93204525.0,0.9885711021004613,0.034198164828689315,0.050377345000542154,-0.006861353709801481,0.07433272095872251,-0.15547770349428203,-0.27953116673523354
2022-05-26 13:30:00,220.47332763671875,239.55667114257812,217.8866729736328,235.91000366210938,106003200,235.91000366210938,0.07427138936829314,222.2326690673828,257.19899978637693,303.9182015991211,257.19899978637693,320.3879953699299,194.01000420282395,0.4913626852051228,34.8903505890453,92257260.0,1.148995753830105,0.1504667389485268,0.05404149356901447,0.0039768739022323,0.0994553630710937,-0.08277246856305687,-0.22377138841692992
2022-05-27 13:30:00,241.0833282470703,253.26666259765625,240.17666625976562,253.2100067138672,89295000,253.2100067138672,0.07333306253742577,228.6146697998047,255.34683380126953,303.1717352294922,255.34683380126953,316.59825132066504,194.09541628187404,0.4797507500489789,47.22950615245324,92315355.0,0.9672822034860831,-0.15761976996920846,0.0571166696504126,0.021929229386858127,0.05450153231676969,-0.008368332027431289,-0.16479678911296075
2022-05-31 13:30:00,257.9466552734375,259.6000061035156,244.7433319091797,252.75332641601562,101914500,252.75332641601562,-0.001803563389055185,234.17200317382813,252.9354995727539,302.19086853027346,252.9354995727539,310.2963985398064,195.57460060570145,0.45356147368751043,45.68726940756646,93622005.0,1.0885742085955112,0.14132370233495717,0.05626099702263556,0.01870640351478221,0.06070308056380065,-0.0007202356215161763,-0.16359707477165275
2022-06-01 13:30:00,251.72000122070312,257.32666015625,243.63999938964844,246.7899932861328,77247900,246.7899932861328,-0.02359349020027357,241.6526672363281,250.12083206176757,300.9856015014648,250.12083206176757,302.4222044929836,197.8194596305515,0.41820884730065333,50.73011550971564,94298925.0,0.8191811306438541,-0.242032291773987,0.05627150554227192,-0.004088275355125153,0.05617575439537236,-0.013316918659586924,-0.1800604678262932
2022-06-02 13:30:00,244.1566619873047,264.2099914550781,242.06666564941406,258.3333435058594,93473100,258.3333435058594,0.04677398003874078,249.3993347167969,247.16049880981444,299.525735168457,247.16049880981444,289.0629869376644,205.2580106819645,0.33907107591729824,55.05528742875076,94890390.0,0.9850639248084027,0.21004066129953047,0.056223088169208256,-0.010670332551834841,0.09147614664852001,0.045204815291468706,-0.13752538371846584
2022-06-03 13:30:00,243.22666931152344,247.79666137695312,233.4166717529297,234.51666259765625,112393800,234.51666259765625,-0.09219359988526965,249.12066650390625,244.33166580200196,297.55533477783206,244.33166580200196,281.0664638161964,207.59686778780753,0.3006961696398621,43.325517029007365,95884125.0,1.1721836122507245,0.20241866376529716,0.056876124399130645,-0.05847744619150681,0.0616065232874393,-0.040170819333337895,-0.21185529147794732
2022-06-06 13:30:00,244.35333251953125,244.86666870117188,234.35000610351562,238.27999877929688,84204600,238.27999877929688,0.0160472016783606,246.1346649169922,241.81816635131835,295.5614682006836,241.81816635131835,272.1318758213794,211.50445688125728,0.2507149063897929,48.96590659829734,96449205.0,0.8730460764295569,-0.2508074288795289,0.057155855554251275,0.041944439311551535,0.044875879341820434,-0.01463152097051781,-0.19380560588666823
2022-06-07 13:30:00,234.0,239.99667358398438,230.0933380126953,238.8866729736328,72808500,238.8866729736328,0.0025460558898939833,243.36133422851563,240.6440002441406,293.6016015625,240.6440002441406,269.3842794449763,211.90372104330496,0.23886138172302482,44.716369409635945,95549115.0,0.7620007783431589,-0.1353382119266643,0.053749986325480975,-0.01796205640936383,0.0430405141531853,-0.007302601638623608,-0.18635773203444128
2022-06-08 13:30:00,240.086669921875,249.9633331298828,239.17666625976562,241.86666870117188,76210500,241.86666870117188,0.012474516432601446,242.37666931152344,239.40333404541016,291.1600018310547,239.40333404541016,265.425002321944,213.38166576887627,0.21738768493172336,52.06399906175878,95139555.0,0.8010390630900049,0.04672531366530008,0.05368090124218445,0.005023289634807872,0.04509916054437341,0.010289475146968782,-0.16929981048181614
2022-06-09 13:30:00,249.33999633789062,255.54666137695312,239.32666015625,239.7066650390625,96491400,239.7066650390625,-0.008930555308462429,238.65133361816407,239.15533370971679,288.6236682128906,239.15533370971679,265.06007213842736,213.2505952810062,0.21663525564646918,51.24807134986544,95102895.0,1.0146000287372956,0.2661168736591415,0.05039808703990161,0.030898542890802797,0.0677734825284969,0.002305327340158394,-0.16948368606328787
2022-06-10 13:30:00,235.1566619873047,239.5,227.913330078125,232.22999572753906,97536600,232.22999572753906,-0.031190911234383223,238.19400024414062,238.63349990844728,285.9750015258789,238.63349990844728,264.660603587114,212.60639622978056,0.21813453424311444,54.485509143122655,92964075.0,1.049185935534775,0.010832053426522936,0.05085992340104038,-0.01898154584486145,0.050838052859406145,-0.026834053824651382,-0.18793602766525822
2022-06-13 13:30:00,223.1666717529297,226.63333129882812,214.68333435058594,215.73666381835938,102767400,215.73666381835938,-0.07102153990705962,233.68533325195312,236.59383316040038,283.1057345581055,236.59383316040038,263.10489825947724,210.08276806132352,0.2241061378899382,46.572937642112755,93494910.0,1.099176415058317,0.05362909923044268,0.051228102010413175,-0.03902736141477093,0.05566336569343289,-0.08815601431124684,-0.23796434517619805
2022-06-14 13:30:00,218.2866668701172,226.3300018310547,211.73666381835938,220.88999938964844,97988700,220.88999938964844,0.023887157055640484,230.08599853515625,235.56549987792968,280.2929345703125,235.56549987792968,262.8661171629814,208.26488259287794,0.23178790866403573,54.62959983434001,94089420.0,1.0414422790575177,-0.046500154718325026,0.05018686562368898,0.01181998000073275,0.06892211178511043,-0.06229902297189574,-0.21193161815415879
2022-06-15 13:30:00,220.9166717529297,235.663330078125,218.14999389648438,233.0,119131800,233.0,0.05482367080362738,228.3126647949219,234.52200012207032,277.31660095214846,234.52200012207032,260.43699071799733,208.6070095261433,0.2210026401142587,55.311834419311815,96034200.0,1.240514316774649,0.2157707980614092,0.05038787156866147,0.00012074952852075542,0.08028116741525548,-0.006489796783577286,-0.15980507766210283
2022-06-16 13:30:00,222.73666381835938,225.1666717529297,208.69332885742188,213.10000610351562,107390700,213.10000610351562,-0.08540769912654234,222.9913330078125,233.34683380126953,274.30353454589846,233.34683380126953,260.94159519995594,205.7520724025831,0.23651284184286442,41.20821704084148,97013145.0,1.106970606921361,-0.0985555493999083,0.051700967727452106,-0.04404865314008852,0.07893564679665592,-0.08676709843424388,-0.2231233678548966
2022-06-17 13:30:00,213.43333435058594,220.97000122070312,213.19667053222656,216.75999450683594,92641800,216.75999450683594,0.017174980283869212,219.89733276367187,232.36116714477538,271.66700103759763,232.36116714477538,260.87858220446475,203.843752085086,0.24545766756216417,34.30007203285119,97130400.0,0.9537878975068568,-0.13733870810042215,0.05191344451176129,0.0015641869428590946,0.03646084467018707,-0.0671419102840835,-0.2021114317199047
2022-06-21 13:30:00,224.60333251953125,243.57666015625,224.3333282470703,237.0366668701172,122793000,237.0366668701172,0.0935443480214786,224.15733337402344,233.14800033569335,269.3593341064453,233.14800033569335,261.2456978820976,205.05030278928913,0.24102885296848647,44.21770777346997,96021390.0,1.2788088154108164,0.32545999753890786,0.054073569687508934,0.03618443537305016,0.08578008474953831,0.01667896155585644,-0.11999831876460933
2022-06-22 13:30:00,234.50332641601562,246.8333282470703,233.82666015625,236.086669921875,101107500,236.086669921875,-0.004007805884153504,227.19666748046876,233.7040008544922,267.2444677734375,233.7040008544922,261.5590829589679,205.84891875001648,0.2383791634086635,45.91132977361063,96631590.0,1.0463193247673974,-0.176602086438152,0.05403443031712948,-0.010687546730859539,0.0556252571119515,0.010195242951216288,-0.11658912197942013
2022-06-23 13:30:00,237.9066619873047,239.31666564941406,228.6366729736328,235.07000732421875,104202600,235.07000732421875,-0.004306310889948484,227.6106689453125,234.9881675720215,265.43966796875,234.9881675720215,260.3823378550052,209.59399728903782,0.21613148053678596,40.336203805920086,97387095.0,1.0699836564587946,0.03061197240560798,0.051294232162011066,0.007708999690799794,0.04671163438864816,0.0003482718004180836,-0.11441266814765087
2022-06-24 13:30:00,237.47000122070312,246.06666564941406,236.086669921875,245.7066650390625,95770800,245.7066650390625,0.04524889345059324,234.1320007324219,236.29350051879882,263.77413452148437,236.29350051879882,261.0326288838504,211.55437215374724,0.2093932191172005,55.220029821908476,97568670.0,0.9815732857688846,-0.08091736674516758,0.051149057484046426,0.010209698480054069,0.04227259307288128,0.03983674751779638,-0.0684959862163827
2022-06-27 13:30:00,249.36666870117188,252.07000732421875,242.56666564941406,244.9199981689453,89178300,244.9199981689453,-0.0032016505127857586,239.76400146484374,236.74400024414064,261.85673431396486,236.74400024414064,261.78008634764586,211.7079141406354,0.2115034474173532,53.18597680841353,96727425.0,0.9219546576371696,-0.06883622147878055,0.048649537713005585,0.014895825725881334,0.039178267340905105,0.03453518533256697,-0.06467939879183131
2022-06-28 13:30:00,244.48333740234375,249.97000122070312,232.3433380126953,232.663330078125,90391200,232.663330078125,-0.0500435578248114,238.88933410644532,235.7166664123535,259.94333404541015,235.7166664123535,259.56593359283806,211.86739923186897,0.202355374725719,47.31420542749751,96782235.0,0.9339647921955925,0.013600842357389675,0.04705930748710138,-0.0017828710185615582,0.07586472398466051,-0.012953417255982728,-0.10494596473291191
2022-06-29 13:30:00,230.5,231.17333984375,222.27333068847656,228.49000549316406,82897200,228.49000549316406,-0.01793718238090891,237.37000122070313,234.50350036621094,257.81786743164065,234.50350036621094,257.1415319238374,211.86546880858447,0.1930720140405063,44.285917835605765,95831370.0,0.8650319827421856,-0.08290630061333404,0.047172992372374475,-0.00929811361935972,0.04004083228386538,-0.02564351859846844,-0.11375418713465524
2022-06-30 13:30:00,224.50999450683594,229.4566650390625,218.8633270263672,224.47332763671875,94600500,224.47332763671875,-0.017579227799377373,235.25066528320312,233.38766708374024,255.45300048828125,233.38766708374024,255.6730270373591,211.10230713012137,0.19097290128550629,43.59441300320071,96699000.0,0.9782986380417584,0.14117847164922348,0.04706032081012795,-0.017418753077351554,0.048401612808431346,-0.038195417771681124,-0.12127347415120172
2022-07-01 13:30:00,227.0,230.22999572753906,222.1199951171875,227.26333618164062,74460300,227.26333618164062,0.012429131666979787,231.56199951171874,231.83416671752929,253.4836004638672,231.83416671752929,250.89628353448876,212.7720499005698,0.16444613912482609,47.82583603733127,95748360.0,0.7776665835320835,-0.21289739483406533,0.04573076625133178,0.011256002616802405,0.03651179897637237,-0.019715948691280863,-0.10343968696296048
2022-07-05 13:30:00,223.0,233.14666748046875,216.1666717529297,233.06666564941406,84581100,233.06666564941406,0.025535704813974602,229.1913330078125,231.76166687011718,251.41973358154297,231.76166687011718,250.79182884771083,212.73150489252353,0.16422182524479725,58.369556934982924,94357725.0,0.8963876566545028,0.13592209539848743,0.04133397092222182,-0.018759454354894914,0.0785504795436114,0.005630779226437917,-0.07299772245672377
2022-07-06 13:30:00,230.77999877929688,234.56333923339844,227.18666076660156,231.73333740234375,71853600,231.73333740234375,-0.005720802000385383,229.00533447265624,231.43433380126953,249.35406707763673,231.43433380126953,250.21600331489333,212.65266428764573,0.1623066828947812,55.43743887339273,93740175.0,0.7665187311630259,-0.1504768795865743,0.041189499169801906,-0.009811213730396182,0.03246968128280757,0.0012919587001770027,-0.07066549939130023
2022-07-07 13:30:00,233.9199981689453,245.3633270263672,232.2100067138672,244.5433349609375,81930600,244.5433349609375,0.055279044880592876,232.21600036621095,231.71716690063477,247.59146697998048,231.71716690063477,251.1310872031691,212.30324659810043,0.16756566258950883,55.7481018067408,94196280.0,0.8697859405912844,0.14024349510671708,0.04304635249883408,0.009436107860497445,0.056644071884067115,0.05535268807167346,-0.012311135178537653
2022-07-08 13:30:00,242.3333282470703,254.97999572753906,241.16000366210938,250.76333618164062,101854200,250.76333618164062,0.02543516968760029,237.4740020751953,232.1620002746582,246.76393341064454,232.1620002746582,252.91652077175632,211.40747977756007,0.1787934327973104,71.71298198994499,95478465.0,1.0667766810034074,0.24317654209782424,0.0433082661546293,-0.009037280505805673,0.057306318857056227,0.08012222450261543,0.016207404038825247
2022-07-11 13:30:00,252.10333251953125,253.06333923339844,233.6266632080078,234.3433380126953,99241200,234.3433380126953,-0.06548005948146851,238.89000244140624,231.89383392333986,245.57406677246092,231.89383392333986,252.37469060328814,211.41297724339157,0.17663994193755847,58.836739989840765,95615955.0,1.0379146451029015,-0.02565431764227688,0.04587737213278008,0.005343669287124165,0.08319545277280839,0.010563041060269078,-0.04573255192361803
2022-07-12 13:30:00,236.84666442871094,239.77333068847656,228.3699951171875,233.07000732421875,87930900,233.07000732421875,-0.005433611636988744,238.8906707763672,231.93583450317382,244.385400390625,231.93583450317382,252.42303809480234,211.4486309115453,0.17666268462149315,47.53582760812646,95135670.0,0.9242684683883553,-0.11396778757209702,0.04531756388768668,0.01068230245947939,0.04993359817447764,0.0048900284144294546,-0.04630142818809859
2022-07-13 13:30:00,225.5,242.05999755859375,225.03334045410156,237.0399932861328,97954500,237.0399932861328,0.017033448479672808,239.952001953125,233.0010009765625,243.32113372802735,233.0010009765625,252.11089861025377,213.89110334287122,0.1640327513924589,50.57080693940147,94895025.0,1.0322406258916101,0.11399405669679252,0.04209881464824804,-0.03247954299708874,0.07566281987430655,0.017334656472040647,-0.025814200129920865
2022-07-14 13:30:00,234.89666748046875,238.65333557128906,229.3333282470703,238.31333923339844,78557400,238.31333923339844,0.005371861218914864,238.70600280761718,233.87216796875,242.06780029296874,233.87216796875,252.2312175411545,215.5131183963455,0.15700072164942377,51.936009624168854,93923460.0,0.8363980628481957,-0.1980215304044225,0.04187766642070901,-0.009042042973216074,0.04063956772204483,0.018989738296871055,-0.015509956528817013
2022-07-15 13:30:00,240.0,243.6233367919922,236.88999938964844,240.06666564941406,69683100,240.06666564941406,0.0073572315408600986,236.56666870117186,234.2255012512207,240.80746673583985,234.2255012512207,252.7847892768657,215.6662132255757,0.15847367538122223,46.23397424467659,91451025.0,0.7619717766968713,-0.11296580589479799,0.040195032177560104,0.007077492061615934,0.028423898939137663,0.024938208551119192,-0.0030763210811832167
2022-07-18 13:30:00,244.93666076660156,250.51666259765625,239.60333251953125,240.54666137695312,82537500,240.54666137695312,0.001999426810217919,237.80733337402344,235.59783401489258,239.26759979248047,235.59783401489258,251.44000719718332,219.75566083260185,0.134484879697912,47.06776037257862,90208365.0,0.9149650367790171,0.18446940506378162,0.03451072330679201,0.02028601140443001,0.04554748869043965,0.02100540262924368,0.005345736679692538
2022-07-19 13:30:00,245.0,247.13999938964844,236.97666931152344,245.52999877929688,80890200,245.52999877929688,0.020716718219316865,240.29933166503906,237.0363342285156,238.35633331298828,237.0363342285156,250.7593589464133,223.31330951061793,0.11578836436668787,59.55919096207929,89620785.0,0.9025830336121247,-0.01995820081781008,0.03457667847349371,0.01851340857343344,0.04288747119137094,0.0358327535667714,0.03009639125841382
2022-07-20 13:30:00,246.78334045410156,250.663330078125,243.48333740234375,247.5,88864200,247.5,0.008023464466653252,242.3913330078125,237.55950088500975,237.5353335571289,237.55950088500975,252.05843674030245,223.06056502971705,0.12206572080912802,64.60135835965472,87924345.0,1.0106893602676255,0.09857807249827544,0.02793664840304856,0.005104637645240641,0.029488640793175428,0.04184424987406387,0.0419502492267094
2022-07-21 13:30:00,255.10667419433594,273.26666259765625,254.86666870117188,271.7066650390625,142032300,271.7066650390625,0.09780470722853529,249.06999816894532,239.34050064086915,237.72206695556642,239.34050064086915,260.36159934296734,218.319401938771,0.17565851701497331,77.69093199812643,89970585.0,1.578652622965606,0.5983073048539231,0.035051606388906725,0.03073403714883207,0.0721945870374213,0.1352306204404529,0.14295937486463248
2022-07-22 13:30:00,276.2200012207031,280.78668212890625,270.71331787109375,272.24334716796875,103472700,272.24334716796875,0.0019752262198982073,255.50533447265624,241.19916763305665,237.83333404541017,241.19916763305665,266.72203103543126,215.676304230682,0.2116330968538275,77.08551709842122,89934090.0,1.1505392449070202,-0.2714847256574737,0.03496709552908569,0.016611061716103857,0.03721044955242712,0.12870765616463703,0.14468120400645176
2022-07-25 13:30:00,272.2166748046875,274.14666748046875,267.3999938964844,268.4333190917969,64073400,268.4333190917969,-0.013994935471540293,261.082666015625,242.33550033569335,238.3086669921875,242.33550033569335,270.581729985565,214.08927068582167,0.23311672958145874,71.82048559613288,88349220.0,0.7252288135650773,-0.38077000020295204,0.0341398335748359,-9.797250716578092e-05,0.025230642251234083,0.10769292456099797,0.12641022452027287
2022-07-26 13:30:00,266.5133361816406,267.30999755859375,256.2633361816406,258.8599853515625,66820800,258.8599853515625,-0.0356637312112531,263.7486633300781,243.03249969482422,238.63253326416014,243.03249969482422,272.2195476105482,213.84545177910022,0.24019049264912432,65.19189014769299,87231345.0,0.7660182242976994,0.04287894820627591,0.03530112835984133,-0.007152550647036735,0.04310667901834853,0.06512497578148124,0.08476401692057252
2022-07-27 13:30:00,263.80999755859375,275.9266662597656,261.7900085449219,274.82000732421875,88110000,274.82000732421875,0.061655036992220635,269.21266479492186,245.1403335571289,238.99833343505858,245.1403335571289,277.12886630376545,213.15180081049238,0.26098139202524784,66.3781536133082,87117285.0,1.0113951553931002,0.3186013935780476,0.035244106242765624,0.01912235373230261,0.05399998950845356,0.12107217664437549,0.14988252584988737
2022-07-28 13:30:00,280.0666809082031,283.29998779296875,272.79998779296875,280.8999938964844,84723000,280.8999938964844,0.02212352234272652,271.05133056640625,247.7608329772949,239.78720001220702,247.7608329772949,282.4768056952154,213.04486025937442,0.2802377785120047,66.32714538913285,87208575.0,0.9714985022975091,-0.03844058563159691,0.03477139346652819,0.019091308653502125,0.038489737792688536,0.1337546395891653,0.17145533156976014
2022-07-29 13:30:00,280.70001220703125,298.32000732421875,279.1000061035156,297.1499938964844,95313000,297.1499938964844,0.05784976985791013,276.03265991210935,251.3946662902832,240.65279998779297,251.3946662902832,290.7515503633041,212.03778221726233,0.313108345962884,84.08957229858515,87244200.0,1.0924852311099191,0.1249955738111257,0.03559578767020473,-0.0007119319821944215,0.06886420924539358,0.18200596011598713,0.23476640999629841
2022-08-01 13:30:00,301.27667236328125,311.8766784667969,295.0,297.27667236328125,117042900,297.27667236328125,0.00042631152414229767,281.80133056640625,254.89533309936525,241.86626678466797,254.89533309936525,297.53291120034856,212.25775499838193,0.33454969600688617,85.2887069375005,89373330.0,1.3095953792926815,0.22798464008057673,0.035737254279747756,0.013887526675280535,0.057209079548463986,0.16626957719698457,0.2290952199131796
2022-08-02 13:30:00,294.0033264160156,307.8333435058594,292.6666564941406,300.586669921875,95577600,300.586669921875,0.011134400598203698,290.14666748046875,258.2713333129883,243.1485336303711,258.2713333129883,304.1970961875454,212.3455704384312,0.3556396467656097,85.181200379335,89923155.0,1.062880856437922,-0.18339685704985098,0.035639974428078924,-0.011011109352251816,0.05182239477978386,0.1638406247649889,0.23622653788576842
2022-08-03 13:30:00,305.0,309.54998779296875,301.1499938964844,307.39666748046875,80091000,307.39666748046875,0.02265568716125621,296.66199951171876,262.0544998168945,244.8704669189453,262.0544998168945,311.1331066009108,212.97589303287825,0.3745679377252366,86.0371887610682,90335025.0,0.8865996328666539,-0.16203168943350743,0.03540298462297625,0.01468238787592298,0.027893056837888373,0.17302571676981768,0.2553439838958622
2022-08-04 13:30:00,311.0,313.6066589355469,305.0,308.6333312988281,72256200,308.6333312988281,0.004023022853486102,302.2086669921875,265.2589996337891,246.5438003540039,265.2589996337891,317.7725388893007,212.74546037827747,0.39594162179613646,85.96151682304516,89851305.0,0.8041752982886559,-0.09782372551222984,0.03415264762139296,0.01172209363577501,0.028218553887038936,0.16351690885105022,0.25183975770500805
2022-08-05 13:30:00,302.6700134277344,304.6066589355469,285.5433349609375,288.1700134277344,113172900,288.1700134277344,-0.0663030068235908,300.4126708984375,267.12933349609375,248.11946716308594,267.12933349609375,320.1313560859703,214.1273109062172,0.39682667490091733,70.64893780873729,90417240.0,1.2516739064364273,0.5662725136389679,0.03820836997704144,-0.01932169103705745,0.06676157920904457,0.0787658908749095,0.16141638027266797
2022-08-08 13:30:00,295.0,305.20001220703125,289.086669921875,290.42333984375,98994000,290.42333984375,0.007819434052879659,299.04200439453126,269.9333335876465,249.53593383789064,269.9333335876465,321.54771203122027,218.31895514407267,0.3824231543216561,69.9372309914153,90404880.0,1.0950072606699992,-0.12528529356409535,0.034119820991962,0.02370123973353116,0.05573879380018056,0.07590765461891534,0.16385378000276943
2022-08-09 13:30:00,290.2933349609375,292.39666748046875,279.35333251953125,283.3333435058594,86244600,283.3333435058594,-0.024412625864385085,295.5913391113281,272.44650039672854,250.48440063476562,272.44650039672854,321.3256092469306,223.5673915465265,0.3588161989897153,65.22145504824589,90320565.0,0.9548722375684873,-0.12878962361355228,0.0348663150743861,-0.0004476392389208238,0.046691173659170734,0.03995956304550705,0.13114167104957247
2022-08-10 13:30:00,297.0666809082031,297.510009765625,283.3699951171875,294.3566589355469,94918800,294.3566589355469,0.03890581776676605,292.98333740234375,275.31233367919924,251.30733367919922,275.31233367919924,322.1282528853775,228.49641447302102,0.3400931486108378,60.834897070704095,90168780.0,1.0526792089235322,0.10057673176059723,0.03542455547952224,0.04847060085626577,0.049899477333829594,0.06917352739648255,0.171301508102033
2022-08-11 13:30:00,296.5133361816406,298.2366638183594,285.8333435058594,286.6300048828125,70155000,286.6300048828125,-0.026249292544206493,288.5826721191406,277.7281669616699,251.98486724853515,277.7281669616699,321.3851021804654,234.07123174287435,0.3143860825957978,56.43909696221024,89748660.0,0.7816829800021526,-0.2608945751526568,0.036403339412972205,0.007326748624925729,0.04339353890756185,0.0320523410301814,0.13748896119268347
2022-08-12 13:30:00,289.4166564941406,300.1600036621094,285.0333251953125,300.0299987792969,79657200,300.0299987792969,0.046750143628413676,290.9546691894531,280.72633361816406,253.04966735839844,280.72633361816406,321.6430935882673,239.80957364806085,0.29150638946296376,63.02383526891221,90247365.0,0.8826540254111575,0.1354457985888391,0.03731328431777749,0.009722121075452084,0.05306985931007074,0.06876328598153213,0.18565656264767744
2022-08-15 13:30:00,301.78668212890625,313.1333312988281,301.2300109863281,309.32000732421875,89359200,309.32000732421875,0.03096359891583922,294.7340026855469,284.16500091552734,254.06940063476563,284.16500091552734,322.33102156934297,245.99898026171172,0.26861872877273224,70.84780998098135,90588450.0,0.9864303893045968,0.12179689971528007,0.037472094688168124,0.005855025686620082,0.0395157184821145,0.0885225355960326,0.21746265607513263
2022-08-16 13:30:00,311.6666564941406,314.6666564941406,302.8833312988281,306.5633239746094,88136400,306.5633239746094,-0.008912075793144236,299.3799987792969,287.21666717529297,255.5103338623047,287.21666717529297,321.9845668474821,252.44876750310388,0.24210224297999874,64.72097561942124,90950760.0,0.9690562233894472,-0.013684097440442633,0.03774852895040006,0.007586477157496627,0.03890384176898443,0.06735910206599824,0.19980792690685184
2022-08-17 13:30:00,303.39666748046875,309.65667724609375,300.0333251953125,303.9966735839844,68766000,303.9966735839844,-0.008372333511224461,301.30800170898436,290.0415008544922,256.8246673583984,290.0415008544922,320.08145243982415,260.00154926916025,0.20714243649154448,61.07188521304578,89945850.0,0.7645266568718846,-0.21977752665187145,0.038012628738516,-0.010329534704558782,0.03207427723076009,0.04811439979581817,0.18367396991410292
2022-08-18 13:30:00,306.0,306.5,301.85333251953125,302.8699951171875,47500500,302.8699951171875,-0.0037062197211366055,304.5559997558594,291.59966735839845,258.10433380126955,291.59966735839845,320.85800917213373,262.34132554466316,0.200674726955532,53.20699912977984,85219260.0,0.5573916037290162,-0.3092443940319344,0.032136260051402965,0.0065899616347682545,0.015393792215854003,0.0386500021103829,0.17344017691072866
2022-08-19 13:30:00,299.0,300.3599853515625,292.5,296.6666564941406,61395300,296.6666564941406,-0.020481852686155544,303.8833312988281,292.82083282470705,259.2003335571289,292.82083282470705,320.6829842234461,264.958681425968,0.1903017017605324,49.67980395781467,83115390.0,0.7386754727373595,0.2925190261155146,0.032669740423666785,-0.01277774351893164,0.026871744791666666,0.013133709211652361,0.14454581297347752
2022-08-22 13:30:00,291.913330078125,292.3999938964844,286.2966613769531,289.913330078125,55843200,289.913330078125,-0.022764022407583906,300.0019958496094,293.89483337402345,260.2044668579102,293.89483337402345,319.35090796801086,268.43875878003604,0.17323254241486372,44.593036917939514,82703880.0,0.6752186233584204,-0.0904320037527303,0.03299265665938299,-0.016022449142711483,0.02131821059378434,-0.0135473742433281,0.11417507000922447
2022-08-23 13:30:00,291.4533386230469,298.82666015625,287.92333984375,296.4533386230469,63984900,296.4533386230469,0.0225584954757323,297.97999877929686,295.77450103759764,261.48893371582034,295.77450103759764,315.1679242194922,276.3810778557031,0.13113654567152383,44.441058079534244,82562085.0,0.7749913292524044,0.14579572803850782,0.03182202208873071,0.005311961835307393,0.037868831052102286,0.0022951186903124522,0.13371275185673817
2022-08-24 13:30:00,297.5633239746094,303.64666748046875,296.5,297.0966796875,57259800,297.0966796875,0.002170125887066332,296.6,296.8883346557617,263.11613403320314,296.8883346557617,313.58591053340837,280.190758778115,0.1124838798197127,44.10412516130361,81019575.0,0.7067403155348568,-0.10510448558956875,0.02913950449639757,0.0037442160601668713,0.024103431637331366,0.0007017622702484334,0.12914656784220155
2022-08-25 13:30:00,302.3599853515625,302.9599914550781,291.6000061035156,296.07000732421875,53230000,296.07000732421875,-0.003455684406709514,295.24000244140626,297.64683532714844,264.6197341918945,297.64683532714844,312.5703532905461,282.72331736375077,0.10027667821157911,55.03826180580776,79444925.0,0.6700239190860838,-0.07037747250252357,0.028876615232532404,0.01771580103015183,0.03895742494439385,-0.005297647465986226,0.11885082277921653
2022-08-26 13:30:00,297.42999267578125,302.0,287.4700012207031,288.0899963378906,57163900,288.0899963378906,-0.026953121859416895,293.52467041015626,297.19383544921874,265.72153411865236,297.19383544921874,312.7187643816069,281.6689065168306,0.10447678976195239,48.613196462534596,77537470.0,0.7372422649333283,0.0739038136389254,0.026534506382375884,0.004593458702060336,0.05054440017252989,-0.030632664696989245,0.08418008835238058
2022-08-29 13:30:00,282.8299865722656,287.739990234375,280.70001220703125,284.82000732421875,41864700,284.82000732421875,-0.01135058160727187,292.506005859375,296.5710021972656,267.1559341430664,296.5710021972656,313.0519805312023,280.09002386332895,0.11114355895775853,50.925616637576674,73778560.0,0.5674372066898568,-0.267637442511795,0.0266267929008876,-0.018258217336556592,0.025080077382224657,-0.03962287204745201,0.06611896246217361
2022-08-30 13:30:00,287.8699951171875,288.4800109863281,272.6499938964844,277.70001220703125,50541800,277.70001220703125,-0.0249982267189629,288.7553405761719,295.4266693115234,268.37473449707034,295.4266693115234,313.8028913238887,277.0504472991582,0.12440462504749542,39.09953127215573,71526770.0,0.7066137615329198,0.20726530943730648,0.026927181049949598,0.010708474526148233,0.05805984758559669,-0.06000357769257337,0.03474722658761573
2022-08-31 13:30:00,280.6199951171875,281.25,271.80999755859375,275.6099853515625,52107300,275.6099853515625,-0.007526203685978228,284.4580017089844,293.83733520507815,269.14620086669925,293.83733520507815,313.31961726282134,274.35505314733496,0.13260589941129097,42.2138407958311,70127585.0,0.7430357112682549,0.030974361815368612,0.0262142537985779,0.010514882181493535,0.034730151672847424,-0.06203210984333974,0.0240158860279235
2022-09-01 13:30:00,272.5799865722656,277.5799865722656,266.1499938964844,277.1600036621094,54287000,277.1600036621094,0.005623955563764049,280.6760009765625,292.2636688232422,269.9676675415039,292.2636688232422,311.7982002548776,272.7291373916068,0.13367745303607795,30.591261504290927,69229125.0,0.7841641794548176,0.04183099105115784,0.026246049963161378,-0.010993791735926657,0.04294568077362722,-0.05167821652942895,0.026641472240373987
2022-09-02 13:30:00,281.07000732421875,282.3500061035156,269.0799865722656,270.2099914550781,50890100,270.2099914550781,-0.02507581222110289,277.1,291.36566772460935,270.67046722412107,291.36566772460935,313.2075331895869,269.5238022596318,0.1499275164129624,15.436319081809401,66114985.0,0.7697211154173293,-0.06257299169230202,0.02253780797685929,0.014107387828137457,0.04931626354041804,-0.07260867910328742,-0.0017012412686370387
2022-09-06 13:30:00,272.67999267578125,275.989990234375,265.739990234375,274.4200134277344,55860000,274.4200134277344,0.015580556255471167,275.02000122070314,290.5655014038086,271.2447341918945,290.5655014038086,313.687742044181,267.4432607634362,0.1591533786954196,22.304617860354554,63958285.0,0.8733817675067429,0.09765946618301014,0.022798723505628688,0.009141043258253306,0.038571537505363025,-0.055565743001390534,0.011706325821586224
2022-09-07 13:30:00,273.1000061035156,283.8399963378906,272.2699890136719,283.70001220703125,50028900,283.70001220703125,0.03381677109982606,276.2200012207031,290.5838348388672,272.02033447265626,290.5838348388672,313.68250041824183,267.4851692594925,0.15898107747241472,34.32531405652476,62147500.0,0.805002614747174,-0.10438775510204079,0.02356960111676902,-0.004810171487606752,0.04249461119873101,-0.023689626904583674,0.042936781755736876
2022-09-08 13:30:00,281.29998779296875,289.5,279.760009765625,289.260009765625,53713100,289.260009765625,0.01959815762903916,278.95000610351565,290.3290023803711,273.15226806640624,290.3290023803711,313.36478319550616,267.293221565236,0.15868742444790282,40.16289156796589,60087215.0,0.8939189476496789,0.07364143525042532,0.022265595443197898,-0.008459726157188433,0.03481552006855765,-0.0036820042296207313,0.05896982592618561
2022-09-09 13:30:00,291.6700134277344,299.8500061035156,291.25,299.67999267578125,54338100,299.67999267578125,0.03602289482946186,283.45400390625,290.9815017700195,274.5760678100586,290.9815017700195,314.31351058250067,267.64949295753837,0.16036764310139456,52.05286585403885,59296370.0,0.9163815592758883,0.011635895154068487,0.02284238536030874,0.008331617163610337,0.029527917951984978,0.029893621597419207,0.09142794223088886
2022-09-12 13:30:00,300.7200012207031,305.489990234375,300.3999938964844,304.4200134277344,48674600,304.4200134277344,0.01581694096302666,290.29600830078124,291.2010025024414,276.1750015258789,291.2010025024414,314.96994377301564,267.4320612318671,0.16324766100607765,60.16157449626612,57747240.0,0.8428905000481408,-0.10422705247331066,0.020626448696636768,0.003470396991256746,0.01694406272073561,0.04539479882175943,0.1022721526054153
2022-09-13 13:30:00,292.8999938964844,297.3999938964844,290.3999938964844,292.1300048828125,68229600,292.1300048828125,-0.04037188096320543,293.8380065917969,290.3415023803711,277.47233489990236,290.3415023803711,312.5432666717317,268.13973808901045,0.1529355197885179,47.197375641914874,56690760.0,1.2035400477961489,0.4017495778085489,0.021315462235979826,-0.03784251699333399,0.024104683702215267,0.0061599960314951225,0.052825698778935434
2022-09-14 13:30:00,292.239990234375,306.0,291.6400146484375,302.6099853515625,72628700,302.6099853515625,0.03587437200418364,297.6200012207031,290.1438354492187,278.86320129394534,290.1438354492187,311.80120972802825,268.4864611704092,0.14928715783520427,53.16977842782078,55915375.0,1.2989039240101672,0.06447494928887165,0.02291433388696516,0.0003764945391577303,0.04923873484532976,0.042965413630253094,0.08515567470871156
2022-09-15 13:30:00,301.8299865722656,309.1199951171875,300.7200012207031,303.75,64795500,303.75,0.003767273730617582,300.51799926757815,290.13150177001955,280.30353454589846,290.13150177001955,311.75591480179145,268.50708873824766,0.14906628821652781,54.40973001009308,55716850.0,1.1629426286661935,-0.10785268082727628,0.022852731189351747,-0.002577571187516161,0.027932940484126586,0.04693905400446833,0.08364669925438378
2022-09-16 13:30:00,299.6099853515625,303.7099914550781,295.6000061035156,303.3500061035156,87087800,303.3500061035156,-0.0013168523341049454,301.252001953125,290.15550231933594,281.47966796875,290.15550231933594,311.84042557385163,268.47057906482024,0.14947104625746477,59.59748305028141,57696215.0,1.509419638705936,0.3440408670355195,0.02283743590819985,-0.013629677854938271,0.027435673829866156,0.04547390512573577,0.07769775448645792
2022-09-19 13:30:00,300.0899963378906,309.8399963378906,297.79998779296875,309.07000732421875,60231200,309.07000732421875,0.018856110452001085,302.1820007324219,290.77566986083986,282.64580139160154,290.77566986083986,313.9059267549173,267.6454129667624,0.15909348196255327,64.7955938540371,57638010.0,1.0449909703683384,-0.30838533066629314,0.022644141087416813,-0.010746694247675569,0.040429849020988264,0.06291564033584462,0.09348876156135386
2022-09-20 13:30:00,306.9100036621094,313.3299865722656,305.5799865722656,308.7300109863281,61642800,308.7300109863281,-0.0011000625419275156,305.502001953125,291.71650390625,284.1335348510742,291.71650390625,316.1907786291765,267.2422291833235,0.16779492689101946,70.63986167435255,57927990.0,1.0641280665874995,0.02343635856499615,0.021887930808787096,-0.006988719742849396,0.02536160854947622,0.05832205875313042,0.08656660731069955
2022-09-21 13:30:00,308.2900085449219,313.79998779296875,300.6300048828125,300.79998779296875,62555700,300.79998779296875,-0.025685948599634356,305.14000244140624,291.93383636474607,285.4881344604492,291.93383636474607,316.66110873097017,267.206563998522,0.16940326393223917,65.54745119489719,57856530.0,1.0812210825640598,0.014809515466526424,0.02231695638628967,-0.0014252013919882093,0.04380794563500072,0.030370413853449966,0.05363393950315232
2022-09-22 13:30:00,299.8599853515625,301.2900085449219,285.82000732421875,288.5899963378906,70545400,288.5899963378906,-0.040591728559117746,302.1080017089844,291.5085021972656,286.5191345214844,291.5085021972656,316.1543671245582,266.86263726997305,0.16909191149844785,56.234311768520605,58520810.0,1.2054754539453572,0.12772137471085765,0.024167109005246597,-0.0031250082431958886,0.05412497664362171,-0.010011734948986214,0.007227656260601221
2022-09-23 13:30:00,283.0899963378906,284.5,272.82000732421875,275.3299865722656,63748400,275.3299865722656,-0.04594757245188685,296.5039978027344,290.471501159668,287.25946746826173,290.471501159668,316.0373840232926,264.9056182960434,0.1760302319611824,52.61277451948384,59046730.0,1.0796262553404736,-0.09634930130100616,0.0261636239182331,-0.019058179665938316,0.042812082553391216,-0.05212736714945155,-0.041528590862942236
2022-09-26 13:30:00,271.8299865722656,284.0899963378906,270.30999755859375,276.010009765625,58076900,276.010009765625,0.0024698479153155706,289.8919982910156,289.8675018310547,287.97833435058595,289.8675018310547,316.2286978173335,263.5063058447759,0.18188445286041802,50.84171287382401,59092380.0,0.9828153816109624,-0.08896693877807127,0.025584318447192493,-0.012712018925266456,0.0509785021040883,-0.047806297628722655,-0.04155980904588005
2022-09-27 13:30:00,283.8399963378906,288.6700134277344,277.510009765625,282.94000244140625,61925200,282.94000244140625,0.02510775852537339,284.73399658203124,289.77350158691405,288.826201171875,289.77350158691405,316.2237386040884,263.3232645697397,0.18255801080721604,49.587399856988256,60095405.0,1.0304481682085345,0.06626214553462728,0.026162351826494908,0.02836848771866821,0.04021477881657211,-0.023582208545932817,-0.02037972561556495
2022-09-28 13:30:00,283.0799865722656,289.0,277.57000732421875,287.80999755859375,54664800,287.80999755859375,0.017212112374233923,282.13599853515626,290.2790008544922,289.67180114746094,290.2790008544922,316.1375107795276,264.42049092945683,0.17816314544914286,49.20686376498836,60301555.0,0.9065238864901577,-0.11724467583471676,0.025739075809820676,0.0004947484613398353,0.04117877427019814,-0.008505621449124715,-0.006427286264980333
2022-09-29 13:30:00,282.760009765625,283.6499938964844,265.7799987792969,268.2099914550781,77620600,268.2099914550781,-0.06810050474193607,278.05999755859375,289.909001159668,290.0860009765625,289.909001159668,316.8407676051162,262.9772347142198,0.1857946206410851,34.35730029261545,61577220.0,1.260540829871826,0.4199375100613192,0.03012279855592838,-0.017546255640201132,0.06723604183634113,-0.07484765777465144,-0.07541215173376067
2022-09-30 13:30:00,266.1499938964844,275.57000732421875,262.4700012207031,265.25,67726600,265.25,-0.011036096899372572,276.04400024414065,289.3135009765625,289.95686767578127,289.3135009765625,317.90760121468116,260.7194007384439,0.19766861996830953,30.17913050407266,62249200.0,1.0879914922601415,-0.12746616233319508,0.03016257562850519,-0.00768053996578563,0.049910488980034806,-0.08317448337301038,-0.08520876871730987
2022-10-03 13:30:00,254.5,255.16000366210938,241.00999450683594,242.39999389648438,98363500,242.39999389648438,-0.08614516909902215,269.3219970703125,287.9230010986328,289.36000061035156,287.9230010986328,322.5061441548908,253.33985804237483,0.24022494155936477,27.265246717414882,64622870.0,1.5221159320222082,0.452361406005912,0.03530109814143341,-0.04052780395852969,0.058711296119597606,-0.1581082686289234,-0.16228921279656383
2022-10-04 13:30:00,250.52000427246094,257.5,242.00999450683594,249.44000244140625,109578500,249.44000244140625,0.029042940273044104,262.6219970703125,286.6740005493164,288.9801342773437,286.6740005493164,324.92079177214754,248.4272093264853,0.2668312518717688,24.903258779020916,67308795.0,1.6279967573331242,0.11401586970776756,0.035834658128412786,0.0334983934836408,0.06400564375338856,-0.12988271708129603,-0.1368264705628156
2022-10-05 13:30:00,245.00999450683594,246.6699981689453,233.27000427246094,240.80999755859375,86982700,240.80999755859375,-0.034597517632881325,253.2219970703125,284.52949981689454,288.6191345214844,284.52949981689454,327.93957730406277,241.11942232972632,0.3051358647528938,22.25358047306264,69156485.0,1.2577663540881234,-0.2062065094886314,0.035282216541892224,-0.017759813547191278,0.05744413619863912,-0.1536554286512855,-0.16564784258727588
2022-10-06 13:30:00,239.44000244140625,244.5800018310547,235.35000610351562,238.1300048828125,69298400,238.1300048828125,-0.011129075632041241,247.20599975585938,281.9729995727539,287.88533447265627,281.9729995727539,329.98810019338936,233.95789895211846,0.34056523634098324,21.815048774035233,69935750.0,0.9908866352330532,-0.20330824405312775,0.03470177956475344,-0.005689112292167827,0.039218166510177906,-0.1554864996165321,-0.17283037248488112
2022-10-07 13:30:00,233.94000244140625,234.57000732421875,222.02000427246094,223.07000732421875,83916800,223.07000732421875,-0.06324275500689214,238.77000122070314,278.14250030517576,286.7287347412109,278.14250030517576,332.0692681227659,224.21573248758563,0.38776359426137397,15.611015221686799,71414685.0,1.175063644123054,0.21094859332971616,0.03500691884523319,-0.01759544095868228,0.05652645171719104,-0.19800099920196268,-0.2220172577905309
2022-10-10 13:30:00,223.92999267578125,226.99000549316406,218.36000061035156,222.9600067138672,67925000,222.9600067138672,-0.0004931214719139376,234.8820037841797,274.0694999694824,285.2449349975586,274.0694999694824,331.80988195791076,216.32911798105405,0.42135576556207627,15.639782672667494,72377205.0,0.9384860882649447,-0.19056732382550334,0.03446009493362434,0.0038552262667592213,0.03952191270695292,-0.18648369578266194,-0.21835594831587277
2022-10-11 13:30:00,220.9499969482422,225.75,215.0,216.5,77013200,216.5,-0.02897383620084637,228.29400329589845,270.2879997253418,283.629401550293,270.2879997253418,332.76046311587777,207.81553633480587,0.4622659049163744,15.826183947668326,72816385.0,1.057635585727031,0.13379757085020239,0.0341086290769377,-0.009015113496137088,0.05,-0.19900254461907113,-0.23667998163578835
2022-10-12 13:30:00,215.3300018310547,219.3000030517578,211.50999450683594,217.24000549316406,66860700,217.24000549316406,0.003418039229395209,223.5800048828125,266.0195007324219,281.96246826171875,266.0195007324219,330.8160544160752,201.22294704876856,0.4871564190238032,18.110322354929366,72527985.0,0.9218607134887313,-0.13182805025631972,0.032320978033658,-0.005404148586352482,0.0368304512658389,-0.1833681181453051,-0.22954282946792418
2022-10-13 13:30:00,208.3000030517578,222.99000549316406,206.22000122070312,221.72000122070312,91483000,221.72000122070312,0.020622332969329804,220.29800415039062,261.91800079345705,280.2489349365234,261.91800079345705,327.04254148458557,196.79346010232854,0.4972895371363524,23.998461836311677,73862360.0,1.2385604792481584,0.3682626714946149,0.0330724569151967,-0.04115265243669664,0.08132093964306183,-0.15347551314143243,-0.20884623068800295
2022-10-14 13:30:00,224.00999450683594,226.25999450683594,204.16000366210938,204.99000549316406,94124500,204.99000549316406,-0.07545550981161053,216.6820037841797,257.00000076293946,278.17606842041016,257.00000076293946,323.7850899433825,190.21491158249643,0.5197283189274896,20.194726944647115,74214195.0,1.2682816272547321,0.02887421706765192,0.03551328963955337,0.010328311715339213,0.1082483858165612,-0.2023735218497146,-0.26309259219466463
2022-10-17 13:30:00,210.0399932861328,221.86000061035156,209.4499969482422,219.35000610351562,79428800,219.35000610351562,0.07005219876844393,215.9600036621094,252.5140007019043,276.79966827392576,252.5140007019043,316.56978434085374,188.45821706295487,0.507344412277306,24.879516213110435,75174075.0,1.0565983020077068,-0.15613044425202793,0.03993888813487221,0.024635287856203093,0.0592504361085097,-0.13133527054422287,-0.20754960628622196
2022-10-18 13:30:00,229.5,229.82000732421875,217.25,220.19000244140625,75891900,220.19000244140625,0.003829479437051919,216.69800415039063,248.0870002746582,275.3950015258789,248.0870002746582,307.8806201229841,188.29338042633233,0.4820375092780203,22.409013219385116,75886530.0,1.000070763546574,-0.04452918840521325,0.040052216333946615,0.04627305044019188,0.0578596424590046,-0.11244844672379879,-0.20045752021132832
2022-10-19 13:30:00,219.8000030517578,222.92999267578125,217.77999877929688,222.0399932861328,66571500,222.0399932861328,0.008401793106927569,217.6580017089844,244.1490005493164,274.16913452148435,244.1490005493164,299.5370028838671,188.76099821476572,0.45372294959169984,27.970225628855374,76087320.0,0.8749355345936748,-0.12281152534064899,0.040341788925046376,-0.0017711948105010736,0.023647689986918834,-0.09055538713425015,-0.19013497389607367
2022-10-20 13:30:00,208.27999877929688,215.5500030517578,202.0,207.27999877929688,117798100,207.27999877929688,-0.0664744863679374,214.77000122070314,240.08350067138673,272.4276013183594,240.08350067138673,293.64301348725326,186.5239878555202,0.44617404083236756,25.139376000707784,78449955.0,1.501570013647554,0.7694974576207536,0.0416250892950057,-0.06197079320347511,0.06707922302850403,-0.136633720352943,-0.239137305558591
2022-10-21 13:30:00,206.4199981689453,214.66000366210938,203.8000030517578,214.44000244140625,75713800,214.44000244140625,0.03454266549727758,216.66000061035157,237.03900146484375,270.9838012695312,237.03900146484375,289.0629765792262,185.01502635046128,0.43894865227145624,36.14470111674985,79048225.0,0.9578178384144616,-0.3572578844650296,0.0424172113733303,-0.004148980197878404,0.05328753899769823,-0.0953387370170358,-0.20866117665787806
2022-10-24 13:30:00,205.82000732421875,213.5,198.58999633789062,211.25,100446800,211.25,-0.014875967194030837,215.03999938964844,233.8010009765625,269.2082012939453,233.8010009765625,283.6269857470687,183.97501620605627,0.4262255898168807,30.324571228759538,81166720.0,1.2375367638362127,0.3266643597336285,0.04229266906678999,-0.04019770107745095,0.0750793289544191,-0.09645382561395938,-0.21529136562471
2022-10-25 13:30:00,210.10000610351562,224.35000610351562,210.0,222.4199981689453,96507900,222.4199981689453,0.05287573097725584,215.48599853515626,230.77500076293944,267.47020111083987,230.77500076293944,275.0807300259498,186.4692714999291,0.3839733863419878,40.7671438480133,82895855.0,1.1642065818610592,-0.03921379277388626,0.04401021516990411,-0.005443758089866864,0.06833336239769346,-0.036204106018297426,-0.16843073641398174
2022-10-26 13:30:00,219.39999389648438,230.60000610351562,218.1999969482422,224.63999938964844,85012500,224.63999938964844,0.009981122376490958,216.00599975585936,227.6165008544922,265.8317346191406,227.6165008544922,262.8879706586474,192.34503105033696,0.309920147895632,43.195800007480855,84413240.0,1.0070991233128832,-0.1191135647962498,0.04379519963296318,-0.013577934975824471,0.05682864036984732,-0.013076826388551375,-0.15495416786302027
2022-10-27 13:30:00,229.77000427246094,233.80999755859375,222.85000610351562,225.08999633789062,61638800,225.08999633789062,0.00200319154854367,219.56799926757813,225.46050109863282,264.25360107421875,225.46050109863282,255.10736589134717,195.81363630591846,0.26298943405385816,51.19497709195462,83614150.0,0.7371814459633925,-0.27494427290104395,0.04177612277664558,0.022836560259752628,0.049181023804805823,-0.0016433244800609552,-0.14820462077763158
2022-10-28 13:30:00,225.39999389648438,228.86000061035156,216.35000610351562,228.52000427246094,69152400,228.52000427246094,0.015238384603380561,222.38399963378907,223.62400131225587,262.7666012573242,223.62400131225587,246.71945777915963,200.52854484535212,0.2065561507832477,53.164843915297034,83685440.0,0.8263372935602656,0.12189724653951739,0.04208373081140676,0.00137721606307373,0.05782294501461839,0.02189390642987631,-0.13033085948136156
2022-10-31 13:30:00,226.19000244140625,229.85000610351562,221.94000244140625,227.5399932861328,61554300,227.5399932861328,-0.004288512900427199,225.64199829101562,222.8810012817383,261.3840679931641,222.8810012817383,244.33060750768615,201.43139505579043,0.19247586023569546,56.70227853588993,81844980.0,0.7520840007536198,-0.10987471150675898,0.03768817509731046,-0.010196051931964177,0.03564027924257446,0.020903495486836964,-0.12948025090770407
2022-11-01 13:30:00,234.0500030517578,237.39999389648438,227.27999877929688,227.82000732421875,62688800,227.82000732421875,0.0012306146011606955,226.7220001220703,221.8000015258789,260.14220153808594,221.8000015258789,239.45785299603,204.14215005572783,0.15922318619182538,56.45909685491986,79500495.0,0.7885334550432673,0.018430881351912065,0.036970246464256055,0.028610397985898796,0.04452655390505633,0.027141594936542158,-0.12424817666169817
2022-11-02 13:30:00,226.0399932861328,227.8699951171875,214.82000732421875,214.97999572753906,63070300,214.97999572753906,-0.05636033352596026,224.78999938964844,220.50850143432618,258.51273468017575,220.50850143432618,235.9515836414781,205.06541922717426,0.14006790764710098,46.266339671775526,78304875.0,0.8054453825512141,0.006085616569466934,0.03822144484493006,-0.007813247216486725,0.060748474760420966,-0.025071621596565355,-0.16839688383821438
2022-11-03 13:30:00,211.36000061035156,221.1999969482422,210.13999938964844,215.30999755859375,56538800,215.30999755859375,0.0015350350619269815,222.83399963378906,219.36750106811525,256.87700103759767,219.36750106811525,232.5327756894912,206.2022264467393,0.12002939867823016,56.986181773708495,77666895.0,0.7279652418189243,-0.10355904443137265,0.0382186768609412,-0.016838753321845826,0.05263156748223808,-0.01849637475818084,-0.16181675786895372
2022-11-04 13:30:00,222.60000610351562,223.8000030517578,203.0800018310547,207.47000122070312,98622200,207.47000122070312,-0.03641259777431871,218.6239990234375,218.58750076293944,255.10500091552734,218.58750076293944,232.6472612298544,204.5277402960245,0.12864194354976333,41.179091071414,78402165.0,1.257901487796925,0.7443277890581335,0.03647264289323577,0.033858198075256564,0.10202876223105614,-0.0508606370603659,-0.18672703210000005
2022-11-07 14:30:00,208.64999389648438,208.89999389648438,196.66000366210938,197.0800018310547,93916500,197.0800018310547,-0.05007952633400592,212.53200073242186,217.29350051879882,253.28480102539064,217.29350051879882,234.14536329395796,200.4416377436397,0.15510691976450736,34.97204342472264,79701740.0,1.1783494312671217,-0.04771440912897906,0.03795013447193283,0.005687533951118039,0.06223934712929779,-0.09302394521457577,-0.22190356060370822
2022-11-08 14:30:00,194.02000427246094,195.1999969482422,186.75,191.3000030517578,128803400,191.3000030517578,-0.02932818513088775,205.22799987792968,216.03350067138672,251.4144009399414,216.03350067138672,236.51306866848506,195.55393267428838,0.18959622404351315,30.98244503761076,82291250.0,1.5652137985508787,0.37146720757268414,0.03796177111712032,-0.015526677137018241,0.045247640954442774,-0.11448917664511474,-0.23910483116097989
2022-11-09 14:30:00,190.77999877929688,195.88999938964844,177.1199951171875,177.58999633789062,127062700,177.58999633789062,-0.07166757185130745,197.75,214.05100021362304,249.4122006225586,214.05100021362304,240.76607209077184,187.33592833647424,0.24961408122818526,31.39025710574792,85301350.0,1.4895743150606644,-0.013514394806348307,0.0406531987929689,-0.002718265886907728,0.10597337844347941,-0.17033792806080938,-0.28796588180286425
2022-11-10 14:30:00,189.89999389648438,191.0,180.02999877929688,190.72000122070312,132703000,190.72000122070312,0.07393437216942544,192.83200073242188,212.50100021362306,247.7144009399414,212.50100021362306,240.88751850448136,184.11448192276475,0.2671659734525663,36.16749064790196,87362350.0,1.5189953109091043,0.044389895697163784,0.0442981358174922,0.0693169537273496,0.06093429592337839,-0.10249833634205921,-0.23008109138175067
2022-11-11 14:30:00,186.0,196.52000427246094,182.58999633789062,195.97000122070312,114403600,195.97000122070312,0.027527264924482875,190.53200073242186,212.05,246.09060089111327,212.05,241.21491894247808,182.88508105752194,0.2750758683563128,41.29841100133749,88376305.0,1.2945053541217864,-0.13789741000580247,0.041782939051106624,-0.02474832838974813,0.07629118907912258,-0.07583116613674551,-0.20366726518168327
2022-11-14 14:30:00,192.77000427246094,195.72999572753906,186.33999633789062,190.9499969482422,92226600,190.9499969482422,-0.02561618738169713,189.30599975585938,210.62999954223633,244.50540100097658,210.62999954223633,241.03743067708643,180.22256840738623,0.2887283976730265,30.728732364570632,89016195.0,1.0360654036043666,-0.19384879496799057,0.03851906083686743,-0.016329014279273912,0.05039175471819553,-0.09343399628146434,-0.21903566887882564
2022-11-15 14:30:00,195.8800048828125,200.82000732421875,192.05999755859375,194.4199981689453,91293800,194.4199981689453,0.018172303095892017,189.92999877929688,209.34149932861328,242.90540069580078,209.34149932861328,240.22352342074382,178.45947523648275,0.2950396762340329,31.77323208915692,89786290.0,1.016789979851044,-0.010114218674438846,0.03884773318955847,0.02581831900163168,0.045610798068205186,-0.07127827596307114,-0.19960611163016292
2022-11-16 14:30:00,191.50999450683594,192.57000732421875,185.66000366210938,186.9199981689453,66567600,186.9199981689453,-0.03857627852399581,191.7959991455078,207.58549957275392,240.96980041503906,207.58549957275392,239.40695367211796,175.76404547338987,0.30658648282137224,28.782671726576254,89786095.0,0.7414021068629836,-0.2708420506102276,0.0393806040724598,-0.014967614903383893,0.037218590573148906,-0.09955175793271545,-0.2243011454256924
2022-11-17 14:30:00,183.9600067138672,186.16000366210938,180.89999389648438,183.1699981689453,64336000,183.1699981689453,-0.020062058831236462,190.28599853515624,206.37999954223633,238.84800018310546,206.37999954223633,240.02468236710388,172.7353167173688,0.3260459627821838,24.880923363294215,87112990.0,0.7385350910352176,-0.03352381639115731,0.03704103713466551,-0.01583560605646258,0.029076892996662634,-0.11246245481525462,-0.23311060578893825
2022-11-18 14:30:00,185.0500030517578,185.19000244140625,176.5500030517578,180.19000244140625,76048900,180.19000244140625,-0.016269016527425406,187.12999877929687,204.66749954223633,236.45820037841796,204.66749954223633,240.02769547447528,169.30730360999738,0.3455379677899649,24.34162079136975,87129745.0,0.8728236264205754,0.1820582566525739,0.03587334771781944,0.010263716228672412,0.048937973606919254,-0.11959640468358175,-0.23796255679423425
2022-11-21 14:30:00,175.85000610351562,176.77000427246094,167.5399932861328,167.8699951171875,92882700,167.8699951171875,-0.06837231343190053,182.51399841308594,202.4984992980957,233.72720001220702,202.4984992980957,241.31186432178023,163.68513427441118,0.38334471769637973,21.26354325048544,86751540.0,1.0706749413324537,0.22135494398998534,0.03831993759255873,-0.024085666680102823,0.055091389257516984,-0.17100622622359282,-0.2817695368428662
2022-11-22 14:30:00,168.6300048828125,170.9199981689453,166.19000244140625,169.91000366210938,78452300,169.91000366210938,0.012152311933396831,177.61199951171875,199.8729995727539,231.28279998779297,199.8729995727539,240.0909483036992,159.65505084180862,0.4024350344160011,25.900983849773013,85848760.0,0.9138431352997993,-0.15536154741410402,0.035758835897850595,0.004527371106995319,0.028461373476462406,-0.14991017283321445,-0.2653582381782079
2022-11-23 14:30:00,173.57000732421875,183.6199951171875,172.5,183.1999969482422,109536700,183.1999969482422,0.07821783885404354,176.8679992675781,197.8009994506836,228.89460021972656,197.8009994506836,236.90078326234388,158.70121563902333,0.3953446536695459,34.920636967997254,87074970.0,1.2579585155182942,0.39622037849750735,0.040925210504479524,0.02154083681492834,0.06446373980978261,-0.07381662652357723,-0.19963163494298247
2022-11-25 14:30:00,185.05999755859375,185.1999969482422,180.6300048828125,182.86000061035156,50672700,182.86000061035156,-0.0018558752377418886,176.80599975585938,195.68949966430665,226.4768002319336,195.68949966430665,233.10928802721384,158.26971130139947,0.38244043167465336,37.56694123848557,86526665.0,0.5856310306192894,-0.5373906644987478,0.040877930194799184,0.010152841928687649,0.02530029309579306,-0.06556048779297463,-0.19258837804540826
2022-11-28 14:30:00,179.9600067138672,188.5,179.0,182.9199981689453,92905200,182.9199981689453,0.0003281065208000644,177.35199890136718,193.40949935913085,224.0682000732422,193.40949935913085,227.8444655941248,158.97453312413688,0.35608350519592297,42.01263463331401,87714305.0,1.0591795716787586,0.8334369394170826,0.040536711073699744,-0.01585909377012333,0.05307262569832402,-0.05423467422718566,-0.18364141761680855
2022-11-29 14:30:00,184.99000549316406,186.3800048828125,178.75,180.8300018310547,83357100,180.8300018310547,-0.011425739989130657,179.94400024414062,191.07399978637696,221.5033999633789,191.07399978637696,221.9102557895597,160.23774378319422,0.32276768202537287,43.83755166792282,88804445.0,0.9386590952738908,-0.10277250358429879,0.04051250989887329,0.011316462633609293,0.04268534200174825,-0.05361272578569133,-0.18362426102284995
2022-11-30 14:30:00,182.42999267578125,194.75999450683594,180.6300048828125,194.6999969482422,109186400,194.6999969482422,0.07670184691003823,184.9019989013672,189.41799926757812,219.2227996826172,189.41799926757812,215.06617261580027,163.76982591935598,0.27081030786298915,60.051698089325676,91129325.0,1.1981477971004395,0.30986322700765734,0.04494901316029609,0.008848038646935353,0.07822614871316957,0.027885405299855046,-0.11186246489816858
2022-12-01 14:30:00,197.0800018310547,198.9199981689453,191.8000030517578,194.6999969482422,80046200,194.6999969482422,0.0,187.20199890136718,188.40399932861328,217.10079986572265,188.40399932861328,211.24720262703661,165.56079603018995,0.24249170272208856,52.76465404541302,91978120.0,0.870274365251214,-0.2668848867624539,0.04342401733784785,0.012223959528079425,0.037121976037018875,0.033417537005928734,-0.10318157708923878
2022-12-02 14:30:00,191.77999877929688,196.25,191.11000061035156,194.86000061035156,73645900,194.86000061035156,0.0008217959148295595,189.60199890136718,187.38149948120116,215.22619995117188,187.38149948120116,206.71482927021498,168.04816969218734,0.20635259983020268,49.17027909965616,92833475.0,0.7933118953050071,-0.07995757450072583,0.04341947769948285,-0.014997422777163916,0.02689550192681035,0.03991056294167757,-0.09462695222719526
2022-12-05 14:30:00,189.44000244140625,191.27000427246094,180.5500030517578,182.4499969482422,93122700,182.4499969482422,-0.06368676805520912,189.50799865722655,186.13049926757813,213.3686001586914,186.13049926757813,203.0819195022932,169.17907903286306,0.18214554091262594,44.278405937205605,92558500.0,1.0060956044015406,0.26446550317125594,0.04489143295840618,-0.027814831940718907,0.05937414034620675,-0.019773773421436505,-0.1449069975031646
2022-12-06 14:30:00,181.22000122070312,183.64999389648438,175.3300018310547,179.82000732421875,92150800,179.82000732421875,-0.01441485156488942,189.30599975585938,185.26749954223632,211.44480010986328,185.26749954223632,201.61858776957737,168.91641131489527,0.17651329313281325,40.05991735236694,92470215.0,0.9965457525972011,-0.010436767834265948,0.043718506405995096,-0.006741549729310165,0.04745332788764073,-0.029403388243903414,-0.14956524241415634
2022-12-07 14:30:00,175.02999877929688,179.3800048828125,172.22000122070312,174.0399932861328,84213300,174.0399932861328,-0.032143331123685615,185.1739990234375,184.40449905395508,209.2667999267578,184.40449905395508,201.23005174414914,167.57894636376102,0.18248527315237634,41.02063255466421,90240710.0,0.9332074182483715,-0.08613598579719328,0.04380989720145934,-0.026637795294298938,0.04157475096596764,-0.056205276015471324,-0.16833442597179382
2022-12-08 14:30:00,172.1999969482422,175.1999969482422,169.05999755859375,173.44000244140625,97624500,173.44000244140625,-0.003447430865732959,180.9220001220703,184.19699935913087,206.97940002441408,184.19699935913087,201.47273791171662,166.92126080654512,0.18757893573394274,42.905062816505314,88768800.0,1.099761402654987,0.15925275461239496,0.040801089876452895,-0.010572261600042434,0.03631846373072614,-0.05839941451354258,-0.16204220119998278
2022-12-09 14:30:00,173.83999633789062,182.5,173.36000061035156,179.0500030517578,104872300,179.0500030517578,0.0323454827685834,177.76000061035157,183.6134994506836,205.19620025634765,183.6134994506836,200.74933756168753,166.47766133967968,0.18665117937699785,49.19943859655139,87377265.0,1.2002241086397016,0.0742416094320586,0.03775961185809188,0.002306237839332977,0.05272265434626836,-0.02485381746210601,-0.1274204745113501
2022-12-12 14:30:00,176.10000610351562,177.3699951171875,167.52000427246094,167.82000732421875,109794500,167.82000732421875,-0.0627198857086465,174.83400268554686,182.20599975585938,203.24760040283203,182.20599975585938,199.68925882593246,164.7227406857863,0.19190651343533321,49.96435044685997,87146810.0,1.2598797362749135,0.04693517735379116,0.039344050416730295,-0.01647582741112512,0.058798893227737514,-0.07895454842824409,-0.17430755890055585
2022-12-13 14:30:00,174.8699951171875,175.0500030517578,156.91000366210938,160.9499969482422,175862700,160.9499969482422,-0.04093677795344208,171.06000061035155,180.70599975585938,201.61860046386718,180.70599975585938,200.07643746026196,161.3355620514568,0.21438621551661557,44.02187867204124,91328615.0,1.9256034923993974,0.6017441675129447,0.0398713509675,0.042009221101680524,0.1156076666004749,-0.10932676742503457,-0.20171057343944496
2022-12-14 14:30:00,159.25,161.6199951171875,155.30999755859375,156.8000030517578,140682300,156.8000030517578,-0.025784367661833008,167.61200256347655,178.825,199.76580047607422,178.825,199.8258799033564,157.82412009664358,0.23487633052824167,29.939210642752258,93798040.0,1.4998426406351348,-0.20004469395727464,0.039577160492843454,-0.010562267663719604,0.040628405497290535,-0.12316508848450819,-0.2150808462806044
2022-12-15 14:30:00,153.44000244140625,160.92999267578125,153.27999877929688,157.6699981689453,122334500,157.6699981689453,0.005548438139381551,164.45800170898437,177.3625,198.10300048828125,177.3625,199.99992837595758,154.72507162404244,0.2552673578231877,31.011602939221106,96586385.0,1.2665812060364408,-0.13042010259997172,0.03912505659358079,-0.021428574904060853,0.04990862446116903,-0.11102968119560053,-0.20410090821278473
2022-12-16 14:30:00,159.63999938964844,160.99000549316406,150.0399932861328,150.22999572753906,139032200,150.22999572753906,-0.047187179094365206,158.69400024414062,175.7154998779297,196.34500030517577,175.7154998779297,201.18930930348304,150.24169045237633,0.2899437948644271,27.825256931871394,100321195.0,1.3858706527568776,0.1364921587941259,0.04003389331746111,0.012494458321691897,0.07298062314725047,-0.14503845231693,-0.2348672209934601
2022-12-19 14:30:00,154.0,155.25,145.82000732421875,149.8699951171875,139390600,149.8699951171875,-0.00239632976495896,155.10399780273437,174.19949951171876,194.88100006103517,174.19949951171876,202.0500400621741,146.3489589612634,0.31975454152876925,28.494020178149242,103488280.0,1.3469216031032694,0.0025778201021058322,0.040023439625929885,0.025094883709497758,0.06466871624011401,-0.1396646055971852,-0.2309666151638722
2022-12-20 14:30:00,146.0500030517578,148.47000122070312,137.66000366210938,137.8000030517578,159563300,137.8000030517578,-0.08053641461716088,150.4739990234375,172.69599990844728,193.17779998779298,172.69599990844728,204.89276466269652,140.49923515419803,0.3728721542052853,9.46138512770159,106822310.0,1.4937263573498831,0.14472066265587502,0.041061516185459175,-0.025488704810077093,0.07852678534810456,-0.20206604018152802,-0.2866674997827624
2022-12-21 14:30:00,139.33999633789062,141.25999450683594,135.88999938964844,137.57000732421875,145417400,137.57000732421875,-0.0016690545895901021,146.62799987792968,171.07900009155273,191.59920013427734,171.07900009155273,206.90836235162956,135.2496378314759,0.41886335834208516,9.430479311562166,110170565.0,1.3199296926542947,-0.08865384458706982,0.0408018999645475,0.011175567866674063,0.03951722085000293,-0.19586853295496046,-0.2819907012774251
2022-12-22 14:30:00,136.0,136.6300048828125,122.26000213623047,125.3499984741211,210090300,125.3499984741211,-0.08882756559936855,140.16399993896485,168.18650016784667,189.76139999389648,168.18650016784667,208.90290603699952,127.47009429869382,0.4841816177697819,7.857398121856988,115198245.0,1.8237283041942176,0.44473976291695494,0.03890846564035161,-0.011412424515749482,0.11753641825206243,-0.254696433132122,-0.33943363361488227
2022-12-23 14:30:00,126.37000274658203,128.6199951171875,121.0199966430664,123.1500015258789,166989700,123.1500015258789,-0.017550833466474902,134.7480010986328,165.20100021362305,187.79,165.20100021362305,209.94443843395916,120.45756199328693,0.541684834383302,8.967612654745764,121014095.0,1.3799194217830575,-0.20515273670416956,0.038722181494822386,0.008137249979077747,0.06279952640005729,-0.25454445574401835,-0.34421427378519137
2022-12-27 14:30:00,117.5,119.66999816894531,108.76000213623047,109.0999984741211,208643400,109.0999984741211,-0.1140885333144338,126.59400177001953,161.51000022888184,185.87219985961914,161.51000022888184,211.9194237272477,111.10057673051598,0.624226653791453,7.743780716905988,126801005.0,1.6454396398514348,0.24943873783832182,0.0438520110173024,-0.045879021160154895,0.1003125764842227,-0.32450004136269317,-0.41303756798208996
2022-12-28 14:30:00,110.3499984741211,116.2699966430664,108.23999786376953,112.70999908447266,221070500,112.70999908447266,0.03308891531476843,121.5760009765625,158.10400009155273,183.7393997192383,158.10400009155273,212.0950974159806,104.11290276712487,0.6829820534985002,12.378846721030598,133686675.0,1.6536464834659101,0.05956143352725274,0.04564719892362561,0.011457378712030912,0.07418698205633191,-0.2871148167079513,-0.3865768623566944
2022-12-29 14:30:00,120.38999938964844,123.56999969482422,117.5,121.81999969482422,221923300,121.81999969482422,0.0808269069678893,118.42599945068359,154.46000022888182,181.77199966430663,154.46000022888182,207.88603429818335,101.03396615958029,0.6917782466675358,21.328591051131767,139323520.0,1.5928631432797564,0.003857592939808807,0.046125101764895926,0.06813947624487034,0.05165957187084441,-0.21131684892976188,-0.32981977466386864
2022-12-30 14:30:00,119.94999694824219,124.4800033569336,119.75,123.18000030517578,157777300,123.18000030517578,0.011164017515666869,117.99199981689453,150.8840003967285,179.7947998046875,150.8840003967285,202.51333898804336,99.25466180541366,0.6843580294207826,17.430334071781417,143210075.0,1.10171927498816,-0.2890458099712828,0.0464733507859682,-0.015350539741147957,0.039498984191512265,-0.18361125115127455,-0.3148856338504385
2023-01-03 14:30:00,118.47000122070312,118.80000305175781,104.63999938964844,108.0999984741211,231402800,108.0999984741211,-0.12242248574195735,114.98199920654297,146.546000289917,177.81119979858397,146.546000289917,197.18769975676508,95.90430082306892,0.691137245188021,16.68154038168936,151097920.0,1.5314757476476182,0.4666419060283069,0.0512700076353893,-0.03823671921418847,0.13532113670396448,-0.2623476706272219,-0.39205180215547947
2023-01-04 14:30:00,109.11000061035156,114.58999633789062,107.5199966430664,113.63999938964844,180389000,113.63999938964844,0.05124885285593783,115.88999938964844,143.1055004119873,175.79519973754884,143.1055004119873,192.81778910610973,93.39321171786484,0.6947641921659955,23.207610626229112,155461235.0,1.1603471437751025,-0.22045454938315356,0.05342513511630855,0.009343220633553117,0.06575520754799186,-0.20590054845907702,-0.3535659701783337
2023-01-05 14:30:00,110.51000213623047,111.75,107.16000366210938,110.33999633789062,157986300,110.33999633789062,-0.029039097760312105,115.41599884033204,139.6314998626709,173.77699966430663,139.6314998626709,188.23944802652633,91.02355169881545,0.6962318418360025,23.433208247563726,158753010.0,0.9951704222804972,-0.1241910537782237,0.0534160038436136,-0.0275430945989875,0.042833111058520786,-0.20977718891216368,-0.36504832888679345
2023-01-06 14:30:00,103.0,114.38999938964844,101.80999755859375,113.05999755859375,220911100,113.05999755859375,0.024651090365942707,113.66399841308593,136.58250007629394,171.5897996520996,136.58250007629394,183.73098286351882,89.43401728906906,0.6904029837041802,25.01960110805217,165587900.0,1.3341017067068306,0.39829276335986097,0.05438981136163084,-0.0665216293411284,0.12356352158651843,-0.1722219354936445,-0.34110303882967247
2023-01-09 14:30:00,118.95999908447266,123.5199966430664,117.11000061035156,119.7699966430664,190284000,119.7699966430664,0.059349011404278285,112.98199768066407,133.89899978637695,169.49239959716797,133.89899978637695,178.240529810973,89.55746976178091,0.662313088153589,32.80262121721056,170220875.0,1.1178652442011006,-0.1386399325339469,0.05713218642006674,0.05218469532357109,0.05473483049532366,-0.10551985575584594,-0.2933606643854039
2023-01-10 14:30:00,121.06999969482422,122.76000213623047,114.91999816894531,118.8499984741211,167642500,118.8499984741211,-0.007681374256751861,115.13199768066406,130.8889995574951,167.36759963989257,130.8889995574951,170.21482051241827,91.56317860257195,0.6009033774858773,32.59650152206929,173359385.0,0.9670229275444188,-0.11898793382522965,0.05601206204243559,0.010854162880475216,0.06822140699793146,-0.09197870809674645,-0.28988646112008387
2023-01-11 14:30:00,122.08999633789062,125.94999694824219,120.51000213623047,123.22000122070312,183810800,123.22000122070312,0.036769060182475055,117.047998046875,128.65899925231935,165.2615995788574,128.65899925231935,164.02602848354402,93.29197002109467,0.5497793304277876,41.046426291740055,177060200.0,1.038126015897418,0.0964451138583593,0.056318367595973765,0.027261236056936276,0.045141438184210465,-0.04227452462108416,-0.2543942359585683
2023-01-12 14:30:00,122.55999755859375,124.12999725341797,117.0,123.55999755859375,169400900,123.55999755859375,0.0027592625752506095,119.69199829101562,126.78949928283691,163.18199966430663,126.78949928283691,158.75928033474364,94.81971823093019,0.5042969840994453,41.408066139250046,176737110.0,0.9584908342113323,-0.078395284716676,0.056056104262064796,-0.005356302999277059,0.060940147465110846,-0.02547136586633978,-0.24280865651372172
2023-01-13 14:30:00,116.55000305175781,122.62999725341797,115.5999984741211,122.4000015258789,180714100,122.4000015258789,-0.009388119582672827,121.55999908447265,125.06949920654297,161.07359954833984,125.06949920654297,153.77595227257146,96.36304614051448,0.4590480212705084,47.90691294370553,178738700.0,1.0110518874759635,0.0667835885169441,0.05595738013351075,-0.056733527398393706,0.060813139031923535,-0.021344114253272803,-0.2400989245345237
2023-01-17 14:30:00,125.69999694824219,131.6999969482422,125.0199966430664,131.49000549316406,186477000,131.49000549316406,0.07426473736900463,123.90400085449218,123.7604995727539,159.40379974365234,123.7604995727539,148.29167369791963,99.22932544758817,0.396429785106755,55.39038461671222,181945825.0,1.0249039789728618,0.031889597989310126,0.05903688877776921,0.026960746578631102,0.053431454843558046,0.062455354875699184,-0.17511373188956772
2023-01-18 14:30:00,136.55999755859375,136.67999267578125,127.01000213623047,128.77999877929688,195680300,128.77999877929688,-0.020609982513142944,125.89000091552734,122.6879997253418,157.6731997680664,122.6879997253418,144.0125786794058,101.36342077127779,0.3476228971342389,64.90457191558207,184778230.0,1.059000835758628,0.04935353957860755,0.05838815193521367,0.03855800329777359,0.07613566157709992,0.049654400329234044,-0.1832473814907718
2023-01-19 14:30:00,127.26000213623047,129.99000549316406,124.30999755859375,127.16999816894531,170291900,127.16999816894531,-0.012501946153228194,126.68000030517578,121.5529998779297,156.06719970703125,121.5529998779297,138.81547432666054,104.29052542919887,0.2840320595306866,61.29334301486874,186323295.0,0.9139592556046199,-0.1297442818720127,0.058399010115465555,-0.011803049056331923,0.04569228578653161,0.0462102810844366,-0.1851587110701778
2023-01-20 14:30:00,128.67999267578125,133.50999450683594,127.3499984741211,133.4199981689453,138858100,133.4199981689453,0.0491468120625187,128.6520004272461,121.33399963378906,154.79399963378907,121.33399963378906,137.82238903272557,104.84561023485257,0.27178514593933845,59.483319434681434,185288035.0,0.7494175217520117,-0.18458775784403136,0.056928044778816404,0.011873826598864224,0.04837060154316863,0.09960933103362847,-0.13808029713949035
2023-01-23 14:30:00,135.8699951171875,145.3800048828125,134.27000427246094,143.75,203119200,143.75,0.07742468874848996,132.9220001220703,121.64299926757812,153.8429995727539,121.64299926757812,139.5804795214911,103.70551901366515,0.29492005889226547,64.66561815545359,188173125.0,1.07942725615042,0.46278250962673395,0.059497140753724885,0.018363041387092792,0.08274372724236405,0.1817367285049681,-0.06560584232486204
2023-01-24 14:30:00,143.0,146.5,141.10000610351562,143.88999938964844,158699100,143.88999938964844,0.0009739087975544347,135.4019989013672,122.56999931335449,153.16899963378907,122.56999931335449,143.0501734462974,102.08982518041157,0.3341792322374848,82.4243471505205,185603565.0,0.8550433823833071,-0.2186898136660641,0.0553743202769759,-0.0052173913043478265,0.038270685066609855,0.17394142282556946,-0.06058014524039293
2023-01-25 14:30:00,141.91000366210938,146.41000366210938,138.07000732421875,144.42999267578125,192734300,144.42999267578125,0.003752820129427681,138.53199768066406,123.63399887084961,152.24319946289063,123.63399887084961,146.33205946744184,100.93593827425738,0.36718153265111236,80.67343274397948,186890795.0,1.0312669492363173,0.21446372411689785,0.0550524294878023,-0.013760481867661368,0.06040411309826673,0.16820610831051033,-0.051320563510712694
2023-01-26 14:30:00,159.97000122070312,161.4199981689453,154.75999450683594,160.27000427246094,234815100,160.27000427246094,0.10967259156647335,145.1519989013672,126.1924991607666,151.52919952392577,126.1924991607666,153.13200462688712,99.25299369464608,0.4269589023956195,89.79754438864394,188199380.0,1.247693270827991,0.2183358125668342,0.05122117648748085,0.1075954395414693,0.04303440099834841,0.27004382461972093,0.05768396306452497
2023-01-27 14:30:00,162.42999267578125,180.67999267578125,161.1699981689453,177.89999389648438,306590600,177.89999389648438,0.11000180416824756,154.047998046875,129.45199890136718,151.26819946289064,129.45199890136718,164.17390452292398,94.73009327981038,0.536444487782878,91.75682434802775,192475385.0,1.5928821236024544,0.3056681618856709,0.054953736343493625,0.013477184412176756,0.12105227231177805,0.3742545144631639,0.17605679533540752
2023-01-30 14:30:00,178.0500030517578,179.77000427246094,166.5,166.66000366210938,230878800,166.66000366210938,-0.06318150994943417,158.62999877929687,131.69399909973146,150.71299957275392,131.69399909973146,169.9515965593372,93.43640164012572,0.5810074524448662,78.5323186184824,192923160.0,1.1967396760451157,-0.2469475580790801,0.05659736664222025,0.0008432218123668072,0.07969972536012575,0.26550947500575384,0.10581040875413894
2023-01-31 14:30:00,164.57000732421875,174.3000030517578,162.77999877929688,173.22000122070312,196813500,173.22000122070312,0.03936155894904236,164.49599914550782,134.1959991455078,150.43899963378905,134.1959991455078,176.44595328601685,91.9460450049988,0.6296753168430556,80.9588936238464,194874970.0,1.0099475576570967,-0.14754624504285363,0.05678689839082685,-0.012540479370970947,0.07077039168725013,0.29079855080390177,0.15143015868471243
2023-02-01 14:30:00,173.88999938964844,183.80999755859375,169.92999267578125,181.41000366210938,213806300,181.41000366210938,0.047280928205116535,171.89200134277343,137.86149940490722,150.40379974365234,137.86149940490722,183.18715519678113,92.53584361303331,0.657553500977816,81.7527060082467,193995145.0,1.1021219113498948,0.0863396057689132,0.04629554573062283,0.0038679030378925713,0.08168072430447827,0.31588590320853593,0.2061530624312942
2023-02-02 14:30:00,187.3300018310547,196.75,182.61000061035156,188.27000427246094,217448300,188.27000427246094,0.03781489703913388,177.49200134277345,141.59299964904784,150.56539978027342,141.59299964904784,190.65649452559342,92.52950477250225,0.6930214770243484,82.964855189963,195848110.0,1.1102905205467646,0.017034109846155054,0.04602511979392133,0.032633250920229194,0.07743277664085878,0.32965616053835034,0.25042011343383985
2023-02-03 14:30:00,183.9499969482422,199.0,183.69000244140625,189.97999572753906,232662000,189.97999572753906,0.009082654784473565,179.9080017089844,145.57499961853028,151.00759979248048,145.57499961853028,196.83645679954017,94.3135424375204,0.7042618212651508,84.23505649192361,199581895.0,1.1657470232958755,0.06996467666107309,0.044361493608047156,-0.022945807755795838,0.0833469288208941,0.30503174463588634,0.25808234809781566
2023-02-06 14:30:00,193.00999450683594,198.1699981689453,189.9199981689453,194.75999450683594,186188100,194.75999450683594,0.025160537355481072,185.5279998779297,149.65999946594238,151.504599609375,149.65999946594238,202.99103042829506,96.32896850358968,0.7126958593166246,83.51520269669518,197845745.0,0.941077100242919,-0.19974856229208038,0.044359345404810895,0.015949041201381884,0.04343934330002008,0.3013496939852443,0.28550548966161116
2023-02-07 14:30:00,196.42999267578125,197.5,189.5500030517578,196.80999755859375,186010300,196.80999755859375,0.010525791279409002,190.24599914550782,153.51199951171876,151.77679962158203,153.51199951171876,208.8442905807301,98.17970844270741,0.720885549598843,86.29041553144161,197632060.0,0.9411949660394169,-0.0009549482485722294,0.04391189172068649,0.008574646827106461,0.04194142347795896,0.28204959993091433,0.29670673020705984
2023-02-08 14:30:00,196.10000610351562,203.0,194.30999755859375,201.2899932861328,180673600,201.2899932861328,0.022763049555982517,194.2219970703125,157.63399925231934,152.14539947509766,157.63399925231934,214.3593046643891,100.90869384024958,0.7197090181195176,88.3643964025895,198283615.0,0.9111877448875441,-0.02869034671735915,0.04320368823357234,-0.0036074968949011254,0.044722364009015025,0.27694529251861977,0.3230107119938179
2023-02-09 14:30:00,207.77999877929688,214.0,204.77000427246094,207.32000732421875,215431400,207.32000732421875,0.029956849516678652,198.03199768066406,161.83899955749513,152.63339965820313,161.83899955749513,220.26591636853533,103.41208274645493,0.7220375431236323,88.33783830209778,199864645.0,1.077886486626987,0.19237896405451593,0.04315403652891572,0.03224206721463073,0.045074940347502764,0.28102625381446444,0.3582872935312788
2023-02-10 14:30:00,202.22999572753906,206.1999969482422,192.88999938964844,196.88999938964844,204754100,196.88999938964844,-0.05030873801899527,199.41399841308595,165.50549964904786,152.954599609375,165.50549964904786,223.01435118739727,107.99664811069844,0.6949479220968021,77.53938730455408,201632305.0,1.0154826132647743,-0.04956241290731067,0.04625670792999435,-0.02455147316640617,0.06900304629949644,0.18962813808091558,0.2872447111265591
2023-02-13 14:30:00,194.4199981689453,196.3000030517578,187.61000061035156,194.63999938964844,172475500,194.63999938964844,-0.011427700782035255,199.38999938964844,169.11749954223632,152.95339965820312,169.11749954223632,224.25241018895957,113.98258889551306,0.6520308163964258,75.73790540881453,201220375.0,0.8571472943532682,-0.1576456832854629,0.046337666826740426,-0.012545082169536469,0.04631950542686993,0.15091578291126514,0.27254444703158054
2023-02-14 14:30:00,191.94000244140625,209.82000732421875,189.44000244140625,209.25,216455700,209.25,0.0750616556523096,201.87799987792968,173.00549926757813,153.2443997192383,173.00549926757813,227.93470866600967,118.07628986914659,0.6349995766721327,78.76797675181484,202719310.0,1.0677606390826804,0.2549938976840189,0.04638307063776767,-0.013871747619753547,0.1075802608750284,0.20949912509061047,0.36546588575746025
2023-02-15 14:30:00,211.75999450683594,214.66000366210938,206.11000061035156,214.24000549316406,181006400,214.24000549316406,0.02384709913101113,204.46800231933594,177.27849960327148,153.63199981689453,177.27849960327148,231.0049111955164,123.55208801102657,0.6061243942438405,76.50525612165066,201985615.0,0.896135103482493,-0.16377161700985465,0.045156633277842806,0.011995194775798985,0.04148271809440964,0.20849401350196498,0.3945011830120343
2023-02-16 14:30:00,210.77999877929688,217.64999389648438,201.83999633789062,202.0399932861328,229586500,202.0399932861328,-0.05694553722096751,203.41199951171876,181.02199935913086,154.02379974365235,181.02199935913086,230.2967362026095,131.7472625156522,0.5444060613397838,62.5233421585625,204950345.0,1.1202054819668636,0.26838885254886025,0.04818065943198509,-0.016150142947870625,0.07832935912328791,0.11610740131813593,0.31174528626352316
2023-02-17 14:30:00,199.99000549316406,208.44000244140625,197.5,208.30999755859375,213738500,208.30999755859375,0.031033480898909227,205.6959991455078,184.7664993286133,154.59359954833985,184.7664993286133,230.0289091075114,139.5040895497152,0.4899417366607939,72.78195948084414,208694365.0,1.0241699626149465,-0.06902844897239169,0.0478621344652451,-0.010146445560733706,0.05539241742484177,0.12742298152278986,0.3474684473819844
2023-02-21 14:30:00,204.99000549316406,209.7100067138672,197.22000122070312,197.3699951171875,180018600,197.3699951171875,-0.05251789433835996,206.24199829101562,187.44749908447267,155.06019958496094,187.44749908447267,228.65045491946444,146.2445432494809,0.43962129168150466,62.60569164228404,207539335.0,0.8673950892248932,-0.15776240593061153,0.04897665341474652,-0.015937747128511367,0.0633303185065234,0.052934800843852756,0.27286044804194953
2023-02-22 14:30:00,197.92999267578125,201.99000549316406,191.77999877929688,200.86000061035156,191828500,200.86000061035156,0.017682553475729224,204.56399841308593,190.2959991455078,155.60859954833984,190.2959991455078,226.37882002041076,154.21317827060486,0.3792283709266279,60.67624764287917,209195805.0,0.9169806249221871,0.06560377649865079,0.04882946798619689,0.0028372983353485625,0.05323812065311882,0.05551352373291939,0.29080270109335676
2023-02-23 14:30:00,203.91000366210938,205.13999938964844,196.3300018310547,202.07000732421875,146360000,202.07000732421875,0.006024129792842503,202.12999877929687,193.1779998779297,156.06899963378908,193.1779998779297,222.38930077530887,163.96669898055052,0.30242885748727044,58.075839924963375,206877090.0,0.7074732151346483,-0.23702682343864445,0.048797388557097046,0.015184720912525113,0.04487341453892973,0.0460301248170494,0.2947478858605461
2023-02-24 14:30:00,196.3300018310547,197.6699981689453,192.8000030517578,196.8800048828125,142228100,196.8800048828125,-0.025684180003413215,201.0980010986328,195.00849990844728,156.65019958496094,195.00849990844728,219.78934792337054,170.227651893524,0.25415146546491457,53.87989460254158,202247740.0,0.7032370299910397,-0.028231074063951866,0.0446288263170039,-0.02840602407637021,0.025259310373974077,0.009597043078859939,0.25681298462714364
2023-02-27 14:30:00,202.02999877929688,209.4199981689453,201.25999450683594,207.6300048828125,161028300,207.6300048828125,0.0546017865369246,200.96200256347657,196.49500045776367,157.58379974365235,196.49500045776367,220.5096331321327,172.48036778339463,0.24442996125523256,56.7815376649356,194969625.0,0.8259148059601592,0.13218344335612997,0.03961648727907713,0.02615803417695855,0.04054458851648341,0.05666813099116121,0.3175847087109985
2023-02-28 14:30:00,210.58999633789062,211.22999572753906,203.75,205.7100067138672,153144900,205.7100067138672,-0.009247209573726933,202.6300048828125,198.44750061035157,158.56199981689454,198.44750061035157,218.2245816380641,178.67041958263903,0.19931801576624053,54.69607637119285,191082930.0,0.8014577754276638,-0.04895661197441692,0.036165137038191526,0.014256087200637308,0.03671163547258435,0.03659661160346601,0.29734745368637244
2023-03-01 14:30:00,206.2100067138672,207.1999969482422,198.52000427246094,202.77000427246094,156852800,202.77000427246094,-0.014291975817664837,203.0120056152344,199.92500076293945,159.46399993896483,199.92500076293945,215.79605097079076,184.05395055508814,0.15877004023794272,50.79382643098112,189084895.0,0.8295363836439711,0.02421171060871119,0.03595582853798286,0.0024306061138555895,0.043723516466724933,0.014230353876026468,0.2715722943741005
2023-03-02 14:30:00,186.74000549316406,193.75,186.00999450683594,190.89999389648438,181500700,190.89999389648438,-0.05853928157947319,200.7780029296875,200.3995002746582,160.27739990234375,200.3995002746582,214.39665224353382,186.4023483057826,0.1396924837606059,41.71209180529883,187469615.0,0.9681606269901392,0.15714032519661747,0.03769572167831062,-0.0790550793585695,0.04161069685360167,-0.04740284464359568,0.1910599623702333
2023-03-03 14:30:00,194.8000030517578,200.47999572753906,192.8800048828125,197.7899932861328,154193300,197.7899932861328,0.03609219282314147,200.96000061035156,200.8754997253418,161.23579986572267,200.8754997253418,213.73731259832985,188.01368685235374,0.12805755695019136,50.471102085909884,184306865.0,0.8366118104173711,-0.1504534142292564,0.037614414978164055,0.02042959287567196,0.03940268898968592,-0.015360292536560282,0.22671263733521035
2023-03-06 14:30:00,198.5399932861328,198.60000610351562,192.3000030517578,193.80999755859375,128100100,193.80999755859375,-0.020122331071529054,198.1959991455078,201.06699981689454,162.3559997558594,201.06699981689454,213.3466403234168,188.78735931037227,0.1221447628671533,49.5732640409428,179078770.0,0.7153282323750604,-0.16922395460762563,0.03793721731447874,0.0037919006292447405,0.03276132580227863,-0.03609245806079323,0.19373474247969205
2023-03-07 14:30:00,191.3800048828125,194.1999969482422,186.10000610351562,187.7100067138672,148125800,187.7100067138672,-0.03147407730028162,194.59599914550782,200.7145004272461,163.35879974365236,200.7145004272461,214.11046442653702,187.31853642795517,0.13348277250299237,37.86342993847481,177175655.0,0.8360392402669543,0.1563285274562627,0.038205306848108495,-0.012538015099280937,0.043524935943425234,-0.06479100257179826,0.14906578040746807
2023-03-08 14:30:00,185.0399932861328,186.5,180.0,182.0,151897800,182.0,-0.03041929843714275,190.44199829101564,199.9740005493164,164.49179977416992,199.9740005493164,215.71143079958426,184.23657029904854,0.15739476338962166,31.980777959126726,175470030.0,0.8656623584095814,0.025464841371320768,0.03864135235282836,-0.014224140068378816,0.03611111111111111,-0.08988168711904006,0.10643813399736043
2023-03-09 14:30:00,180.25,185.17999267578125,172.50999450683594,172.9199981689453,170023800,172.9199981689453,-0.04989011995084991,186.84599914550782,198.55550079345704,165.48719970703124,198.55550079345704,218.37766411188224,178.73333747503185,0.1996637034905899,33.136445413704976,174937540.0,0.971911460513278,0.11933023388093833,0.039478512329764424,-0.009615384615384616,0.07344500940461886,-0.1291100096550762,0.04491464279456455
2023-03-10 14:30:00,175.1300048828125,178.2899932861328,168.44000244140625,173.44000244140625,191488900,173.44000244140625,0.0030071956856769777,181.9760009765625,196.86150054931642,166.77399978637695,196.86150054931642,219.1653364226514,174.55766467598144,0.22659418739671314,28.365812447411244,173740415.0,1.102155189395628,0.1262476194509239,0.03860718118443258,0.012780515482703043,0.05847774104701164,-0.11897449751503225,0.039970275124227246
2023-03-13 13:30:00,167.4600067138672,177.35000610351562,163.91000366210938,174.47999572753906,167790300,174.47999572753906,0.005996271168666301,178.11000061035156,195.74100036621093,168.00939971923827,195.74100036621093,220.18755101022313,171.29444972219872,0.24978467054194337,33.80959565838022,171892225.0,0.9761366460873957,-0.12375965395383226,0.037407385593896655,-0.03447875716883308,0.0819962304992196,-0.10861804424670737,0.038513297584027134
2023-03-14 13:30:00,177.30999755859375,183.8000030517578,177.13999938964844,183.25999450683594,143717900,183.25999450683594,0.050320947926932424,177.21999816894532,195.1720001220703,169.23819961547852,195.1720001220703,220.24808984875457,170.09591039538603,0.25696400826963334,38.41800239626012,170454345.0,0.843146004873035,-0.14346717301298106,0.03937667315854495,0.016219634917196493,0.037597401405989654,-0.0610333736795442,0.08285242293534174
2023-03-15 13:30:00,180.8000030517578,182.33999633789062,176.02999877929688,180.4499969482422,145995600,180.4499969482422,-0.015333393227232373,176.90999755859374,193.73199996948242,170.38359954833984,193.73199996948242,218.71167212192447,168.75232781704037,0.25787863808123557,36.06599003241952,166931340.0,0.874584724474146,0.015848408583760243,0.03497461150134384,-0.013423505013727166,0.03584614896524033,-0.06855864298790325,0.05908078844787163
2023-03-16 13:30:00,180.3699951171875,185.80999755859375,178.83999633789062,184.1300048828125,121136800,184.1300048828125,0.020393505108375454,179.1519989013672,192.22649993896485,171.90419967651368,192.22649993896485,215.57833300689327,168.87466687103642,0.2429616423889841,41.619561737612244,163937860.0,0.7389190026025715,-0.17027088487598252,0.03482357012393119,-0.00044334625883997176,0.03897339165414867,-0.04211955718240265,0.0711198750775439
2023-03-17 13:30:00,184.52000427246094,186.22000122070312,177.3300018310547,180.1300048828125,133197100,180.1300048828125,-0.02172378153438792,180.48999938964843,191.13100051879883,173.23399978637696,191.13100051879883,214.5998227152938,167.66217832230384,0.2455783952659913,30.16445679861306,159118390.0,0.8370943170050928,0.09955934117460585,0.03300615989678427,0.0021180653848168218,0.05013251732844446,-0.05755735912084192,0.039807457571489055
2023-03-20 13:30:00,178.0800018310547,186.44000244140625,176.35000610351562,183.25,129684400,183.25,0.017320796272765726,182.24400024414064,189.87800064086915,174.69219985961914,189.87800064086915,212.12931037704794,167.62669090469035,0.23437480551803797,34.07543579613895,154915685.0,0.8371289195151543,-0.026372195791049546,0.03234966771926917,-0.011380686149936467,0.057215741359078275,-0.034906627510815184,0.048987877805980025
2023-03-21 13:30:00,188.27999877929688,198.0,188.0399932861328,197.5800018310547,153391400,197.5800018310547,0.07819919143822474,185.10800170898438,189.8885009765625,176.38259994506836,189.8885009765625,212.15488992394913,167.6221120291759,0.23452066694796758,46.83188730962841,153584325.0,0.9987438496734612,0.18280533356363593,0.03548614052746218,0.02744883372058322,0.05296749132888688,0.04050535348341878,0.12017853174059077
2023-03-22 13:30:00,199.3000030517578,200.66000366210938,190.9499969482422,191.14999389648438,150376400,191.14999389648438,-0.03254381959196684,187.2480010986328,189.40300064086915,177.81019989013672,189.40300064086915,211.07770436977876,167.72829691195955,0.22887392127443057,50.163462793258276,151511720.0,0.9925067182921559,-0.01965559998800459,0.03599064733206117,0.00870534064562795,0.050851044090349615,0.009223683097437997,0.07502265907461943
2023-03-23 13:30:00,195.25999450683594,199.30999755859375,188.64999389648438,192.22000122070312,144193900,192.22000122070312,0.0055977366381618765,188.86600036621093,188.91050033569337,179.27759994506835,188.91050033569337,209.80697204081915,168.0140286305676,0.22123144735727035,46.05803868107926,151403415.0,0.952382084644524,-0.04111349919269247,0.035985853666015456,0.0215014425403398,0.056506779787963896,0.017518882640873756,0.07219195972949438
2023-03-24 13:30:00,191.64999389648438,192.36000061035156,187.14999389648438,190.41000366210938,116312400,190.41000366210938,-0.009416281069083654,190.9220001220703,188.5870002746582,180.6213999938965,188.5870002746582,209.1618417226342,168.01215882668222,0.21819999700945214,47.51752821917393,150107630.0,0.7748600121126421,-0.19336116160253658,0.03560145135635342,-0.00296539028508422,0.027838668895436486,0.00966664396165241,0.05419404161712654
2023-03-27 13:30:00,194.4199981689453,197.38999938964844,189.94000244140625,191.80999755859375,120851600,191.80999755859375,0.007352522816861606,192.63399963378907,187.79599990844727,181.9863999938965,187.79599990844727,206.41137291766546,169.18062689922908,0.1982510066060342,53.21416583749752,148098795.0,0.8160201438505965,0.03902593360639117,0.03319910424103318,0.02105978903268046,0.03922289592757273,0.021374244670298352,0.05397984445555667
2023-03-28 13:30:00,192.0,192.35000610351562,185.42999267578125,189.19000244140625,98654600,189.19000244140625,-0.013659325116185062,190.95599975585938,186.96999969482422,183.32220001220702,186.96999969482422,203.59853325344108,170.34146613620737,0.17787381489820014,55.923547662028774,145374280.0,0.6786248571618033,-0.18367154427413457,0.03325436439400043,0.0009905763194027904,0.037318738613304106,0.011873577312967608,0.03200813883320463
2023-03-29 13:30:00,193.1300048828125,195.2899932861328,189.44000244140625,193.8800048828125,123660000,193.8800048828125,0.024789906342217005,191.502001953125,186.5254997253418,184.57,186.5254997253418,201.79549115718035,171.25550829350325,0.1637308727688553,68.61456978483483,143714640.0,0.8604551352597063,0.2534641060832439,0.03374122129883434,0.020825637668811292,0.030880441138803106,0.03942895297586755,0.05044159334026389
2023-03-30 13:30:00,195.5800018310547,197.3300018310547,194.4199981689453,195.27999877929688,110252200,195.27999877929688,0.007220929756684091,192.11400146484374,186.74449996948243,185.9,186.74449996948243,202.3994360624359,171.08956387652896,0.1676615492880571,69.09758581268673,140152215.0,0.7866604177465194,-0.10842471292252953,0.03100418253236667,0.008768294333754128,0.014967614903383893,0.04570682837357621,0.05045722850616928
2023-03-31 13:30:00,197.52999877929688,207.7899932861328,197.1999969482422,207.4600067138672,170222100,207.4600067138672,0.06237201971890638,195.5240020751953,187.22800064086914,187.50580017089842,187.22800064086914,204.79932718479188,169.6566740969464,0.18769977229663556,74.13642231463655,140953655.0,1.207645874808993,0.5439338171936705,0.033034024131634525,0.011521917319053873,0.05370180781833436,0.10806079220920599,0.10641914290001642
2023-04-03 13:30:00,199.91000366210938,202.69000244140625,192.1999969482422,194.77000427246094,169545900,194.77000427246094,-0.061168427796826186,196.11600341796876,187.2760009765625,188.73280029296876,187.2760009765625,204.92809349094196,169.62390846218304,0.18851419746610898,57.967609037055006,143025945.0,1.1854205892504328,-0.003972457160380416,0.03570650689271887,-0.03639257113382302,0.05457859344289652,0.04001582293951433,0.03198810153889871
2023-04-04 13:30:00,197.32000732421875,198.74000549316406,190.32000732421875,192.5800018310547,126463800,192.5800018310547,-0.011244043709844997,196.79400329589845,187.51950073242188,189.70940032958984,187.51950073242188,205.3304434339681,169.70855803087565,0.1899636318567345,58.46948903417278,141942845.0,0.8909487477160262,-0.2541028712578718,0.035022708112492376,0.013092380735334638,0.0442412665243411,0.026986532487913446,0.01513157227041799
2023-04-05 13:30:00,190.52000427246094,190.67999267578125,183.75999450683594,185.52000427246094,133882500,185.52000427246094,-0.036660076287605925,195.12200317382812,187.69550094604492,190.54200042724608,187.69550094604492,205.3456362123443,170.04536567974554,0.18807201214027067,50.92678976385403,141042080.0,0.9492379862804066,0.05866263705503072,0.0353516844305226,-0.01069684047672266,0.03765780570203427,-0.011590563772806406,-0.02635637362641562
2023-04-06 13:30:00,183.0800018310547,186.38999938964844,179.74000549316406,185.05999755859375,123857900,185.05999755859375,-0.002479553165553039,193.0780029296875,188.30250091552733,191.35460052490234,188.30250091552733,204.5959672999328,172.00903453112187,0.17305629298800154,53.44995929566552,138733785.0,0.8927738834487937,-0.07487610404645861,0.03324801305563049,-0.013152233641730517,0.03699785074690726,-0.017219651046420103,-0.03289496541521314
2023-04-10 13:30:00,179.94000244140625,185.10000610351562,176.11000061035156,184.50999450683594,142154600,184.50999450683594,-0.0029720256079851515,188.48800048828124,188.85600051879882,191.83940032958984,188.85600051879882,203.71235113779494,173.9996498998027,0.15732992945084961,50.914629891400786,136267070.0,1.0432058163428626,0.14772331841570052,0.033283488742345275,-0.027666676670988315,0.051047671693867674,-0.02301227390193663,-0.03820594627673776
2023-04-11 13:30:00,186.69000244140625,189.19000244140625,185.64999389648438,186.7899932861328,115770900,186.7899932861328,0.012357047570192181,186.89199829101562,189.47150039672852,192.01720031738282,189.47150039672852,202.7570291307472,176.18597166270982,0.14023775297288024,40.5067699277094,133666100.0,0.8661201306838457,-0.18559863697692514,0.0333377545318906,0.011815121128788202,0.019068185625127087,-0.014152561757208753,-0.02722259788503331
2023-04-12 13:30:00,190.74000549316406,191.5800018310547,180.30999755859375,180.5399932861328,150256300,180.5399932861328,-0.03346003653646468,184.48399658203124,189.33550033569335,192.29480010986327,189.33550033569335,202.94060111128093,175.73039956010578,0.14371420839161828,40.635481998537415,133993020.0,1.1213740835156936,0.2978762366017713,0.03245456875749633,0.021146808442679552,0.06250349079395126,-0.04645461117416458,-0.06112909354290714
2023-04-13 13:30:00,182.9600067138672,186.5,180.94000244140625,185.89999389648438,112933000,185.89999389648438,0.029688716127604264,184.55999450683595,189.60800018310547,192.5483999633789,189.60800018310547,202.671283839777,176.54471652643394,0.13779253664461674,44.81456590825096,132339890.0,0.8533557040133553,-0.2483975713497537,0.032911689811904635,0.013404306623070286,0.030728404352676198,-0.019556170008861746,-0.03452849293039566
2023-04-14 13:30:00,183.9499969482422,186.27999877929688,182.00999450683594,185.0,96438700,185.0,-0.004841279860318459,184.5479949951172,189.65149993896483,192.62019989013672,189.65149993896483,202.6435780361983,176.65942184173136,0.13701002208170976,45.49391656494988,131104985.0,0.7355837766199356,-0.14605385494054002,0.032652042123837384,-0.01048949441777827,0.023460273618658697,-0.024526565518658252,-0.03956075164745438
2023-04-17 13:30:00,186.32000732421875,189.69000244140625,182.69000244140625,187.0399932861328,116662200,187.0399932861328,0.011026990735853115,185.05399475097656,189.99699935913085,192.59559967041017,189.99699935913085,202.27059656707593,177.72340215118578,0.12919780048468676,46.06889367362589,130278240.0,0.8954849251878134,0.20970315858674993,0.03228553516123674,0.0071351747255067564,0.038316272956672025,-0.015563435648837439,-0.02884596737300692
2023-04-18 13:30:00,187.14999389648438,187.69000244140625,183.5800018310547,184.30999755859375,92067000,184.30999755859375,-0.014595786064655836,184.55799560546876,190.04999923706055,192.48219970703124,190.04999923706055,202.20954782974368,177.8904506443774,0.12796157475923814,45.98551745572365,128397370.0,0.7170473974661631,-0.2108240715501679,0.0322966484302139,0.0005881127796197262,0.0223880628029077,-0.03020258722183395,-0.042456924125327145
2023-04-19 13:30:00,179.10000610351562,183.5,177.64999389648438,180.58999633789062,125732700,180.58999633789062,-0.020183393575926356,184.5679962158203,189.20049896240235,192.19879974365233,189.20049896240235,201.51794192883273,176.88305599597197,0.13020518480638976,38.8898101593282,127014435.0,0.989908745411496,0.3656652220665384,0.026930536700530357,-0.028267546655584015,0.03292995386717767,-0.04550993613511976,-0.060399978674399106
2023-04-20 13:30:00,166.1699981689453,169.6999969482422,160.55999755859375,162.99000549316406,210970800,162.99000549316406,-0.09745828230593856,179.98599853515626,187.79249954223633,191.52239990234375,187.79249954223633,204.73952130143897,170.8454777830337,0.18048667332841048,28.759376648008555,130044155.0,1.6223012868206188,0.6779310394193396,0.03361589129089268,-0.07984937405926382,0.05692575690475421,-0.13207393324829753,-0.1489768007487803
2023-04-21 13:30:00,164.8000030517578,166.0,161.32000732421875,165.0800018310547,123539000,165.0800018310547,0.012822849668400638,176.0019989013672,186.4354995727539,190.79820007324219,186.4354995727539,206.0294468053578,166.84155234015003,0.21019545395063144,17.854963690924265,129011410.0,0.9575819689126721,-0.414426072233693,0.03380108531954508,0.011104960412248484,0.029010615319248433,-0.11454630577673611,-0.13479266697649658
2023-04-24 13:30:00,164.64999389648438,165.64999389648438,158.61000061035156,162.5500030517578,140006600,162.5500030517578,-0.015325895028073244,171.1040008544922,185.04249954223633,189.90279998779297,185.04249954223633,207.23564418471582,162.84935489975683,0.23987078317015345,21.10830953023381,130196120.0,1.0753515542552265,0.13329879633152286,0.03384888244605701,-0.0026048457099630334,0.04438555739891569,-0.12155313804191538,-0.14403577481634505
2023-04-25 13:30:00,159.82000732421875,163.47000122070312,158.75,160.6699981689453,121999300,160.6699981689453,-0.011565701922588656,166.3760009765625,183.4854995727539,189.1783999633789,183.4854995727539,207.93428274781246,159.03671639769533,0.26649280986222423,21.22631722331225,130253505.0,0.9366296899265781,-0.1286175080317642,0.03368117206479528,-0.016794805759983898,0.029732291154035435,-0.12434498342885128,-0.15069586062654208
2023-04-26 13:30:00,160.2899932861328,160.6699981689453,153.13999938964844,153.75,153364100,153.75,-0.04306963495243776,161.00800170898438,181.7134994506836,188.36059997558593,181.7134994506836,209.35076695683154,154.07623194453566,0.3041850780453281,21.280044802533652,132988980.0,1.1532090854445234,0.25708999969671953,0.0345595726858748,-0.002365126577103231,0.049170685707903096,-0.15388784837239236,-0.18374649464947515
2023-04-27 13:30:00,152.63999938964844,160.47999572753906,152.3699951171875,160.19000244140625,127015200,160.19000244140625,0.041886194740853755,160.4480010986328,180.02899932861328,187.37940002441405,180.02899932861328,208.63383658271033,151.42416207451623,0.31778032828904007,29.71120571613514,133156740.0,0.9538773628732575,-0.171806178890627,0.03565268111686379,-0.007219516164888211,0.05322570630860869,-0.11019889551790604,-0.14510345096347432
2023-04-28 13:30:00,160.89999389648438,165.0,157.32000732421875,164.30999755859375,122515800,164.30999755859375,0.025719427270091355,160.29400024414062,178.48049926757812,186.38079986572265,178.48049926757812,206.96192951220982,149.99906902294643,0.3191545335373845,34.427993938827896,133769920.0,0.9158695766581905,-0.03542410672108531,0.036326025044230575,0.0044321833089291775,0.048817647586003814,-0.07939523795112174,-0.11841778940228675
2023-05-01 13:30:00,163.1699981689453,163.27999877929688,158.8300018310547,161.8300018310547,109015000,161.8300018310547,-0.015093395194377579,160.15,176.1989990234375,185.5766000366211,176.1989990234375,202.09955265490305,150.29844539197194,0.293992063235505,30.817703581572175,130709565.0,0.8340246561144933,-0.1101963991583127,0.032344079457968744,-0.0069381011903545805,0.02801735753283935,-0.08154982305246515,-0.12796116644490918
2023-05-02 13:30:00,161.8800048828125,165.49000549316406,158.92999267578125,160.30999755859375,128259700,160.30999755859375,-0.00939259874721976,160.0779998779297,174.47599868774415,184.6166000366211,174.47599868774415,199.752104529272,149.1998928462163,0.28973733959550435,33.23387589360574,128645255.0,0.9970029598060185,0.17653258725863408,0.030187447820616605,0.00030898505340198955,0.04127611602402388,-0.08119168960598977,-0.1316598966355453
2023-05-03 13:30:00,160.00999450683594,165.0,159.91000366210938,160.61000061035156,119728000,160.61000061035156,0.0018713932775662467,161.45,172.87749862670898,183.88140014648437,172.87749862670898,197.36420468658963,148.39079256682834,0.2832839005006003,27.121399226376,128308465.0,0.9331262750279181,-0.06651894554563909,0.03028396947378014,-0.0018713932775662387,0.031830380972573874,-0.07096064041767744,-0.12655657134214904
2023-05-04 13:30:00,162.7100067138672,162.9499969482422,159.64999389648438,161.1999969482422,95108500,161.1999969482422,0.003673471985857102,161.6519989013672,171.66149826049804,183.08820007324218,171.66149826049804,195.9191162002817,147.40388032071436,0.2826215334899675,28.347877220000683,126369765.0,0.7526206921410354,-0.2056285914740078,0.029652441809792394,0.013075188939263826,0.020670236003250367,-0.060942619156104626,-0.11955004809836944
2023-05-05 13:30:00,163.97000122070312,170.7899932861328,163.50999450683594,170.05999755859375,107607300,170.05999755859375,0.05496278398315546,162.8019989013672,170.91149826049804,182.44799987792967,170.91149826049804,194.33819088413645,147.48480563685962,0.27413828633029913,36.257688364466325,125557235.0,0.8570378282063953,0.131416224627662,0.032695243956891766,0.017183649658196493,0.044523264778120436,-0.004982114782040319,-0.06789881131952312
2023-05-08 13:30:00,173.72000122070312,173.8000030517578,169.19000244140625,171.7899932861328,112249400,171.7899932861328,0.010172855182730478,164.79399719238282,170.2754981994629,181.9461996459961,170.2754981994629,192.8218709332297,147.72912546569611,0.26482227886193793,39.70055308731981,124061975.0,0.9047848867471278,0.043139266573922086,0.03284238316275973,0.021521837672897354,0.027247476469232243,0.008894380593124512,-0.05581983234397711
2023-05-09 13:30:00,168.9499969482422,169.82000732421875,166.55999755859375,169.14999389648438,88965000,169.14999389648438,-0.015367597024416146,166.56199645996094,169.39349822998048,181.17659942626952,169.39349822998048,190.5574677085779,148.22952875138307,0.24987936018493132,40.4187554856258,122721680.0,0.7249330354669199,-0.2074345163537622,0.0327432407122551,-0.01653179142489596,0.01957258533507224,-0.0014375069647921586,-0.06638056773264152
2023-05-10 13:30:00,172.5500030517578,174.42999267578125,166.67999267578125,168.5399932861328,119840700,168.5399932861328,-0.0036062703657255835,168.1479949951172,168.79349822998046,180.43319915771485,168.79349822998046,189.2970216144065,148.2899748455544,0.24294209906699224,56.4972944314519,121200900.0,0.9887773110595713,0.3470544596189513,0.03202255567739276,0.020100557363035787,0.0464962823407064,-0.001501864387585862,-0.06591473147459026
2023-05-11 13:30:00,168.6999969482422,173.57000732421875,166.7899932861328,172.0800018310547,103889900,172.0800018310547,0.021003967520705658,170.3239959716797,168.10249862670898,179.81939910888673,168.10249862670898,187.05114413298492,149.15385312043304,0.22544156881752953,57.92572398041512,120748745.0,0.8603807849100212,-0.13310002361468187,0.03161316765875478,0.0009493513022617394,0.04065000486242983,0.02366117836938411,-0.043039835057760226
2023-05-12 13:30:00,176.07000732421875,177.3800048828125,167.22999572753906,167.97999572753906,157849600,167.97999572753906,-0.023826162598143963,169.90799560546876,167.25149841308593,179.3609991455078,167.25149841308593,184.45308015192384,150.049916674248,0.20569719138004502,55.93701221436909,123819290.0,1.274838516680236,0.5193931267620817,0.031943041234006736,0.023186921494116348,0.06069490769951599,0.0043556997776716955,-0.06345305541443727
2023-05-15 13:30:00,167.66000366210938,169.75999450683594,164.5500030517578,166.35000610351562,105592500,166.35000610351562,-0.009703474612936969,168.81999816894532,166.21699905395508,178.73219940185547,166.21699905395508,180.67800177505143,151.75599633285873,0.17400148965993806,56.24451238803762,123265805.0,0.8566244304330791,-0.33105627128608495,0.03175471644488522,-0.0019049415023721613,0.03166205626528835,0.0008002012448640825,-0.06927791041445272
2023-05-16 13:30:00,165.64999389648438,169.52000427246094,164.35000610351562,166.52000427246094,98288800,166.52000427246094,0.001021930644472091,168.29400024414062,165.32749938964844,178.18639953613283,165.32749938964844,177.02755672455464,153.62744205474223,0.14153794593277172,66.48593555534632,123576895.0,0.7953655090621916,-0.06916873831001258,0.031707476389826676,-0.0042080684180777796,0.031457243546976175,0.007212985663092693,-0.06547298387555198
2023-05-17 13:30:00,168.41000366210938,174.5,167.19000244140625,173.86000061035156,125473600,173.86000061035156,0.04407876621166107,169.35800170898438,164.9909996032715,177.9093994140625,164.9909996032715,175.12514194386296,154.85685726268002,0.12284478989713962,67.247037279892,123563940.0,1.0154548325344757,0.27658085153140544,0.033260320891695935,0.011349984032885384,0.04372269544738853,0.053754453445375786,-0.022761016658183753
2023-05-18 13:30:00,174.22000122070312,177.05999755859375,172.4499969482422,176.88999938964844,109520300,176.88999938964844,0.01742780840135616,170.32000122070312,165.6859992980957,177.80719940185546,165.6859992980957,177.07159242573226,154.30040617045915,0.13743579030056782,66.32071097892631,118491415.0,0.9242889031243319,-0.12714467425817066,0.024577308741798982,0.0020706350459435588,0.026732390211263224,0.06762188802322962,-0.0051583963714207605
2023-05-19 13:30:00,177.1699981689453,181.9499969482422,176.30999755859375,180.13999938964844,136196700,180.13999938964844,0.018373000232992265,172.752001953125,166.4389991760254,177.95159942626952,166.4389991760254,179.52142154158471,153.35657681046607,0.15720380956777316,73.28923772038102,119124300.0,1.1433158473963752,0.24357493542293063,0.02470858553230422,0.0015828977345412353,0.03198910707133369,0.08231844868961817,0.012297725732359209
2023-05-22 13:30:00,180.6999969482422,189.32000732421875,180.11000061035156,188.8699951171875,132001400,188.8699951171875,0.04846228354123516,177.25599975585936,167.75499877929687,178.26019927978516,167.75499877929687,184.08288657874095,151.42711097985278,0.19466350234874977,80.69647925991575,118724040.0,1.1118337954132962,-0.030803242663001384,0.026072032345921294,0.003108679696298088,0.051135454348212664,0.1258680605140721,0.05951859069084696
2023-05-23 13:30:00,186.1999969482422,192.9600067138672,185.25999450683594,185.77000427246094,156952100,185.77000427246094,-0.01641335799687571,181.1059997558594,169.00999908447267,178.4859994506836,169.00999908447267,186.83483270093154,151.1851654680138,0.21093229646785416,75.50690946261935,120471680.0,1.3028132420831187,0.18901844980432037,0.026283721893799017,-0.01413669845911029,0.041563275587526406,0.09916576107199121,0.04080995060786227
2023-05-24 13:30:00,182.22999572753906,184.22000122070312,178.22000122070312,182.89999389648438,137605100,182.89999389648438,-0.015449266889003499,182.91399841308595,170.46749877929688,178.47879943847656,170.46749877929688,187.798763928974,153.13623362961974,0.20333805885326925,71.02713255661351,119683730.0,1.1497394006687458,-0.12326690754695224,0.024117102739636208,-0.01905586727408315,0.03366625495962012,0.07293176239585569,0.02477153853520764
2023-05-25 13:30:00,186.5399932861328,186.77999877929688,180.5800018310547,184.47000122070312,96870700,184.47000122070312,0.008583965973816943,184.42999877929688,171.6814987182617,178.55919952392577,171.6814987182617,189.37918097584958,153.98381646067384,0.20616877636454806,66.2604428527153,118176505.0,0.8197120062063098,-0.296023911904428,0.022842270856127393,0.019901582892936358,0.03433379602046256,0.0744896951501339,0.033102756466968516
2023-05-26 13:30:00,184.6199951171875,198.60000610351562,184.52999877929688,193.1699981689453,162061500,193.1699981689453,0.047162123329924865,187.03599853515624,173.1244987487793,178.73999938964843,173.1244987487793,192.878295956904,153.3707015406546,0.22820337214999709,70.84633911052684,120153790.0,1.34878392100657,0.6729671613810988,0.02421316562861939,0.0008131072558779879,0.07624780478672673,0.11578661347781867,0.08073178263719173
2023-05-30 13:30:00,200.10000610351562,204.47999572753906,197.52999877929688,201.16000366210938,128818700,201.16000366210938,0.041362559242642094,189.49400024414064,175.09099884033202,179.16059936523436,175.09099884033202,197.73046516091094,152.4515325197531,0.2586022864741799,78.26241127107885,121143975.0,1.0633520981955562,-0.20512459776072667,0.024617947586124258,0.035875177306309076,0.035184513700157106,0.1488883208984949,0.12279153103315606
2023-05-31 13:30:00,199.77999877929688,203.9499969482422,195.1199951171875,203.92999267578125,150711700,203.92999267578125,0.013770078361723614,193.1259979248047,177.2719985961914,179.57419921875,177.2719985961914,202.20418107685026,152.33981611553253,0.2812873175469972,80.09865915225075,122266575.0,1.2326484159714133,0.16995203336161602,0.024137354680327808,-0.006860234925877756,0.04525421305874602,0.1503790462717928,0.13563080644654302
2023-06-01 13:30:00,202.58999633789062,209.8000030517578,199.3699951171875,207.52000427246094,148029900,207.52000427246094,0.017604137329555458,198.05,179.61749877929688,179.77299926757811,179.61749877929688,206.68450115552383,152.55049640306993,0.30138491583701704,80.11557159002089,123681670.0,1.196862073417993,-0.017794238934336182,0.024033060937634562,-0.006570864443765378,0.05231483267298907,0.15534402651630824,0.15434467421652995
2023-06-02 13:30:00,210.14999389648438,217.25,209.75,213.97000122070312,164398400,213.97000122070312,0.031081326211682914,203.95,182.25599899291993,180.2293994140625,182.25599899291993,211.92651888799375,152.5854790978461,0.32559169584564873,87.57968224107495,127146165.0,1.2929874841289943,0.11057563370643364,0.02424386628247156,0.012673426994394351,0.03575685339690107,0.17400800194793692,0.18720920069829627
2023-06-05 13:30:00,217.8000030517578,221.2899932861328,214.52000427246094,217.61000061035156,151143100,217.61000061035156,0.017011727666879306,208.83800048828124,184.6334991455078,180.73719940185546,184.6334991455078,217.62385389664217,151.64314439437345,0.35736044546428697,90.55379508073034,129322955.0,1.1687260007320432,-0.08062913021051299,0.022322110646706774,0.01789971402161261,0.03155877717153754,0.17860519146016562,0.2040133482787471
2023-06-06 13:30:00,216.13999938964844,221.91000366210938,212.52999877929688,221.30999755859375,146911600,221.30999755859375,0.017002881015874438,212.8679992675781,187.10949935913087,181.35519927978515,187.10949935913087,223.31745140315195,150.90154731510978,0.3870241988572148,91.05349677365655,131056065.0,1.1209828404355038,-0.027996646886295218,0.022334661747343977,-0.006755209855154046,0.04413496888292568,0.18278333444642353,0.22031239488848875
2023-06-07 13:30:00,228.0,230.8300018310547,223.1999969482422,224.57000732421875,185710800,224.57000732421875,0.014730512862447087,216.99600219726562,189.88050003051757,182.01039947509764,189.88050003051757,228.69043346982966,151.07056659120548,0.4087827178996744,90.47086935628866,135893355.0,1.366592207543923,0.264098954745575,0.021314866732583437,0.030229101781246975,0.03418461015741779,0.18269125733356448,0.23383063809463284
2023-06-08 13:30:00,224.22000122070312,235.22999572753906,223.00999450683594,234.86000061035156,164489700,234.86000061035156,0.045820870777622646,222.46400146484376,193.1965003967285,182.92379943847655,193.1965003967285,235.50445164682645,150.88854914663057,0.43797844332810043,91.46044785012819,138125805.0,1.1908687156610598,-0.11426960629107197,0.0219625806682676,-0.0015585612152129926,0.05479575589303261,0.21565349335038245,0.2839226023694249
2023-06-09 13:30:00,249.07000732421875,252.4199981689453,242.02000427246094,244.39999389648438,200242400,244.39999389648438,0.0406199151040636,228.55,196.8125,183.93419921875,196.8125,243.6418771550035,149.9831228449965,0.47587807842493235,92.16535241496379,142943430.0,1.4008506721854932,0.21735525081509666,0.022582163088191932,0.060504158549511966,0.0429716292574571,0.24179101376429024,0.3287360095869033
2023-06-12 13:30:00,247.94000244140625,250.97000122070312,244.58999633789062,249.8300018310547,150337900,249.8300018310547,0.02221770896144215,234.99400024414064,200.90500030517578,185.02519927978517,200.90500030517578,251.29563478436734,150.5143658259842,0.5016364391393735,91.81069894245512,142567845.0,1.054500753658723,-0.24922044482087713,0.02033582931568955,0.01448448704307761,0.026084488238835395,0.243523065386932,0.3502485218420177
2023-06-13 13:30:00,253.50999450683594,259.67999267578125,251.33999633789062,258.7099914550781,162384300,258.7099914550781,0.035544128242966044,242.4739990234375,205.52299957275392,186.05019897460937,205.52299957275392,259.3885773677176,151.65742177779026,0.5241805336331281,96.3523003475505,145407435.0,1.1167537615941028,0.08012882978942759,0.019321063821920413,0.014729986986390099,0.03318212962285037,0.25878851511942985,0.39053864430634
2023-06-14 13:30:00,260.1700134277344,261.57000732421875,250.5,256.7900085449219,170575500,256.7900085449219,-0.007421371317580694,248.91799926757812,210.03649978637696,187.29059906005858,210.03649978637696,265.25237492753786,154.82062464521607,0.5257740935248837,97.52993259669202,149021770.0,1.1446347738320382,0.050443300245159195,0.019898683146007335,0.005643469602563708,0.04419164600486527,0.22259706672933882,0.3710779389550507
2023-06-15 13:30:00,248.39999389648438,258.95001220703125,247.2899932861328,255.89999389648438,160171200,255.89999389648438,-0.0034659239799892383,253.1259979248047,214.13849945068358,188.5569989013672,214.13849945068358,270.2210684577538,158.05593044361336,0.5237971607248151,96.35302011189913,150756650.0,1.0624486548354584,-0.06099527775090796,0.019971920115466876,-0.03267266781904321,0.04715119591356425,0.19502095397571667,0.3571492725674098
2023-06-16 13:30:00,258.9200134277344,263.6000061035156,257.2099914550781,260.5400085449219,167915600,260.5400085449219,0.01813214052015355,256.3540008544922,218.32099990844728,190.0573989868164,218.32099990844728,275.17861002427713,161.4633897926174,0.5208624927485039,96.15016119041542,153676415.0,1.092656931123751,0.04835076468179045,0.01996832099654793,0.011801561560300959,0.024843570859312904,0.19338042906627903,0.3708490694592459
2023-06-20 13:30:00,261.5,274.75,261.1199951171875,274.45001220703125,165611200,274.45001220703125,0.05338912722001776,261.2780029296875,223.0365005493164,191.84519927978516,223.0365005493164,282.1593885895136,163.91361250911922,0.5301633400325371,96.43898437690348,155147140.0,1.0674460386443476,-0.013723561122373384,0.021331072860812508,0.0036846220296051185,0.05219824271479294,0.23051613314900726,0.43058055785266763
2023-06-21 13:30:00,275.1300048828125,276.989990234375,257.7799987792969,259.4599914550781,211797100,259.4599914550781,-0.054618400747766804,261.4280029296875,226.56600036621094,193.34419921875,226.56600036621094,285.5287427427754,167.60325798964647,0.5204906497997033,80.46745155717281,159136925.0,1.3309111006135126,0.27888150076806406,0.026336307560192628,0.002477655840905184,0.0745208765072775,0.14518502791989457,0.34195901663191147
2023-06-22 13:30:00,250.77000427246094,265.0,248.25,264.6099853515625,166875900,264.6099853515625,0.019848894111198723,262.99199829101565,230.50799942016602,194.9005990600586,230.50799942016602,288.52091642308517,172.49508241724683,0.5033484056852554,80.79618630765526,159633115.0,1.0453714443898436,-0.21209544417746984,0.025186350859050976,-0.033492590259804035,0.06747230614300101,0.1479427439272334,0.3576663521184097
2023-06-23 13:30:00,259.2900085449219,262.45001220703125,252.8000030517578,256.6000061035156,177460800,256.6000061035156,-0.030270888067223778,263.1320007324219,234.19300003051757,196.42179931640624,234.19300003051757,288.7318400660397,179.6541599949954,0.4657597795699719,72.61538720573607,161625900.0,1.097972540292119,0.0634297702664075,0.026414980564368556,-0.020104973739265623,0.03817250410909889,0.09567752268461574,0.306372342563522
2023-06-26 13:30:00,250.07000732421875,258.3699951171875,240.6999969482422,241.0500030517578,179990600,241.0500030517578,-0.060600166336257755,259.23399963378904,237.02200012207032,197.52479949951172,237.02200012207032,286.3189118293946,187.72508841474604,0.4159690803548662,61.03994048267562,165781895.0,1.0857072179082041,0.014255542632513718,0.03164356094119864,-0.025448162992882363,0.07341087824253234,0.016994215421408138,0.2203531083819867
2023-06-27 13:30:00,243.24000549316406,250.38999938964844,240.85000610351562,250.2100067138672,164968200,250.2100067138672,0.03800042956291749,254.38599853515626,239.8740005493164,198.82899963378907,239.8740005493164,284.90411551873814,194.84388557989465,0.3754480674545958,62.94571155204508,165927230.0,0.994220177122224,-0.08346213635600974,0.031200618412750014,0.009085262035595232,0.03960968671112506,0.043089314143596694,0.25841807369505276
2023-06-28 13:30:00,249.6999969482422,259.8800048828125,248.88999938964844,256.239990234375,159770800,256.239990234375,0.0240996896954786,253.74199829101562,242.62799987792968,200.21299957275392,242.62799987792968,284.3009376436096,200.95506211224978,0.34351301405152146,63.8429877190675,167474835.0,0.953998850036186,-0.031505465901913166,0.03062232521390884,-0.002038326813236659,0.044156075053697584,0.05610230626017502,0.27983692757803097
2023-06-29 13:30:00,258.0299987792969,260.739990234375,253.61000061035156,257.5,131283400,257.5,0.004917303362650394,252.32000122070312,245.30650024414064,201.67679962158203,245.30650024414064,283.22376090630814,207.3892395819731,0.3091419153135402,60.74411506192801,166503420.0,0.7884726932335684,-0.1783016671381754,0.030668846882288416,0.00698567207751065,0.028113992377524617,0.04970720198496092,0.2767953501997369
2023-06-30 13:30:00,260.6000061035156,264.45001220703125,259.8900146484375,261.7699890136719,112620800,261.7699890136719,0.016582481606492783,253.35399780273437,248.01899948120118,203.30039947509766,248.01899948120118,282.12483401526583,213.9131649471365,0.27502598273040574,58.677188406795764,164732965.0,0.6836567289370407,-0.14215506301634484,0.03066019028831392,0.012038858654429612,0.01754587441446037,0.055443290881886514,0.28760194121377597
2023-07-03 13:30:00,276.489990234375,284.25,275.1099853515625,279.82000732421875,119685900,279.82000732421875,0.06895373445427366,261.1079986572266,251.31149978637694,205.63699951171876,251.31149978637694,284.272070843979,218.35092872877485,0.2623084983028604,63.304056297902015,162497340.0,0.7365406719888461,0.06273352702165136,0.0329743771224644,0.056232577600537396,0.0332231294213385,0.11343892962349507,0.360747375173953
2023-07-05 13:30:00,278.82000732421875,283.8500061035156,277.6000061035156,282.4800109863281,131530900,282.4800109863281,0.009506123909958086,267.56199951171874,254.55500030517578,207.9849996948242,254.55500030517578,286.2963084150763,222.8136921952753,0.2493866399940846,61.160679359156774,161516730.0,0.8143484578965906,0.09896738045166553,0.03298130289578648,-0.00357372587315149,0.02251440872688384,0.1097012851748116,0.35817492319547195
2023-07-06 13:30:00,278.0899963378906,279.9700012207031,272.8800048828125,276.5400085449219,120332100,276.5400085449219,-0.021028045208104085,271.62200317382815,257.3165008544922,210.2647998046875,257.3165008544922,286.37639623051365,228.25660547847073,0.22586888349188539,58.93583965284369,160187755.0,0.751194122172447,-0.08514197044192662,0.0338623582404288,-0.01554097450332503,0.025982102796192057,0.07470763680756037,0.3151987817352055
2023-07-07 13:30:00,278.42999267578125,280.7799987792969,273.7699890136719,274.42999267578125,113879200,274.42999267578125,-0.007630056425625198,275.00800170898435,259.8095001220703,212.53999969482422,259.8095001220703,285.38706460567454,234.23193563846604,0.19689475921078134,58.292308196560114,156596175.0,0.7272157190301742,-0.05362575738310893,0.03412680445294659,0.006834396732696857,0.025605471917796385,0.05627389509175604,0.2911922135589623
2023-07-10 13:30:00,276.4700012207031,277.5199890136719,265.1000061035156,269.6099853515625,119425400,269.6099853515625,-0.01756370459810941,276.5760009765625,261.54699935913084,214.85719940185547,261.54699935913084,284.5833550020521,238.51064371620956,0.17615461618269218,54.05235190620954,154342960.0,0.7737664225177487,0.048702484738213814,0.03362621911467156,0.007433620957502244,0.0468501796461918,0.03082805771883606,0.25483337817924756
2023-07-11 13:30:00,268.6499938964844,270.8999938964844,266.3699951171875,269.7900085449219,91972400,269.7900085449219,0.000667717084456676,274.57000122070315,262.8165000915527,217.04919952392578,262.8165000915527,284.64065256496275,240.99234761814267,0.16607901304375902,47.62680733714539,148929460.0,0.6175567950088585,-0.22987572158016634,0.03272736524020005,-0.0035606672869564824,0.017006415370860128,0.026533754353093988,0.24299011070613216
2023-07-12 13:30:00,276.3299865722656,276.5199890136719,271.4599914550781,271.989990234375,95672100,271.989990234375,0.008154422401772665,272.4719970703125,263.92449951171875,219.2027993774414,263.92449951171875,285.21618446220623,242.6328145612313,0.161346786599037,57.33692272503092,146196170.0,0.6544090724127725,0.040226198294270876,0.032498715969104496,0.02424099418142388,0.0186399385466388,0.030559840930182863,0.24081440112468758
2023-07-13 13:30:00,274.5899963378906,279.45001220703125,270.6000061035156,277.8999938964844,112681500,277.8999938964844,0.02172875427149612,272.743994140625,264.8839996337891,221.52419921875,264.8839996337891,286.90339690785373,242.86460235972442,0.16625690720849282,57.7132935453658,143711030.0,0.7840838660748587,0.17778850887562836,0.0319521795883373,0.009559197753105502,0.03270512159608058,0.04913846921931995,0.2544904569187251
2023-07-14 13:30:00,277.010009765625,285.29998779296875,276.30999755859375,281.3800048828125,120062400,281.3800048828125,0.012522529912772917,274.1339965820313,266.1134994506836,223.9455993652344,266.1134994506836,288.9604866707985,243.2665122305687,0.17170859251617127,65.18009172466449,141185375.0,0.8503883635256131,0.06550232291902391,0.03188584481624228,-0.0032025338265782304,0.03253588474470093,0.05736839906146173,0.2564658813585703
2023-07-17 13:30:00,286.6300048828125,292.2300109863281,283.57000732421875,290.3800048828125,131569600,290.3800048828125,0.03198521516746822,278.2880004882812,267.8375,226.5409994506836,267.8375,292.56562994918295,243.109370050817,0.18465024463850635,82.85597904463827,139755295.0,0.9414283730716607,0.09584349471608089,0.032368295323389445,0.018658042181023096,0.03053920879653535,0.08416485698534569,0.28179890433486954
2023-07-18 13:30:00,290.1499938964844,295.260009765625,286.010009765625,293.3399963378906,112120300,293.3399963378906,0.010193509901870401,282.997998046875,269.4774993896484,229.18379943847657,269.4774993896484,296.4194015191478,242.53559726014902,0.19995659890359166,81.3125918501232,136965530.0,0.8186023154876997,-0.14782518150089385,0.03227104680820238,-0.0007921033902487522,0.03234152541577145,0.08855098107370538,0.27993338559096764
2023-07-19 13:30:00,296.0400085449219,299.2900085449219,289.5199890136719,291.260009765625,142355400,291.260009765625,-0.007090702250741598,286.852001953125,270.3179992675781,231.60779968261718,270.3179992675781,298.91128888467176,241.7247096504844,0.21155298348291043,76.97165420956142,135802740.0,1.048251309215116,0.2696665991796312,0.030420899612223988,0.009204377993927487,0.03374557855067007,0.07747175754033735,0.2575570000870091
2023-07-20 13:30:00,279.55999755859375,280.92999267578125,261.20001220703125,262.8999938964844,175158300,262.8999938964844,-0.09737009860008494,283.852001953125,270.48999938964846,233.42999969482423,270.48999938964846,298.8487009857989,242.131297793498,0.20968391925868549,52.934139838882395,133970800.0,1.3074363965879132,0.2304296148934286,0.03574899203868859,-0.04017033514640809,0.07553590944364776,-0.02806020743942725,0.12624767270782622
2023-07-21 13:30:00,268.0,268.0,255.8000030517578,260.0199890136719,161796100,260.0199890136719,-0.010954754468143868,279.5799987792969,270.26049957275393,235.24739959716797,270.26049957275393,298.89253514907824,241.62846399642962,0.21188472323249435,49.03453672780953,133716810.0,1.2099907259229412,-0.07628642205365088,0.03557000685079621,0.019399034697291505,0.047693498055876395,-0.037891258897511645,0.10530441339170547
2023-07-24 13:30:00,255.85000610351562,269.8500061035156,254.1199951171875,269.05999755859375,136508500,269.05999755859375,0.03476659075024635,275.3159973144531,270.8834991455078,237.2577996826172,270.8834991455078,298.79723277655273,242.9697655144629,0.2060940125116353,43.40847686655505,131669195.0,1.0367535094294456,-0.15629301324321165,0.0356547587444328,-0.016037162858033163,0.061899934238052484,-0.006731682042893835,0.1340406845149823
2023-07-25 13:30:00,272.3800048828125,272.8999938964844,265.0,265.2799987792969,112757300,265.2799987792969,-0.014048906614123058,269.70399780273436,272.0949989318848,239.12179962158203,272.0949989318848,296.430788419144,247.7592094446256,0.17887715380870575,39.60599374600274,128307530.0,0.8788050085602926,-0.17399063062007125,0.03268030789341374,0.012339282518189072,0.029811297722582546,-0.025046399894670442,0.1093927830884137
2023-07-26 13:30:00,263.25,268.0400085449219,261.75,264.3500061035156,95856200,264.3500061035156,-0.0035057022016762307,264.3219970703125,272.8019989013672,241.04919982910155,272.8019989013672,295.2056200266311,250.39837777610327,0.16424821823511668,42.158757279967716,124851930.0,0.7677590566681668,-0.14988918677549035,0.03180182079890213,-0.007652287351621103,0.02403059616015998,-0.030982151274146018,0.0966641096130326
2023-07-27 13:30:00,268.30999755859375,269.1300048828125,255.3000030517578,255.7100067138672,103697300,255.7100067138672,-0.032683938680391544,262.8839996337891,272.7754997253418,242.8363998413086,272.7754997253418,295.2627015098713,250.28829794081224,0.16487699083804772,38.89153785766737,122048255.0,0.8496418076604209,0.08180065556531546,0.032371554219545615,0.014980107295807853,0.05417156939183775,-0.06256241131867733,0.05301349748625564
2023-07-28 13:30:00,259.8599853515625,267.25,258.2300109863281,266.44000244140625,111446000,266.44000244140625,0.04196157931177735,264.1680023193359,273.2224998474121,244.8347998046875,273.2224998474121,294.76684389092253,251.6781558039017,0.15770548952258615,48.242218898693636,121056385.0,0.920612324579162,0.07472422136352641,0.03367679057771842,0.016229238311893792,0.03493005704185729,-0.024824080775901376,0.08824400229850461
2023-07-31 13:30:00,267.4800109863281,269.0799865722656,263.7799987792969,267.42999267578125,84582200,267.42999267578125,0.00371562162326855,263.8420013427734,273.50550003051757,246.7061996459961,273.50550003051757,294.5595430932901,252.45145696774503,0.15395699947842603,48.70300265125291,119654455.0,0.7068871777486262,-0.24104768228559126,0.03351122143791813,0.003903349855097629,0.020092455142526625,-0.022213474149727942,0.0840019142588316
2023-08-01 13:30:00,266.260009765625,266.4700012207031,260.25,261.07000732421875,83166000,261.07000732421875,-0.023781870118334214,263.0000030517578,272.56800003051757,248.3897998046875,272.56800003051757,294.10248065851863,251.0335194025165,0.1580118034808928,44.26109694577179,117828460.0,0.7058226849438582,-0.016743475577603806,0.029927413964461327,-0.004374912845227045,0.02390010075198127,-0.04218394200717423,0.05104963057863842
2023-08-02 13:30:00,255.57000732421875,259.5199890136719,250.49000549316406,254.11000061035156,101752900,254.11000061035156,-0.02665954157355066,260.952001953125,271.1494995117188,249.86919982910158,271.1494995117188,293.65069350380173,248.64830551963584,0.16596891406845818,37.63385151462418,116339560.0,0.8746199487087625,0.22349157107471807,0.030221704388367795,-0.021067146151222328,0.036049276707586016,-0.06284171253146932,0.01697208293039114
2023-08-03 13:30:00,252.0399932861328,260.489990234375,252.0,259.32000732421875,97569100,259.32000732421875,0.020502958173047814,261.6740020751953,270.2884994506836,251.27820007324217,270.2884994506836,293.2346405011129,247.34235840025434,0.16978999178332402,38.73570189506963,115201410.0,0.8469436268184565,-0.041117255626129556,0.03047596688190249,-0.008146107273412147,0.03369043743799603,-0.04058068378327787,0.032003600983422205
2023-08-04 13:30:00,260.9700012207031,264.7699890136719,253.11000061035156,253.86000061035156,99539900,253.86000061035156,-0.02105509239416581,259.1580017089844,269.25999984741213,252.64,269.25999984741213,293.2450082247478,245.2749914700765,0.17815500550343752,30.65267626223327,114484445.0,0.8694622225753027,0.020199017926782137,0.030735745636067898,0.006362771285986605,0.04606688149501529,-0.057193787587416056,0.004829008115704466
2023-08-07 13:30:00,251.4499969482422,253.64999389648438,242.75999450683594,251.4499969482422,111097900,251.4499969482422,-0.009493435973824349,255.96200256347657,268.3520004272461,254.01100006103516,268.3520004272461,293.6217761414278,243.0822247130644,0.18833305266179812,27.677715777372924,114068070.0,0.973961424963182,0.11611424162571993,0.030593010949866103,-0.009493435973824318,0.04485911861948812,-0.06298445121368217,-0.01008225278502743
2023-08-08 13:30:00,247.4499969482422,250.9199981689453,245.00999450683594,249.6999969482422,96642200,249.6999969482422,-0.006959634206558429,253.68800048828126,267.3474998474121,255.31559997558594,267.3474998474121,293.93921351599096,240.75578617883323,0.19892995957512985,27.775397842260702,114301560.0,0.8455020211447682,-0.13011677088405815,0.03059213199799199,-0.015907735329276418,0.0241214799176059,-0.06600960513654397,-0.021994750919570656
2023-08-09 13:30:00,250.8699951171875,251.10000610351562,241.89999389648438,242.19000244140625,101596300,242.19000244140625,-0.03007606967809695,251.3040008544922,265.85750045776365,256.29600006103516,265.85750045776365,294.6059974081951,237.10900350733223,0.2162699709500854,35.74673558501131,114597770.0,0.8865469197175477,0.051262285005929,0.03102328887477247,0.004685615471544558,0.03803229615197174,-0.08902324732462237,-0.055037915598642434
2023-08-10 13:30:00,245.39999389648438,251.8000030517578,243.0,245.33999633789062,109498600,245.33999633789062,0.013006292021680244,248.50799865722655,264.229500579834,257.1795999145508,264.229500579834,293.78302034653655,234.67598081313147,0.2236958379124913,39.93417710076244,114438625.0,0.9568325379652194,0.07778137589656309,0.030682536626111864,0.013254021316816031,0.03621400432822145,-0.07148900558223671,-0.04603632473413112
2023-08-11 13:30:00,241.77000427246094,243.7899932861328,238.02000427246094,242.64999389648438,99038600,242.64999389648438,-0.01096438608281991,246.26599731445313,262.2930000305176,257.95399993896484,262.2930000305176,292.1883777533427,232.39762230769247,0.22795406449540637,30.163727757619654,113387435.0,0.8734530417766307,-0.09552633549652689,0.030394429856852097,-0.01455120289686877,0.024241613772374285,-0.07488955531313365,-0.05932843082914623
2023-08-14 13:30:00,235.6999969482422,240.66000366210938,233.75,239.75999450683594,98595300,239.75999450683594,-0.011910156448968756,243.92799682617186,259.7619995117187,258.59879974365236,259.7619995117187,288.17982885764934,231.34417016578814,0.21879897290095024,30.572462662069512,111738720.0,0.8823736301973031,-0.004476032577197198,0.02898916171112937,-0.028642065209394107,0.029561512992981282,-0.07700127440688426,-0.07284954630683219
2023-08-15 13:30:00,238.72999572753906,240.5,232.61000061035156,232.9600067138672,88197600,232.9600067138672,-0.028361644764614224,240.5799987792969,256.7430000305176,258.9785998535156,256.7430000305176,282.8784756475742,230.60752441346096,0.20359250779144933,28.06428271188132,110542585.0,0.7978608424979386,-0.10545837377643763,0.02891906386017472,-0.004295957636366679,0.03391943325285095,-0.09263346347835556,-0.10046618969430354
2023-08-16 13:30:00,228.02000427246094,233.97000122070312,225.3800048828125,225.60000610351562,112484500,225.60000610351562,-0.03159340830287438,237.26199951171876,253.45999984741212,259.1383999633789,253.45999984741212,277.7713572229907,229.1486424718336,0.19183585094464176,28.57548608500845,109049040.0,1.0315038078281111,0.2753691710432029,0.029259600508547493,-0.02120536701165965,0.038113391391383804,-0.10991870023147146,-0.129422709504276
2023-08-17 13:30:00,226.05999755859375,226.74000549316406,218.8300018310547,219.22000122070312,120718400,219.22000122070312,-0.028280162722535862,232.03800048828126,251.27600021362304,259.0966000366211,251.27600021362304,279.54283736902437,223.0091630582217,0.22498636663565322,14.183849012020943,106327045.0,1.135349900864827,0.07320030759793572,0.02181554371120427,0.002038969160608355,0.0361467970384436,-0.12757286396499232,-0.15390629908027265
2023-08-18 13:30:00,214.1199951171875,217.5800018310547,212.36000061035156,215.49000549316406,136276600,215.49000549316406,-0.017014851321818125,226.6060028076172,249.04950103759765,258.915,249.04950103759765,281.16885411339877,216.93014796179654,0.257935494285148,12.17594235705883,105051070.0,1.2972414274314388,0.12888010444141074,0.02188873529394405,-0.02326432841491099,0.02458090603550636,-0.13475030226768972,-0.16771911440756987
2023-08-21 13:30:00,221.5500030517578,232.1300048828125,220.5800018310547,231.27999877929688,135702700,231.27999877929688,0.073274828918382,224.91000366210938,247.1605010986328,258.8433999633789,247.1605010986328,278.7643643656138,215.5566378316518,0.2557355493818896,30.925848417240076,105010780.0,1.2922739932033644,-0.004211287924706042,0.027040015561214315,0.028121942568635695,0.05236196824680472,-0.06425178072040968,-0.10648678385456872
2023-08-22 13:30:00,240.25,240.82000732421875,229.5500030517578,233.19000244140625,130442800,233.19000244140625,0.008258403978685713,224.95600280761718,245.55600128173828,258.6192001342773,245.55600128173828,276.53881508118906,214.5731874822875,0.2523482516226732,35.679079893263676,105895055.0,1.2318120048192995,-0.03876046681458811,0.027202069033974235,0.0387841632136245,0.04909607546343544,-0.05035917988477063,-0.09832679739040262
2023-08-23 13:30:00,229.33999633789062,238.97999572753906,229.2899932861328,236.86000061035156,101077600,236.86000061035156,0.01573823118710882,227.20800170898437,244.18150100708007,258.3598001098633,244.18150100708007,274.07362585366934,214.2893761604908,0.24483529442897922,34.293698246818124,106156125.0,0.9521598494669997,-0.225119362663175,0.027634864785040163,-0.016510167945484787,0.04226090420489489,-0.02998384548596997,-0.0832165046201819
2023-08-24 13:30:00,238.66000366210938,238.9199981689453,228.17999267578125,230.0399932861328,99777400,230.0399932861328,-0.02879341090367582,229.37200012207032,242.89800033569335,257.78640014648437,242.89800033569335,272.910065188912,212.88593548247474,0.2471166070675009,33.65357389980046,105960130.0,0.9416504113386799,-0.012863384172160819,0.027443648398033288,0.007599438685803779,0.047068129712951795,-0.0529358291619953,-0.10763332295491522
2023-08-25 13:30:00,231.30999755859375,239.0,230.35000610351562,238.58999633789062,106612200,238.58999633789062,0.037167463490241914,233.99199829101562,241.50550003051757,257.4223999023437,241.50550003051757,269.4301771681015,213.5808228929336,0.2312549994435347,41.86075753528402,105718440.0,1.008454154261073,0.06850048207309478,0.027030396854629095,0.005520797728772562,0.037551524494413104,-0.0120722041206454,-0.0731575945667409
2023-08-28 13:30:00,242.5800018310547,244.3800048828125,235.35000610351562,238.82000732421875,107673700,238.82000732421875,0.0009640428763089126,235.5,240.07500076293945,257.08080017089844,240.07500076293945,265.1986824280741,214.9513190978048,0.20929860739596853,42.978839556029875,106873015.0,1.0074919286220194,0.00995664661267659,0.02698979479204422,0.01672327236852557,0.038368381326173186,-0.005227505715848933,-0.07103133658577594
2023-08-29 13:30:00,238.5800018310547,257.4800109863281,237.77000427246094,257.17999267578125,134047600,257.17999267578125,0.07687791972402569,240.297998046875,239.88050003051757,257.01359985351564,239.88050003051757,264.3720921177038,215.38890794333136,0.20419827442472732,58.485221619563596,109417095.0,1.2251065521342894,0.24494282262056566,0.03223748982249621,-0.0010049639301712035,0.08289526163813947,0.07211712766591216,0.0006474086288057988
2023-08-30 13:30:00,254.1999969482422,260.510009765625,250.58999633789062,256.8999938964844,121988400,256.8999938964844,-0.0010887269121663268,244.30599670410157,240.0199996948242,256.6625994873047,240.0199996948242,264.8818333726343,215.15816601701414,0.20716468385485287,56.76339732883676,110428870.0,1.1046785138705124,-0.08996207317400684,0.031637216466492715,-0.011587198897294666,0.03958662984438702,0.07032744864228982,0.0009249279390681688
2023-08-31 13:30:00,255.97999572753906,261.17999267578125,255.0500030517578,258.0799865722656,108861700,258.0799865722656,0.004593198535678855,249.91399536132812,239.95799865722657,256.63499938964844,239.95799865722657,264.6225785222245,215.29341879222864,0.20557414216669317,59.1899916862756,110993500.0,0.9807934698878763,-0.10760613304215816,0.03131971162119089,-0.003581152942012205,0.024034462068912292,0.07552149966430509,0.005630514879318006
2023-09-01 13:30:00,257.260009765625,259.0799865722656,242.00999450683594,245.00999450683594,132541600,245.00999450683594,-0.05064318329763218,251.1979949951172,239.51549835205077,256.2429995727539,239.51549835205077,263.4362578804043,215.59473882369724,0.19974289507724222,52.788697243042606,112643585.0,1.1766457894606248,0.21752278349502174,0.03302940973866827,-0.0031772196578715383,0.0705342442580301,0.022940044350320526,-0.04383731491064057
2023-09-05 13:30:00,245.0,258.0,244.86000061035156,256.489990234375,129469600,256.489990234375,0.046855214011356505,254.73199157714845,239.76749801635742,256.2407992553711,239.76749801635742,264.3155991939387,215.2193968387762,0.20476587845035213,61.906683400222775,113562170.0,1.1400768407296198,-0.023177628759574298,0.034653911591962794,-4.079224137796814e-05,0.05366331518784182,0.06974461658217218,0.0009724875184906361
2023-09-06 13:30:00,255.13999938964844,255.38999938964844,245.05999755859375,251.9199981689453,116959800,251.9199981689453,-0.017817428513501543,253.67999267578125,239.87849807739258,256.45819915771483,239.87849807739258,264.634895842408,215.1221003123771,0.20640781031593947,63.70547763979745,114578050.0,1.0207871402943234,-0.09662345446344156,0.034878602441773335,-0.005263327600008757,0.04215295002843044,0.050198330355010624,-0.017695675176985264
2023-09-07 13:30:00,245.07000732421875,252.80999755859375,243.27000427246094,251.49000549316406,115312900,251.49000549316406,-0.0017068620153485314,252.59799499511718,240.34349822998047,256.4837991333008,240.34349822998047,265.6264689628543,215.06052749710668,0.21039030320413307,67.9138548068086,115263880.0,1.0004252850068902,-0.014080906431098494,0.03411639557730974,-0.027191135656220302,0.039215657987361555,0.046377402947333723,-0.019470210816478702
2023-09-08 13:30:00,251.22000122070312,256.5199890136719,246.6699981689453,248.5,118367700,248.5,-0.01188916230408743,250.68199768066407,240.50149841308593,256.3289993286133,240.50149841308593,265.9548619164018,215.04813490977003,0.21166906377936265,68.47643854658664,115707335.0,1.0229921897345575,0.026491398620622775,0.03416425926229764,-0.0010736183011784803,0.039931855993205395,0.03325759564780686,-0.030542776467427823
2023-09-11 13:30:00,264.2699890136719,274.8500061035156,260.6099853515625,273.5799865722656,174667900,273.5799865722656,0.10092549928477124,256.39599609375,242.047998046875,256.6505990600586,242.047998046875,271.49603350439634,212.59996258935368,0.24332393322929632,71.44595567677597,119488800.0,1.4617930718192835,0.47563820197570794,0.04062129933352954,0.06346072037694919,0.054641117195656785,0.13027163529476557,0.06596278198534575
2023-09-12 13:30:00,270.760009765625,278.3900146484375,266.6000061035156,267.4800109863281,135999900,267.4800109863281,-0.022296863386701782,258.5940002441406,243.43399887084962,256.7647994995117,243.43399887084962,274.96433387076405,211.90366387093522,0.25904627246946205,66.67640779892166,121359030.0,1.1206409609569226,-0.22138011620910314,0.04093795766576802,-0.010307686764564313,0.04422358692799145,0.0987783638563805,0.041731621732038884
2023-09-13 13:30:00,270.07000732421875,274.9800109863281,268.1000061035156,271.29998779296875,111673700,271.29998779296875,0.014281354305895722,262.4699981689453,245.3509979248047,256.5943991088867,245.3509979248047,278.80349602734844,211.89849982226096,0.2726909479520135,66.72494928182411,122532835.0,0.9113777543790609,-0.1788692491685656,0.040142709586852,0.009682952861935575,0.025662084021572433,0.10576272396543063,0.057310637859408924
2023-09-14 13:30:00,271.32000732421875,276.7099914550781,270.4200134277344,276.0400085449219,107709800,276.0400085449219,0.017471511114000693,267.3799987792969,247.872998046875,256.4655990600586,247.872998046875,282.635605731088,213.11039036266203,0.2804872491810428,72.79938928498879,122294100.0,0.8807440424354077,-0.03549537626137578,0.03905507498743861,7.379112477246799e-05,0.023260031488108224,0.11363484816817453,0.07632372355825931
2023-09-15 13:30:00,277.54998779296875,278.9800109863281,271.0,274.3900146484375,133692300,274.3900146484375,-0.005977372284481253,272.55800170898436,250.63149871826172,256.4225991821289,250.63149871826172,284.56659517583256,216.69640226069092,0.27079674048247004,69.04663173064496,122942795.0,1.087435013983536,0.24122688928955394,0.038187951497536274,0.005470146360327857,0.02944653500490083,0.09479461301423668,0.07006954739409255
2023-09-18 13:30:00,271.1600036621094,271.44000244140625,263.760009765625,265.2799987792969,101543300,265.2799987792969,-0.033200974462619715,270.89800415039065,253.12099838256836,256.2395993041992,253.12099838256836,283.2985710986171,222.94342566651963,0.23844385024460285,62.862148028460936,121206130.0,0.8377736340562973,-0.24047009438838285,0.03899724183410938,-0.011771605429835266,0.029117350589293763,0.04803631652223235,0.035281039697401366
2023-09-19 13:30:00,264.3500061035156,267.8500061035156,261.20001220703125,266.5,103704000,266.5,0.004598918977371191,270.702001953125,254.88199844360352,256.17739959716795,254.88199844360352,283.77637596156137,225.98762092564567,0.2267274871854174,55.436312311957366,119606195.0,0.8670453900820104,0.02127860725424524,0.03615934939637491,-0.003505702201676235,0.025459393513402612,0.04558188348859457,0.040294734894897294
2023-09-20 13:30:00,267.0400085449219,273.92999267578125,262.4599914550781,262.5899963378906,122514600,262.5899963378906,-0.014671683535119606,268.9600036621094,256.35199813842775,256.03339935302733,256.35199813842775,283.54083701198067,229.1631592648748,0.21212113867644763,53.184110766410086,119209785.0,1.0277226823284682,0.18138741032168482,0.036503130397365996,0.0020262984800070356,0.04370190350580079,0.0243337217761588,0.025608365945346205
2023-09-21 13:30:00,257.8500061035156,260.8599853515625,254.2100067138672,255.6999969482422,119951500,255.6999969482422,-0.026238620989897266,264.8920013427734,257.29399795532225,255.7075994873047,257.29399795532225,282.89867031452064,231.6893255961239,0.19903046757930584,48.748163880055515,120153480.0,0.998318983353624,-0.020920771891676626,0.03714926272471452,-0.01805091702075263,0.026159389725284782,-0.00619525142345861,-2.973137707970568e-05
2023-09-22 13:30:00,257.3999938964844,257.7900085449219,244.47999572753906,244.8800048828125,127524100,244.8800048828125,-0.042315182614647506,258.98999938964846,258.03599853515624,255.04719970703124,258.03599853515624,281.0436017532261,235.0283953170864,0.1783286312660376,49.92996999700611,121540815.0,1.0492286068675778,0.06313051524991353,0.03790192207300705,0.006648404257064948,0.05444213453036938,-0.05098510954684214,-0.03986397355429755
2023-09-25 13:30:00,243.3800048828125,247.10000610351562,238.30999755859375,246.99000549316406,104636600,246.99000549316406,0.008616467528091087,255.33200073242188,258.45599899291994,254.35939971923827,258.45599899291994,280.2432503636203,236.66874762221957,0.16859543949914038,44.30729286009362,121442035.0,0.8616176433472973,-0.17947587946121557,0.03710815931830648,-0.006125449077468885,0.03688476620776541,-0.04436342566794117,-0.028972368366211504
2023-09-26 13:30:00,242.97999572753906,249.5500030517578,241.66000366210938,244.1199951171875,101993600,244.1199951171875,-0.011619945391094011,250.8559997558594,258.7209983825684,253.43419952392577,258.7209983825684,279.6131771037491,237.82881966138768,0.16150354128030708,45.22877083453505,121158030.0,0.8418228655583125,-0.025258848242393217,0.03723965087801962,-0.016235514297909454,0.03264917350858062,-0.056435323598243506,-0.036751963327107916
2023-09-27 13:30:00,244.25999450683594,245.3300018310547,234.5800018310547,240.5,136597200,240.5,-0.014828753029631048,246.43800048828126,257.8869987487793,252.37739959716797,257.8869987487793,280.3135518609665,235.46044563659208,0.17392542641542044,43.529960899904076,121285510.0,1.1262450065139686,0.33927226806387845,0.0328929124668524,0.0005734859595635831,0.04582658332376596,-0.0674209976972002,-0.047062057126058314
2023-09-28 13:30:00,240.02000427246094,247.5500030517578,238.64999389648438,246.3800048828125,117058900,246.3800048828125,0.02444908475181906,244.57400207519532,257.3609992980957,251.47979949951173,257.3609992980957,280.37091511100186,234.35108348518952,0.17881431821963267,48.792988113709455,121039035.0,0.9671169305009744,-0.14303587482027447,0.03345565644299945,-0.001995824230931653,0.037293146377090886,-0.04266767087954979,-0.02027914220883228
2023-09-29 13:30:00,250.0,254.77000427246094,246.35000610351562,250.22000122070312,128522700,250.22000122070312,0.015585665483353939,245.64200134277343,256.9680000305176,251.2261996459961,256.9680000305176,280.19368914050483,233.74231092053037,0.1807671702875762,32.45720181528749,122022085.0,1.0532740855886866,0.09793189582338457,0.03365196826074843,0.014692730925585071,0.03417900531899013,-0.026260074441226463,-0.004005149250797956
2023-10-02 13:30:00,244.80999755859375,254.27999877929688,242.6199951171875,251.60000610351562,123810400,251.60000610351562,0.005515166158101437,246.56400146484376,257.29750061035156,251.05779998779298,257.29750061035156,279.98974396197497,234.60525725872813,0.17638914717627432,37.16456449315723,121585525.0,1.0182988476629928,-0.03666511830205865,0.03157224778946636,-0.02162098807336171,0.04805870866693199,-0.022143606110904896,0.002159686397909218
2023-10-03 13:30:00,248.61000061035156,250.02000427246094,244.4499969482422,246.52999877929688,101985300,246.52999877929688,-0.020151062008054166,247.04600219726564,256.7995010375977,250.60720001220704,256.7995010375977,279.9978767327751,233.6011253424202,0.1806730589541217,30.375557908887373,120211310.0,0.8483835672367267,-0.17627840633743208,0.030056916007278778,-0.011883964310930448,0.02278587602272745,-0.03999035129276696,-0.016269290079102158
2023-10-04 13:30:00,248.13999938964844,261.8599853515625,247.60000610351562,261.1600036621094,129721600,261.1600036621094,0.05934371052307452,251.1780029296875,257.26150131225586,250.5248001098633,257.26150131225586,280.41871033219223,234.10429229231949,0.1800285616138801,39.80822009435362,120849400.0,1.0734153417393881,0.27196370457311003,0.03269697692826462,0.0065306478656696745,0.0575928065287895,0.015153850576039503,0.042451699582565075
2023-10-05 13:30:00,260.0,263.6000061035156,256.25,260.04998779296875,119159200,260.04998779296875,-0.00425032873937603,253.91199951171876,257.6895004272461,250.43879974365234,257.6895004272461,280.71360401494667,234.66539683954556,0.17869648200277358,40.104874090864485,121041715.0,0.9844473865889953,-0.08142360254575953,0.03271829872420844,-0.0044417355101977855,0.028682950647865853,0.009160200015169317,0.038377392237761744
2023-10-06 13:30:00,253.97999572753906,261.6499938964844,250.64999389648438,260.5299987792969,118121800,260.5299987792969,0.001845841218459432,255.9739990234375,258.29100036621094,250.53519958496094,258.29100036621094,280.9296020658031,235.65239866661875,0.17529531936842285,46.27918184456462,121029420.0,0.975975923870411,-0.008706000040282214,0.032551448411967825,-0.023341635648382094,0.04388589773731603,0.008668511136320793,0.03989379221320366
2023-10-09 13:30:00,255.30999755859375,261.3599853515625,252.0500030517578,259.6700134277344,101377900,259.6700134277344,-0.003300907210654902,257.58800048828124,257.5955017089844,250.3997998046875,257.5955017089844,279.0817473608404,236.10925605712836,0.16682159051154435,44.6195185466197,117364920.0,0.8637836586946083,-0.141751141618228,0.022951976360448836,-0.020036085077193556,0.03693704497949523,0.008053369352286458,0.037021649499231535
2023-10-10 13:30:00,257.75,268.94000244140625,257.6499938964844,263.6199951171875,122656000,263.6199951171875,0.015211543440507347,261.00599975585936,257.40250091552736,250.32359985351562,257.40250091552736,278.5820595017164,236.2229423293383,0.16456373586781592,50.81089483618247,116697725.0,1.051057336379094,0.20988894029172034,0.022768627538876103,-0.007394051405433885,0.04381916868764935,0.024154754439237407,0.05311682666537501
2023-10-11 13:30:00,266.20001220703125,268.6000061035156,260.8999938964844,262.989990234375,103706300,262.989990234375,-0.002389822071472425,261.3719970703125,256.9870010375977,250.36199951171875,256.9870010375977,277.32805196765435,236.645950107541,0.15830412314964315,56.366804666496265,116299355.0,0.8917186170121064,-0.15449468432037572,0.022503323426372315,0.009786879362837595,0.02951327093586033,0.023359116113032784,0.05043892742223114
2023-10-12 13:30:00,262.9200134277344,265.4100036621094,256.6300048828125,258.8699951171875,111508100,258.8699951171875,-0.015665976919941982,261.13599853515626,256.1285003662109,250.45719940185546,256.1285003662109,274.4308745581031,237.82612617431877,0.14291556125713098,63.83776970013094,116489270.0,0.9572392375709797,0.07522975942638,0.022265954986063895,-0.00026608163519175053,0.03421267432584967,0.010703591154661872,0.033589753999579836
2023-10-13 13:30:00,258.8999938964844,259.6000061035156,250.22000122070312,251.1199951171875,102073800,251.1199951171875,-0.02993780718577166,259.2539978027344,254.96499938964843,250.29319915771484,254.96499938964843,271.2238775184576,238.70612126083927,0.12753811831216602,53.675020753738856,114908345.0,0.8883062409435972,-0.08460640975857359,0.023066368217184184,0.0001158835703739821,0.03748703076113805,-0.015080518038418388,0.0033033097273717014
2023-10-16 13:30:00,250.0500030517578,255.39999389648438,248.47999572753906,253.9199981689453,88917200,253.9199981689453,0.01115006015531006,258.10399475097654,254.39699935913086,250.29439910888672,254.39699935913086,269.915464726726,238.87853399153573,0.1220019529058029,58.7312911972954,114277040.0,0.7780845566178473,-0.12889301662130737,0.022245834923879278,-0.004260879604311738,0.02784931699907611,-0.0018750267942907884,0.014485338357416977
2023-10-17 13:30:00,250.10000610351562,257.17999267578125,247.0800018310547,254.85000610351562,93562900,254.85000610351562,0.0036626021631882555,256.34999694824216,253.81449966430665,250.36239929199218,253.81449966430665,268.25745181692275,239.37154751169052,0.1138071479109213,63.42878520900505,113769985.0,0.8223865020286326,0.05224748417628988,0.022232302677998615,-0.015044077240769595,0.04087741124282737,0.004079776531989019,0.01792444402280093
2023-10-18 13:30:00,252.6999969482422,254.6300048828125,242.0800018310547,242.67999267578125,125147800,242.67999267578125,-0.04775363208267347,252.28799743652343,252.81899948120116,250.22199920654296,252.81899948120116,267.45847106651155,238.17952789589077,0.11580990048494307,46.902201740911416,113901645.0,1.0987356679528202,0.33757931829817167,0.024354148179231205,-0.008436370821196455,0.051842378374221676,-0.040103816668152804,-0.03014126077913815
2023-10-19 13:30:00,225.9499969482422,230.61000061035156,216.77999877929688,220.11000061035156,170772700,220.11000061035156,-0.09300310180733784,244.53599853515624,251.03949966430665,249.78039916992188,251.03949966430665,271.6421984051224,230.4368009234909,0.16413909977008354,30.80943908944448,116442705.0,1.4665813543235706,0.3645681346376044,0.031220558620726757,-0.06893850433682111,0.06379740708982555,-0.12320570705133822,-0.11878593619904493
2023-10-20 13:30:00,217.00999450683594,218.86000061035156,210.4199981689453,211.99000549316406,138010100,211.99000549316406,-0.036890623300491754,236.71000061035156,249.3949996948242,249.11339935302735,249.3949996948242,276.34162996648735,222.44836942316107,0.21609599474437557,26.751970665302053,116967005.0,1.1799062479200866,-0.19184916558677123,0.03091964927908641,-0.014083894847664794,0.040110267630692635,-0.14998293569410495,-0.1490220676859474
2023-10-23 13:30:00,210.0,216.97999572753906,202.50999450683594,212.0800018310547,150683400,212.0800018310547,0.0004245310418349302,228.34200134277344,247.64949951171874,248.50199951171874,247.64949951171874,279.3546006948931,215.94439832854434,0.25604817490595505,28.525125255795388,119269345.0,1.2633875033018753,0.0918287864438907,0.030759629672496853,-0.009387260916072919,0.07145326953339419,-0.14362838507969974,-0.14656621577383516
2023-10-24 13:30:00,216.5,222.0500030517578,214.11000061035156,216.52000427246094,118231100,216.52000427246094,0.02093550737020089,220.6760009765625,246.2694999694824,248.03719970703125,246.2694999694824,280.89004130967004,211.64895862929475,0.2811597972503928,18.123395697074045,120081220.0,0.9845927614659478,-0.21536745255283596,0.031364977096703286,0.0208411831892869,0.03708375329864146,-0.12080056889183603,-0.12706640565123617
2023-10-25 13:30:00,215.8800048828125,220.10000610351562,212.1999969482422,212.4199981689453,107065100,212.4199981689453,-0.018935922882932887,214.6240020751953,244.8654998779297,247.62639953613282,244.8654998779297,282.60795471085004,207.12304504500938,0.30827090669559976,17.381185311852178,118604615.0,0.9027060203348748,-0.0944421560824521,0.0314426035877937,-0.0029558441576746203,0.03722907289767932,-0.1325033609273626,-0.14217547657736834
2023-10-26 13:30:00,211.32000732421875,214.8000030517578,204.8800048828125,205.75999450683594,115112600,205.75999450683594,-0.031352997455599385,211.75400085449218,242.83449935913086,247.2295993041992,242.83449935913086,284.41078010376236,201.25821861449936,0.3424248272330024,15.418605166485392,118507300.0,0.9713545072750792,0.0751645494189983,0.031099718114955075,-0.005178377055872583,0.0484185763985088,-0.15267396086692356,-0.1677372163934859
2023-10-27 13:30:00,210.60000610351562,212.41000366210938,205.77000427246094,207.3000030517578,94881200,207.3000030517578,0.00748448962886572,210.81600036621094,240.6884994506836,246.99119934082032,240.6884994506836,285.0004018568942,196.376597044473,0.3682095530724765,17.215472910637985,116825225.0,0.8121636401727452,-0.17575313215060728,0.030821040685948833,0.023522607532529306,0.03226903461039145,-0.13872078007519006,-0.16069882811611064
2023-10-30 13:30:00,209.27999877929688,210.8800048828125,194.6699981689453,197.36000061035156,136448200,197.36000061035156,-0.04794984223383958,207.87200012207032,237.97649917602538,246.62859924316408,237.97649917602538,285.96341894008344,189.98957941196733,0.4032912487595114,11.413946840928858,117457115.0,1.1616852670014923,0.43809521802000817,0.03180751999592485,0.009551354068454622,0.08326915737575162,-0.17067440989469634,-0.1997683917599354
2023-10-31 13:30:00,196.1199951171875,202.8000030517578,194.07000732421875,200.83999633789062,118068300,200.83999633789062,0.017632730628176496,204.73599853515626,235.69199905395507,246.01979919433595,235.69199905395507,286.24601372410035,185.1379843838098,0.42898371495905,14.97013949808212,118261265.0,0.9983683161177077,-0.1347023998850846,0.03238818812438458,-0.006282962552337082,0.04498374503049556,-0.14787096234049957,-0.18364295477193238
2023-11-01 13:30:00,204.0399932861328,205.99000549316406,197.85000610351562,205.66000366210938,121661700,205.66000366210938,0.023999240251476817,203.38399963378907,232.91699905395507,245.46919921875,232.91699905395507,283.67733144269687,182.15666666521327,0.4358662750672243,20.243836755423942,117858270.0,1.0322712186425271,0.030434926224905512,0.029234048524477703,0.015933066155102663,0.04114227515054798,-0.11702450015480247,-0.16217592953959423
2023-11-02 13:30:00,212.97000122070312,219.1999969482422,211.4499969482422,218.50999450683594,125987600,218.50999450683594,0.06248172039245192,205.93399963378906,230.83999938964843,245.1021990966797,230.83999938964843,280.30873068320614,181.37126809609074,0.42859756908989166,32.74786161471883,118199690.0,1.0658877362537922,0.03555679396227407,0.0335840902884652,0.03554408941178356,0.036651691235999456,-0.053413641116849715,-0.10849435332628149
2023-11-03 13:30:00,221.14999389648438,226.3699951171875,218.39999389648438,219.9600067138672,119534800,219.9600067138672,0.006635907937775798,208.46600036621095,228.81149978637694,244.90059936523437,228.81149978637694,276.4473332669137,181.1756663058402,0.4163762181971669,31.773304532297644,118270340.0,1.0106912688337584,-0.05121773888858905,0.033675838647704175,0.012081824429160594,0.03649268060181672,-0.038684651255612976,-0.10183965541942934
2023-11-06 14:30:00,223.97999572753906,226.32000732421875,215.0,219.27000427246094,117335800,219.27000427246094,-0.0031369449915676917,212.8480010986328,226.79149932861327,244.51419952392578,226.79149932861327,272.2962804182658,181.28671823896076,0.40129176996812926,30.854503418693525,119068235.0,0.9854500656703276,-0.018396316386525058,0.03367703151502971,0.01827599968616676,0.052651196856831395,-0.033164801495729514,-0.10324224646509617
2023-11-07 14:30:00,219.97999572753906,223.1199951171875,215.72000122070312,222.17999267578125,116900100,222.17999267578125,0.013271256198382764,217.11600036621093,224.71949920654296,244.18139923095703,224.71949920654296,266.8091739899574,182.62982442312853,0.374597441984589,37.74802826760771,118780440.0,0.9841696158054306,-0.003713274209576234,0.03360976810896782,0.0032379780236420413,0.03430369856577852,-0.011300784042899702,-0.09010271308325955
2023-11-08 14:30:00,223.14999389648438,224.14999389648438,217.63999938964844,222.11000061035156,106584800,222.11000061035156,-0.00031502415940676265,220.40599975585937,222.6754997253418,243.47999938964844,222.6754997253418,260.71547525760934,184.63552419307427,0.3416628733667403,51.635055493987046,118924365.0,0.8962402279801956,-0.08824030090650048,0.033631083703592066,0.004365835145735244,0.02991175576682882,-0.0025395659409668254,-0.08776901114205204
2023-11-09 14:30:00,219.75,220.8000030517578,206.67999267578125,209.97999572753906,142110500,209.97999572753906,-0.054612601186257326,218.7,220.2309997558594,242.54159942626953,220.2309997558594,254.58231622776114,185.87968328395763,0.31195714054771995,48.45787221767734,120454485.0,1.1797858751378165,0.3333092523511796,0.035197733113161836,-0.01062536852850548,0.0683182256452206,-0.04654659897872797,-0.13425162436363375
2023-11-10 14:30:00,210.02999877929688,215.3800048828125,205.69000244140625,214.64999389648438,130994000,214.64999389648438,0.022240205086035525,217.63799743652345,218.40749969482422,241.6729995727539,218.40749969482422,249.57960606352935,187.2353933261191,0.28544904742063526,51.842287815919754,121900495.0,1.0745977692707482,-0.07822433951045138,0.03555924797874526,0.00023813245440148638,0.047109739541991526,-0.017204106102538263,-0.11181640366959752
2023-11-13 14:30:00,215.60000610351562,225.39999389648438,211.61000061035156,223.7100067138672,140447600,223.7100067138672,0.04220830689495392,218.5259979248047,216.89700012207032,241.24699981689454,216.89700012207032,243.4019068259862,190.39209341815445,0.24440086021474555,54.83393839119852,124477015.0,1.1283014779877232,0.07216819090950732,0.037049801702766026,0.004425866452572071,0.06516702068124389,0.03141125321218127,-0.07269310340165001
2023-11-14 14:30:00,235.02999877929688,238.13999938964844,230.72000122070312,237.41000366210938,149771600,237.41000366210938,0.06123998273248876,221.5720001220703,216.025,240.8654000854492,216.025,238.0396737858797,194.0103262141203,0.2038159822787149,64.88031474857893,127287450.0,1.1766407450223884,0.06638774888285748,0.03993594029556464,0.0506011878132405,0.032160186068339425,0.09899318903881203,-0.014345756684496823
2023-11-15 14:30:00,239.2899932861328,246.6999969482422,236.4499969482422,242.83999633789062,150354000,242.83999633789062,0.022871793909364557,225.71799926757814,216.03300018310546,240.68380004882812,216.03300018310546,238.0885375377752,193.9774628284357,0.20418674309921075,72.40754131574128,128547760.0,1.169635316865887,0.0038885876895218274,0.03885686392146441,0.007918746451388408,0.043349545917920555,0.12408750576099054,0.008958626582366881
2023-11-16 14:30:00,239.49000549316406,240.8800048828125,230.9600067138672,233.58999633789062,136816800,233.58999633789062,-0.038090924639652135,230.43999938964845,216.7069999694824,240.32579986572264,216.7069999694824,240.0721229895107,193.34187694945413,0.21563791684918948,64.5328878790215,126849965.0,1.0785718387860808,-0.09003551618181094,0.033446117075527054,-0.01379505392540586,0.04295115119751034,0.07790701902008587,-0.028027800309394654
2023-11-17 14:30:00,232.0,237.38999938964844,226.5399932861328,234.3000030517578,142532800,234.3000030517578,0.0030395424675642158,234.37000122070313,217.8224998474121,240.04179992675782,217.8224998474121,242.3411910904108,193.3038086044134,0.22512542331645635,72.74070542120984,127076100.0,1.121633414937978,0.04177849503862108,0.03207125182851028,-0.00680678266543006,0.04789443994470086,0.07564647001980257,-0.02391998758862814
2023-11-20 14:30:00,234.0399932861328,237.10000610351562,231.02000427246094,235.60000610351562,116320100,235.60000610351562,0.005548455120893081,236.7480010986328,218.99850006103514,239.2822003173828,218.99850006103514,244.59020702966586,193.40679309240443,0.23371581961975335,71.98887019721751,125357935.0,0.9279037661237799,-0.1839064411840643,0.032049001592248244,-0.0011097300991821275,0.026318075138999825,0.0758064828656526,-0.015388500310441528
2023-11-21 14:30:00,235.0399932861328,243.6199951171875,233.33999633789062,241.1999969482422,122288000,241.1999969482422,0.023769060694616817,237.50599975585936,220.2324996948242,238.75660003662108,220.2324996948242,247.6368861365836,192.82811325306483,0.2488677781865401,72.2625888367667,125560780.0,0.9739346952129478,0.05130583622263041,0.032125790426935495,-0.0023769643585525185,0.04405587957758775,0.0952061901965995,0.010233840284399815
2023-11-22 14:30:00,242.0399932861328,244.00999450683594,231.39999389648438,234.2100067138672,117950600,234.2100067138672,-0.028980059381488954,235.78000183105468,221.3220001220703,238.01480041503908,221.3220001220703,249.14795234369348,193.49604790044714,0.2514522027297399,60.61385480051545,126105055.0,0.9353360180525674,-0.03546872955645686,0.032609363850179596,0.0034825719258648057,0.05449438609748876,0.05823192716805601,-0.015985534069886693
2023-11-24 14:30:00,233.75,238.75,232.3300018310547,235.4499969482422,65125200,235.4499969482422,0.00529435207219775,236.152001953125,222.80650024414064,237.20300018310547,222.80650024414064,250.30270723325282,195.31029325502845,0.2468169192459211,60.50169264006747,123605685.0,0.5268786787597998,-0.44786037544531354,0.03144433349985293,-0.0019640779671262066,0.027633099979975016,0.05674653428085543,-0.007390308021020307
2023-11-27 14:30:00,236.88999938964844,238.3300018310547,232.10000610351562,236.0800018310547,112031800,236.0800018310547,0.0026757481035388775,236.50800170898438,224.24550018310546,236.4367999267578,224.24550018310546,251.3341135103131,197.15688685589782,0.2415978318859348,61.40589222640084,124463215.0,0.90011976631007,0.7202526825253512,0.03146067849821221,0.0061159586327061985,0.0268418593869425,0.05277475640887277,-0.0015090632922355556
2023-11-28 14:30:00,236.67999267578125,247.0,234.00999450683594,246.72000122070312,148549900,246.72000122070312,0.04506946504203557,238.73200073242188,226.71350021362304,236.06559997558594,226.71350021362304,252.44887109560227,200.9781293316438,0.22702989330348505,65.07001577978764,125068300.0,1.1877502132834619,0.32596191438502276,0.029739684888094628,0.002541472551986561,0.055510473048554325,0.08824574182053017,0.045133222486542175
2023-11-29 14:30:00,249.2100067138672,252.75,242.75999450683594,244.13999938964844,135401300,244.13999938964844,-0.010457205813430348,239.32000122070312,228.87850036621094,235.61839996337892,228.87850036621094,252.66026870853239,205.0967320238895,0.20781129118086722,63.12403234943557,125934950.0,1.075168569170036,-0.08851301818446189,0.030102953450197978,0.010092434666197293,0.0411517783787178,0.06667947840893199,0.03616695227365092
2023-11-30 14:30:00,245.13999938964844,245.22000122070312,236.91000366210938,240.0800018310547,132353200,240.0800018310547,-0.016629792613843564,240.49400024414064,230.5995002746582,235.1682000732422,230.5995002746582,252.18705825672535,209.01194229259104,0.18722987652926432,69.83918528590624,126469525.0,1.0465224725086932,-0.0225116007010272,0.030493750502342334,0.004096010496026896,0.03507660052399393,0.04111241154080832,0.0208863347862625
2023-12-01 14:30:00,233.13999938964844,240.19000244140625,231.89999389648438,238.8300018310547,121331700,238.8300018310547,-0.005206597761023168,241.1700012207031,231.61550064086913,234.83080017089844,231.61550064086913,252.71450288475242,210.51649839698584,0.18218989821927592,66.68968264282947,126236730.0,0.9611441931361815,-0.08327339270980982,0.027789138417097847,-0.02890704093833671,0.03574820510181804,0.031148611255392557,0.017030141094123177
2023-12-04 14:30:00,235.75,239.3699951171875,233.2899932861328,235.5800018310547,104099800,235.5800018310547,-0.01360800559009756,241.07000122070312,232.39650039672853,234.64480010986327,232.39650039672853,252.82462869879322,211.96837209466383,0.17580409573458672,58.90739883233463,125464980.0,0.8297120040986736,-0.14202306569511514,0.02808667209239022,-0.012896209887539346,0.026061991538563322,0.013698577340414094,0.003985605991496709
2023-12-05 14:30:00,233.8699951171875,246.66000366210938,233.6999969482422,238.72000122070312,137971100,238.72000122070312,0.013328802806870987,239.47000122070312,233.36900024414064,234.47940002441408,233.36900024414064,253.00238570040526,213.73561478787602,0.16826044106736554,51.16818093496929,126496745.0,1.0907086976823,0.3253733436567601,0.02811364919864476,-0.007258709145836209,0.05545574190459855,0.022929356388228517,0.018085175908192856
2023-12-06 14:30:00,242.9199981689453,246.57000732421875,239.1699981689453,239.3699951171875,126436200,239.3699951171875,0.002722829646282676,238.51600036621093,234.22850036621094,234.38440002441405,234.22850036621094,253.2963841179544,215.16061661446747,0.16281437760077244,46.61727168331678,126973550.0,0.9957680162522037,-0.08360374020356443,0.028041914635259502,0.017593820906356215,0.030940373842567856,0.02195076492799959,0.02127101928393758
2023-12-07 14:30:00,241.5500030517578,244.0800018310547,236.97999572753906,242.63999938964844,107142300,242.63999938964844,0.01366087788429815,239.0279998779297,235.25500030517577,234.42720001220704,235.25500030517577,253.77864745743784,216.7313531529137,0.1574771811713499,59.986765159028565,127001425.0,0.8436306915453902,-0.15259791104129983,0.028100038211027707,0.009107273171405856,0.029960360500970947,0.03139146489933371,0.03503347468644315
2023-12-08 14:30:00,240.27000427246094,245.27000427246094,239.27000427246094,243.83999633789062,103126800,243.83999633789062,0.0049455858525417895,240.02999877929688,236.94800033569337,234.3763998413086,236.94800033569337,251.51109328051504,222.3849073908717,0.12292226922522731,60.414846077705924,125052240.0,0.8246697540164014,-0.037478194886613414,0.02438176005466218,-0.009767536775260184,0.02507627321796549,0.029086533722306598,0.04037777055620631
2023-12-11 14:30:00,242.74000549316406,243.44000244140625,237.4499969482422,239.74000549316406,97913900,239.74000549316406,-0.01681426716823431,240.86199951171875,238.20250091552734,234.16679992675782,238.20250091552734,248.32299839766176,228.0820034333929,0.08497389778223538,54.25926210822007,123398235.0,0.7934789342813534,-0.05054845103309713,0.02472439428138764,-0.004511117377160301,0.02522638690313281,0.006454611398819707,0.023800152575640183
2023-12-12 14:30:00,238.5500030517578,238.99000549316406,233.8699951171875,237.00999450683594,95328300,237.00999450683594,-0.011387381846063915,240.5199981689453,238.86750030517578,233.87499969482423,238.86750030517578,246.3937551044619,231.34124550588967,0.06301614735927329,45.418757674443434,121142270.0,0.7869119507171196,-0.02640687379422124,0.023445328712319077,-0.004963720756401591,0.021892549206284584,-0.007776301907822139,0.013404574307225926
2023-12-13 14:30:00,234.19000244140625,240.3000030517578,228.1999969482422,239.2899932861328,146286300,239.2899932861328,0.009619842336358264,240.50399780273438,238.96149978637695,233.73019958496093,238.96149978637695,246.45801005516944,231.46498951758446,0.06274241060165846,56.1920867050604,120968005.0,1.209297450181145,0.5345526984116993,0.019164284496876995,-0.011898198940080361,0.0530236909085499,0.0013746712338578663,0.023787228655280802
2023-12-14 14:30:00,241.22000122070312,253.8800048828125,240.7899932861328,251.0500030517578,160829200,251.0500030517578,0.04914543063053567,242.18599853515624,239.37200012207032,233.5279995727539,239.37200012207032,248.48714517889417,230.25685506524647,0.07615882435853386,65.13388001276599,121491765.0,1.3237868426720116,0.09941395742458448,0.02152830047226127,0.008065560569691233,0.05436277238117913,0.048786002221363284,0.07503170288385505
2023-12-15 14:30:00,251.2100067138672,254.1300048828125,248.3000030517578,253.5,135932800,253.5,0.009758999874367902,244.1179992675781,240.36750030517578,233.39699981689452,240.36750030517578,251.0397099632425,229.69529064710906,0.08879910673878166,66.32308655330668,121447565.0,1.1192715144185887,-0.1548002477162107,0.01940644332905053,0.0006373378218059125,0.023479668785342026,0.054635088679421774,0.08613221334840104
2023-12-18 14:30:00,253.77999877929688,258.739990234375,251.36000061035156,252.0800018310547,116416500,252.0800018310547,-0.005601570686174839,246.58599853515625,241.25650024414062,233.22799987792968,241.25650024414062,252.73249836769472,229.78050212058653,0.09513524495249581,56.071591169537456,120141750.0,0.9689928771638502,-0.14357314790837827,0.0195311814548776,0.001104531673754931,0.029360238725745426,0.04486304649185067,0.08083078345221008
2023-12-19 14:30:00,253.47999572753906,258.3399963378906,253.00999450683594,257.2200012207031,106737400,257.2200012207031,0.0203903496997484,250.62799987792968,242.3375,233.17899963378906,242.3375,255.5167041884859,229.1582958115141,0.10876735287345869,64.00428553084416,119662615.0,0.8919861896716865,-0.08314199447672799,0.01987827974257268,0.005553768193887344,0.021066368707860193,0.061412291620996005,0.1031010580912981
2023-12-20 14:30:00,256.4100036621094,259.8399963378906,247.0,247.13999938964844,125097000,247.13999938964844,-0.03918825045959673,252.1980010986328,242.6345001220703,232.84939971923828,242.6345001220703,255.97253568478536,229.29646455935526,0.10994343801895143,56.69574866760558,119803065.0,1.0441886440885297,0.17200718773363421,0.021591470003781563,-0.00314904577696019,0.05198379084166245,0.018569079274840954,0.06137271424208638
2023-12-21 14:30:00,251.89999389648438,254.8000030517578,248.5500030517578,254.5,109594200,254.5,0.029780693649462897,252.88800048828125,243.64899978637695,232.67959991455078,243.64899978637695,257.37008591788253,229.92791365487133,0.11262994014780095,63.31803304540572,119385245.0,0.9179878133181366,-0.12392623324300345,0.021229536405945548,0.019260316090440648,0.02514584559750943,0.044535377625751944,0.09377874164070482
2023-12-22 14:30:00,256.760009765625,258.2200012207031,251.3699951171875,252.5399932861328,93370100,252.5399932861328,-0.007701401626197146,252.6959991455078,244.50349960327148,232.5529998779297,244.50349960327148,258.20326288294314,230.80373632359982,0.11206189933396236,64.73756424787229,120797490.0,0.7729473518034191,-0.1480379436138044,0.021398131705101884,0.008880195542730845,0.0272506911587526,0.03286862435875664,0.0859459711063481
2023-12-26 14:30:00,254.49000549316406,257.9700012207031,252.91000366210938,256.6099853515625,86892400,256.6099853515625,0.01611622781987765,253.60199584960938,245.52999877929688,232.6627996826172,245.52999877929688,259.64258638493885,231.4174111736549,0.11495611677437073,65.29842975659531,119540520.0,0.7268865820560259,-0.06937659914683614,0.02157377118665064,0.007721597603837138,0.020007107213338877,0.04512681394270381,0.10292657744002237
2023-12-27 14:30:00,258.3500061035156,263.3399963378906,257.5199890136719,261.44000244140625,106494400,261.44000244140625,0.018822405072142834,254.44599609375,246.26599884033203,232.8131997680664,246.26599884033203,262.07347576090604,230.458521919758,0.12837725869597522,67.6137260365256,117437745.0,0.9068157771592089,0.225589349586385,0.019685065283241498,0.006780799077515438,0.022600215798820038,0.061616315985676816,0.12296039357673233
2023-12-28 14:30:00,263.6600036621094,265.1300048828125,252.7100067138672,253.17999267578125,113619900,253.17999267578125,-0.03159428430420175,255.65399475097655,246.71799850463867,232.7797994995117,246.71799850463867,262.78437342400264,230.6516235852747,0.13024080137438285,57.79123937451625,116348675.0,0.9765465743378685,0.06690962153878521,0.020975488945315472,0.008491436658399933,0.049147235324986355,0.02619182309482412,0.08763730023022179
2023-12-29 14:30:00,255.10000610351562,255.19000244140625,247.42999267578125,248.47999572753906,100891600,248.47999572753906,-0.018563856087399966,254.4499938964844,247.13799819946288,232.89579956054686,247.13799819946288,262.91021597221226,231.3657804267135,0.1276389538448859,53.261173347621195,114775595.0,0.8790335610980714,-0.11202527022114961,0.02107027835679581,0.00758359065991884,0.031362445925435134,0.005430154560825824,0.06691488724312829
2024-01-02 14:30:00,250.0800018310547,251.25,244.41000366210938,248.4199981689453,104654200,248.4199981689453,-0.0002414583049958896,253.62599487304686,247.61749801635742,233.46199951171874,247.61749801635742,262.9017924856459,232.33320354706893,0.1234508432702023,56.467949283542254,113941720.0,0.9184888555307047,0.03729349123217385,0.02101091748912916,0.006439174706321424,0.0279857462272565,0.0032408862823373,0.06407037842779953
2024-01-03 14:30:00,244.97999572753906,245.67999267578125,236.32000732421875,238.4499969482422,121082600,238.4499969482422,-0.04013364984377277,249.9939971923828,247.7609977722168,233.99119934082032,247.7609977722168,262.6173328773263,232.9046626671073,0.11992472777146246,50.96852429459428,114790860.0,1.054810461390393,0.15697793304043217,0.022819307856746286,-0.013847526232838853,0.03960724890601872,-0.03758057526283791,0.01905540729729498
2024-01-04 14:30:00,239.25,242.6999969482422,237.72999572753906,237.92999267578125,102629300,237.92999267578125,-0.0021807686270334248,245.2919952392578,247.72149734497071,234.50819915771484,247.72149734497071,262.6828765909481,232.76011809899333,0.12079193292734347,49.06310278023926,113023770.0,0.9080328854717906,-0.15240257477127184,0.02263583018555765,0.003355013889689672,0.0209060754217958,-0.039526261443325855,0.014591359834566529
2024-01-05 14:30:00,236.86000061035156,240.1199951171875,234.89999389648438,237.49000549316406,92488900,237.49000549316406,-0.001849229589212631,242.15399780273438,247.62749786376952,234.92759918212892,247.62749786376952,262.8314637278246,232.42353199971447,0.12279707217668868,38.93242295383806,111326405.0,0.8307903232840403,-0.09880609143782526,0.02263079828830352,-0.0044970877920705345,0.02222222799632542,-0.040938475969185484,0.010907217031782747
2024-01-08 14:30:00,236.13999938964844,241.25,235.3000030517578,240.4499969482422,85166600,240.4499969482422,0.012463646412957496,240.547998046875,247.51799774169922,235.48819915771483,247.51799774169922,262.903666523197,232.13232896020145,0.124319596327324,39.436617978691054,110227620.0,0.7726430090752209,-0.07916950034004078,0.022593895043560845,-0.0056844754401864026,0.025286854530696266,-0.028555502460200652,0.021070260880479464
2024-01-09 14:30:00,238.11000061035156,238.9600067138672,232.0399932861328,234.9600067138672,96705700,234.9600067138672,-0.02283214932024613,237.8559997558594,247.07399826049806,236.07219940185547,247.07399826049806,263.39090619673874,230.75709032425738,0.1320811420960391,36.99878791811611,109906565.0,0.8798901139345042,0.13548856006932297,0.023108170440196408,-0.009731737856475492,0.02982250313721212,-0.04902981144077614,-0.0047112395733436025
2024-01-10 14:30:00,235.10000610351562,235.5,231.2899932861328,233.94000244140625,91628500,233.94000244140625,-0.004341182513256769,236.9540008544922,246.78399810791015,236.60499938964844,246.78399810791015,263.8391991750545,229.7287970407658,0.13821966738448485,31.14063648828322,109592295.0,0.836085237561637,-0.05250155885330443,0.022842726483038752,0.0005958434867552922,0.018202286463206024,-0.052045496324634725,-0.011263485366399175
2024-01-11 14:30:00,230.57000732421875,230.92999267578125,225.3699951171875,227.22000122070312,105873600,227.22000122070312,-0.028725319101363445,234.81200256347657,246.29449844360352,237.20219940185547,246.29449844360352,265.0118198653586,227.57717702184848,0.15199138868334028,32.933517854168755,110119560.0,0.9614422723810375,0.15546582122374586,0.02357587385000916,-0.014405382072403652,0.02467053147737201,-0.07744589239076352,-0.04208307598464139
2024-01-12 14:30:00,220.0800018310547,225.33999633789062,217.14999389648438,218.88999938964844,123043800,218.88999938964844,-0.036660513098772496,231.09200134277344,245.2744987487793,237.56319946289062,245.2744987487793,267.49464875098977,223.05434874656888,0.18118597828606128,19.989887484115613,108957435.0,1.1292831921015762,0.1621764065829443,0.02463886995191627,-0.03142328734834052,0.03771587691275936,-0.10757131089341257,-0.0786030837918526
2024-01-16 14:30:00,215.10000610351562,223.49000549316406,212.17999267578125,219.91000366210938,115355000,219.91000366210938,0.004659894354722027,226.98400268554687,243.71749877929688,237.84819946289062,243.71749877929688,268.4551017224494,218.97989583614435,0.20300227162231088,22.05858026622262,106683725.0,1.0812802046422731,-0.0624883171683579,0.021364090668740243,-0.017314602296591014,0.05330386090956711,-0.09768479996894618,-0.0754186739327408
2024-01-17 14:30:00,214.86000061035156,215.6699981689453,212.00999450683594,215.5500030517578,103164400,215.5500030517578,-0.019826295019533036,223.102001953125,241.81999893188475,237.78899963378908,241.81999893188475,269.09041135048017,214.5495865132893,0.22554306954799788,15.013653077903811,105045305.0,0.9820943449114646,-0.10567899094100819,0.021211430284009136,-0.02296395328844211,0.017263354355642718,-0.1086345049878468,-0.09352407645551646
2024-01-18 14:30:00,216.8800048828125,217.4499969482422,208.74000549316406,211.8800048828125,108595400,211.8800048828125,-0.017026203279914,218.69000244140625,239.80999908447265,237.62739959716797,239.80999908447265,269.69677389406604,209.92322427487923,0.2492537836094636,6.919326299928642,104654250.0,1.037658766844156,0.05264412917634376,0.021301044846570933,0.00617027052760156,0.04172650774105381,-0.11646717946828339,-0.10835196091866134
2024-01-19 14:30:00,209.99000549316406,213.19000244140625,207.55999755859375,212.19000244140625,102260300,212.19000244140625,0.0014630807600990448,215.6840026855469,237.55849914550782,237.48579956054687,237.55849914550782,268.68189605165395,206.4351022393617,0.26202722292063835,8.654418586611285,104430395.0,0.9792196993988197,-0.05833672512832033,0.020352479233749894,-0.00892014039122647,0.027124710681417124,-0.1067884196749493,-0.10651498812118014
2024-01-22 14:30:00,212.25999450683594,217.8000030517578,206.27000427246094,208.8000030517578,117952500,208.8000030517578,-0.015976244642273096,213.66600341796874,235.6414993286133,237.2181997680664,235.6414993286133,268.92785152106416,202.3551471361624,0.2825168935632299,8.889339268222813,104073170.0,1.133361268807321,0.15345349074860914,0.01919181230050406,0.00032985562290577274,0.05589760285294299,-0.11390818830015903,-0.11979770837184373
2024-01-23 14:30:00,211.3000030517578,215.64999389648438,207.75,209.13999938964844,106605900,209.13999938964844,0.0016283349277841364,211.51200256347656,233.3734992980957,236.95879974365235,233.3734992980957,267.4221359336131,199.3248626625783,0.29179522728950424,9.538507869565265,103923755.0,1.0258087768287434,-0.09619635022572648,0.017185745407754822,0.011973179901631967,0.038026444748420575,-0.10383998175171132,-0.11739931323124084
2024-01-24 14:30:00,211.8800048828125,212.72999572753906,206.77000427246094,207.8300018310547,123369900,207.8300018310547,-0.006263735117226887,209.96800231933594,231.13799972534179,236.91579986572265,231.13799972534179,265.75435568230984,196.52164376837376,0.2995297700776349,11.609810933227834,105423745.0,1.1702287753105336,0.15725208454691542,0.017197217396074153,0.01310129817902104,0.028824255607329975,-0.10084018171821026,-0.12276850278095842
2024-01-25 14:30:00,189.6999969482422,193.0,180.05999755859375,182.6300048828125,198076800,182.6300048828125,-0.12125293136804816,204.11800231933594,227.4390007019043,236.2754000854492,227.4390007019043,266.1618733393501,188.71612806445847,0.34051215946203023,7.171610885553818,110982965.0,1.7847495784600818,0.605552083611967,0.02946324624091442,-0.0872347819038678,0.07186494844417296,-0.197015444496352,-0.22704604534892672
2024-01-26 14:30:00,185.5,186.77999877929688,182.10000610351562,183.25,107343200,183.25,0.0033948152034783963,198.3300018310547,223.52950057983398,235.4661999511719,223.52950057983398,263.5646297588547,183.49437140081324,0.35820890822168794,8.109340084222694,111025405.0,0.9668345726818109,-0.45807282831709717,0.02868359789093355,0.015714806113207296,0.025700123662384094,-0.18019769415378836,-0.22175666809928493
2024-01-29 14:30:00,185.6300048828125,191.47999572753906,183.6699981689453,190.92999267578125,125013100,190.92999267578125,0.04190991910385411,194.75599975585936,220.417000579834,234.5365997314453,220.417000579834,260.42536301850345,180.40863814116454,0.36302428881095866,14.353569505609357,111595065.0,1.1202386055333182,0.1646112655482601,0.03132833532337508,0.012987748337312414,0.042521901434386,-0.1337782831019547,-0.1859266617900811
2024-01-30 14:30:00,195.3300018310547,196.36000061035156,190.61000061035156,191.58999633789062,109982300,191.58999633789062,0.0034567835721344142,191.24599914550782,217.57250061035157,233.5115997314453,217.57250061035157,257.2682353255199,177.87676589518318,0.36489661702476883,16.447456801187826,112049600.0,0.9815501349402408,-0.12023379949781265,0.03152797497986178,0.02304514389598865,0.030166308071916198,-0.11941998276240227,-0.1795268562322705
2024-01-31 14:30:00,187.0,193.97000122070312,185.85000610351562,187.2899932861328,103221400,187.2899932861328,-0.02244377647032403,187.13799743652345,214.51600036621093,232.58559967041015,214.51600036621093,253.62027985635615,175.41172087606571,0.3645814710640545,15.653057634013251,111977960.0,0.9218010401332548,-0.061472618775930354,0.031467536563303714,-0.02395739039420225,0.04369112106816282,-0.1269183046187662,-0.19474811187134689
2024-02-01 14:30:00,188.5,189.8800048828125,184.27999877929688,188.86000061035156,91843300,188.86000061035156,0.008382761388752824,188.38399658203124,212.0365005493164,231.67679962158203,212.0365005493164,251.0395313299337,173.0334697686991,0.36788978010458917,19.439130044718766,110515995.0,0.831040791878135,-0.11023004919522505,0.031177185731454133,0.006460605249841599,0.030388572501687923,-0.10930429373679625,-0.18481263156762737
2024-02-02 14:30:00,185.0399932861328,188.69000244140625,182.0,187.91000366210938,110612700,187.91000366210938,-0.0050301649114266045,189.3159973144531,209.5355010986328,230.7229995727539,209.5355010986328,247.95804903011688,171.11295316714873,0.3667402204402372,22.029612195791955,110915165.0,0.9972730059050086,0.20436330140576398,0.03114076707249976,-0.02022666161110545,0.036758255172561816,-0.10320684238774341,-0.1855601565076927
2024-02-05 14:30:00,184.25999450683594,184.67999267578125,175.00999450683594,181.05999755859375,134294400,181.05999755859375,-0.03645365318513305,187.3419982910156,206.7140007019043,229.52019958496095,206.7140007019043,244.77923721555075,168.64876418825784,0.36828890529325226,18.26497996489057,113005440.0,1.1883888067689485,0.2140956689421738,0.03154998662472588,-0.01942424077558269,0.05525397675826794,-0.12410384906780152,-0.21113698103259448
2024-02-06 14:30:00,177.2100067138672,186.49000549316406,177.11000061035156,185.10000610351562,122676000,185.10000610351562,0.0223130928940527,186.04400024414062,203.94650115966797,228.5379995727539,203.94650115966797,239.66008943884708,168.23291288048887,0.3502250646724186,24.99589649082931,114880910.0,1.067853658192645,-0.08651440417470868,0.03204099265265415,-0.021263619223681075,0.05296146378232391,-0.09240901387858372,-0.19006901937727871
2024-02-07 14:30:00,188.17999267578125,189.7899932861328,182.67999267578125,187.5800018310547,111535200,187.5800018310547,0.01339813963135228,186.102001953125,201.57750091552734,227.58059967041015,201.57750091552734,234.83002237847577,168.3249794525789,0.3299229458835604,29.64823760977319,115622385.0,0.9646505735027002,-0.09081482930646578,0.03244659053238644,0.016639581149139285,0.038920521652145705,-0.0694397887705653,-0.17576453308096415
2024-02-08 14:30:00,189.0,191.6199951171875,185.5800018310547,189.55999755859375,83034000,189.55999755859375,0.010555473441792307,186.24200134277345,199.3585006713867,226.65019958496094,199.3585006713867,229.27356645000216,169.44343489277125,0.30011327009251604,31.562647316819934,115192660.0,0.7208271777038572,-0.2555354722096701,0.03276889141442652,0.007570093587184439,0.03254657412726725,-0.04915016455177076,-0.16364513287121
2024-02-09 14:30:00,190.17999267578125,194.1199951171875,189.47999572753906,193.57000732421875,84476300,193.57000732421875,0.021154303741671487,187.3740020751953,197.6760009765625,225.58719970703126,197.6760009765625,224.63193128968726,170.72007066343775,0.2727284058758431,37.715765141189934,114122795.0,0.7402228450503687,0.0173699930149096,0.0331585185342234,0.0032707065054474746,0.02448806995077454,-0.020771331026828006,-0.14192823185177636
2024-02-12 14:30:00,192.11000061035156,194.72999572753906,187.27999877929688,188.1300048828125,95498600,188.1300048828125,-0.028103539988478476,188.78800354003906,196.13800125122071,224.46699981689454,196.13800125122071,221.45801122925616,170.81799127318527,0.25818566332390275,34.34193555283592,112745535.0,0.8470277780845157,0.13047801572748807,0.032814939973040705,-0.007542525487544975,0.03977999250748478,-0.040828377557244916,-0.16188123405098914
2024-02-13 14:30:00,183.99000549316406,187.25999450683594,182.11000061035156,184.02000427246094,86759500,184.02000427246094,-0.021846598116614713,188.57200317382814,194.34350128173827,223.34579986572265,194.34350128173827,217.57040015923798,171.11660240423856,0.23902933439310484,32.96609488611256,111315760.0,0.7793999699593301,-0.09151024203496172,0.032854355765293664,-0.02200605582414816,0.028279577613661473,-0.053119846772295407,-0.17607582330585447
2024-02-14 14:30:00,185.3000030517578,188.88999938964844,183.35000610351562,188.7100067138672,81203000,188.7100067138672,0.025486372853585015,188.79800415039062,193.00150146484376,222.3433999633789,193.00150146484376,214.0706768690616,171.9323260606259,0.21833172534210266,56.15633794155991,110217690.0,0.7367510605602422,-0.06404485964073103,0.03357421744329558,0.006955758882614209,0.030215397336856627,-0.022235551114395277,-0.15126778332548355
2024-02-15 14:30:00,189.16000366210938,200.8800048828125,188.86000061035156,200.4499969482422,120831800,200.4499969482422,0.06221180550417671,190.97600402832032,192.43000106811525,221.64079986572267,192.43000106811525,211.90264402451243,172.95735811171807,0.20238676763821634,64.21486992579187,110829510.0,1.090249338826816,0.4880213785204981,0.036738484219067155,0.0023845950518379152,0.06364505047980028,0.04167747147331809,-0.09560876395644922
2024-02-16 14:30:00,202.05999755859375,203.1699981689453,197.39999389648438,199.9499969482422,111346700,199.9499969482422,-0.0024943876658132247,192.252001953125,191.81800079345703,220.86539978027344,191.81800079345703,209.34827511593198,174.28772647098208,0.18278028391455234,58.45836501514861,111283830.0,1.0005649517993764,-0.07849837542766058,0.03672893518281958,0.0080319313288255,0.029230012415738475,0.04239433275890206,-0.09469750740876029
2024-02-20 14:30:00,196.1300048828125,198.60000610351562,189.1300048828125,193.75999450683594,104545800,193.75999450683594,-0.030957752117438453,193.37799987792968,191.06600036621094,219.9531997680664,191.06600036621094,206.7187976994009,175.41320303302098,0.16384701938794635,51.84366812340298,110613495.0,0.9451450747487908,-0.061078595054905094,0.037172658196795015,-0.019104736802864303,0.0500713846360384,0.014099809152133241,-0.11908535674339073
2024-02-21 14:30:00,193.36000061035156,199.44000244140625,191.9499969482422,194.77000427246094,103500300,194.77000427246094,0.00521268473502845,195.5279998779297,190.34750061035157,218.99579986572266,190.34750061035157,203.64984050690245,177.0451607138007,0.13976899989647104,56.73146796836851,110458215.0,0.9370086235777031,-0.010000401737802922,0.03720501548680755,-0.0020643781369959887,0.03902060751365202,0.02323384151579901,-0.11062219279144064
2024-02-22 14:30:00,194.0,198.32000732421875,191.36000061035156,197.41000366210938,92739500,197.41000366210938,0.013554445406056326,197.26799926757812,189.8265007019043,218.06720001220702,189.8265007019043,200.87029347401375,178.78270792979487,0.11635670184377635,57.54900230511909,108926695.0,0.8513936826964226,-0.10396878076681904,0.037373364169201805,-0.0039534027600255615,0.03637127242719442,0.039949653668819855,-0.09472858068036502
2024-02-23 14:30:00,195.30999755859375,197.57000732421875,191.5,191.97000122070312,78841900,191.97000122070312,-0.027556873210526134,195.5720001220703,190.29350051879882,217.1117999267578,190.29350051879882,200.8344354627356,179.75256557486205,0.11078607430310476,53.32133168828744,102964950.0,0.7657159062379966,-0.14985631796591525,0.025658289250743618,-0.010637789699401629,0.03169716618390992,0.00881007862766539,-0.11580116195681772
2024-02-26 14:30:00,192.2899932861328,201.77999877929688,192.0,199.39999389648438,111747100,199.39999389648438,0.03870392576202142,195.46199951171874,191.10100021362305,216.35959991455078,191.10100021362305,201.84250777247505,180.35949265477106,0.11241707313770785,64.86223072075876,103185145.0,1.0829766242030285,0.41735676080865636,0.026886214258427563,0.0016668857810851426,0.050937493642171226,0.04342726450193488,-0.0783861960586193
2024-02-27 14:30:00,204.0399932861328,205.60000610351562,198.25999450683594,199.72999572753906,108645400,199.72999572753906,0.0016549741281637331,196.65599975585937,191.54100036621094,215.5683999633789,191.54100036621094,202.9530276720686,180.12897306035327,0.11916015144578745,62.61423369389751,102366760.0,1.0613347535860274,-0.02775642499894848,0.02541023396501225,0.0232698070796192,0.037022151720208014,0.042753224352339324,-0.07347275499809108
2024-02-28 14:30:00,200.4199981689453,205.3000030517578,198.44000244140625,202.0399932861328,99806200,202.0399932861328,0.01156560160219966,198.10999755859376,192.06350021362306,214.5881997680664,192.06350021362306,204.4041013612872,179.72289906595893,0.1285054279854139,62.50431479020355,101857955.0,0.9798567033865936,-0.08135825354778026,0.025489864253511633,0.0034546760935573956,0.03456964586753181,0.051943722057618325,-0.05847575260660224
2024-02-29 14:30:00,204.17999267578125,205.27999877929688,198.4499969482422,201.8800048828125,85907000,201.8800048828125,-0.0007918650199801869,199.00399780273438,192.79300079345703,213.55579986572266,192.79300079345703,205.65922379357048,179.92677779334358,0.13347188899141926,61.00000653948103,100992235.0,0.8506297538617696,-0.1392618895419323,0.024804481198677928,0.010591959318755917,0.03441673941086541,0.047133475032584624,-0.054673275042174195
2024-03-01 14:30:00,200.52000427246094,204.52000427246094,198.5,202.63999938964844,82243100,202.63999938964844,0.003764585340074067,201.13799743652345,193.48200073242188,212.56699981689454,193.48200073242188,206.9243847664845,180.03961669835925,0.1389522951300563,58.59715136404935,100512225.0,0.8182397713312982,-0.04264960946139429,0.024783490551629084,-0.006736678113025691,0.030327477443128147,0.04733256128507641,-0.046700571752893105
2024-03-04 14:30:00,198.72999572753906,199.75,186.72000122070312,188.13999938964844,134334900,188.13999938964844,-0.07155546804023882,198.88599853515626,193.49350051879884,211.18539978027343,193.49350051879884,206.91619302898425,180.07080800861343,0.13874050006016955,50.008084864664305,101698335.0,1.3209154309163469,0.6333880896999262,0.029957572002705095,-0.019295320143536833,0.06978362625381204,-0.027667601830534266,-0.10912402284723488
2024-03-05 14:30:00,183.0500030517578,184.58999633789062,177.57000732421875,180.74000549316406,119660800,180.74000549316406,-0.03933237971984138,195.08800048828124,193.47750091552734,209.85739990234376,193.47750091552734,206.9632104850606,179.99179134599407,0.13940338804997443,47.480798763920426,100966655.0,1.185151672104023,-0.109235202467862,0.030150713305138844,-0.02705430187309057,0.03953364151669109,-0.06583450459143823,-0.13874847597811346
2024-03-06 14:30:00,179.99000549316406,181.5800018310547,173.6999969482422,176.5399932861328,107920900,176.5399932861328,-0.02323786698783792,189.98800048828124,193.04950027465821,208.2981997680664,193.04950027465821,208.10650617482852,177.9924943744879,0.1559911409120271,40.581940731364014,100228900.0,1.0767443322235404,-0.09810982376851907,0.03012449711702393,-0.004149607044403716,0.04536560173435423,-0.085519553094086,-0.15246510299798738
2024-03-07 14:30:00,174.35000610351562,180.0399932861328,173.6999969482422,178.64999389648438,102129000,178.64999389648438,0.011951969472048907,185.3419982910156,192.60299987792968,206.82039978027345,192.60299987792968,208.8272954694462,176.37870428641315,0.16847396563708103,30.17460463275522,99758590.0,1.0237614625467342,-0.05366801055217296,0.030087479264011317,-0.012405048521032263,0.03649969170569283,-0.07244438555104858,-0.13620709520781019
2024-03-08 14:30:00,181.5,182.72999572753906,174.6999969482422,175.33999633789062,85544600,175.33999633789062,-0.018527834714126334,179.88199768066406,191.89199981689453,205.195,191.89199981689453,209.83326599128384,173.9507336425052,0.186993373267349,28.70738581980686,99884120.0,0.8564384408652747,-0.16238678534010909,0.030151314027926913,0.01595301539818138,0.045964504405091075,-0.08625687102535805,-0.1454957657940465
2024-03-11 13:30:00,175.4499969482422,182.8699951171875,174.8000030517578,177.77000427246094,85391500,177.77000427246094,0.013858834181150304,177.80799865722656,191.10199966430665,203.5216000366211,191.10199966430665,210.09288914685334,172.11111018175995,0.19875134238162284,35.20267388891557,99929880.0,0.8545141853467652,-0.0017897096952934621,0.029880807798608956,0.0006273560662085607,0.04616700185663146,-0.06976376707342122,-0.12653003789045728
2024-03-12 13:30:00,177.77000427246094,179.42999267578125,172.41000366210938,177.5399932861328,87391700,177.5399932861328,-0.0012938683737420131,177.16799621582032,190.57249908447267,202.00880004882814,190.57249908447267,210.48067668272262,170.66432148622272,0.20893022544061304,33.82158592833039,99524535.0,0.8780920202239578,0.023423877083784683,0.02933046688111511,0.0,0.0407168311847479,-0.06838607805926447,-0.12112742987820777
2024-03-13 13:30:00,173.0500030517578,176.0500030517578,169.14999389648438,169.47999572753906,106524500,169.47999572753906,-0.04539820808488959,175.75599670410156,189.84549865722656,200.42880004882812,189.84549865722656,211.72546647098585,167.96553084346726,0.23050288754293224,26.197367644240032,100512785.0,1.0598104509789477,0.218931546130811,0.03059442077737597,-0.02529002142710851,0.04079225187259583,-0.10727408905521749,-0.15441296018211637
2024-03-14 13:30:00,167.77000427246094,171.1699981689453,160.50999450683594,162.5,126325700,162.5,-0.04118477639544138,172.5259979248047,188.5349983215332,198.7104000854492,188.5349983215332,213.6080303512903,163.46196629177612,0.2659774816662611,25.52731655618129,102768920.0,1.2292208578235522,0.18588399851677306,0.030882479617606113,-0.010089635934539182,0.06641333267041746,-0.13809106295019213,-0.18222700004568484
2024-03-15 13:30:00,163.16000366210938,165.17999267578125,160.75999450683594,163.57000732421875,97146800,163.57000732421875,0.006584660456730784,170.1720001220703,186.69099884033204,197.21280029296875,186.69099884033204,213.44286977745347,159.93912790321062,0.28658983136086846,16.731678262589412,101584670.0,0.9563135855045845,-0.23098150257627703,0.02651830963270379,0.004061560997596154,0.02749439114192905,-0.12384631106873867,-0.17059132530328697
2024-03-18 13:30:00,170.02000427246094,174.72000122070312,165.89999389648438,173.8000030517578,108214400,173.8000030517578,0.06254200201423088,169.37799987792968,185.3834991455078,195.93020050048827,185.3834991455078,211.96241035871975,158.80458793229587,0.28674516702643643,29.662750842524503,101428055.0,1.0669079674257778,0.11392655239287341,0.03105709204186602,0.03943263837762987,0.05316460306636368,-0.06248396511632405,-0.11294939418323775
2024-03-19 13:30:00,172.36000061035156,172.82000732421875,167.4199981689453,171.32000732421875,77271400,171.32000732421875,-0.014269250195585559,168.13400268554688,184.26149978637696,194.60680053710936,184.26149978637696,211.2430586056515,157.27994096710242,0.2928615999604424,25.969972745682156,100064335.0,0.7722171940681962,-0.2859416122068782,0.030586641658836664,-0.008285399402308501,0.032254266003660034,-0.07023438144789819,-0.11966073718194695
2024-03-20 13:30:00,173.0,176.25,170.82000732421875,175.66000366210938,83846700,175.66000366210938,0.025332688257929448,169.37000427246093,183.30599975585938,193.31100067138672,183.30599975585938,210.0732968310738,156.53870268064495,0.2920504196356378,30.748899507551187,99081655.0,0.8462383879235768,0.08509357925442007,0.03128688737302067,0.009806167429131069,0.031787802616557954,-0.04171165212231737,-0.09130880781731937
2024-03-21 13:30:00,176.38999938964844,178.17999267578125,171.8000030517578,172.82000732421875,73178000,172.82000732421875,-0.016167575308454918,171.4340057373047,182.07649993896484,192.06820068359374,182.07649993896484,208.37086047293624,155.78213940499344,0.28882761413785657,28.754639004008638,98103580.0,0.7459258877198977,-0.12724054733221457,0.03108029789036329,0.004155731027668912,0.03713614383406822,-0.0508384806268191,-0.10021540937473443
2024-03-22 13:30:00,166.69000244140625,171.1999969482422,166.3000030517578,170.8300018310547,75580600,170.8300018310547,-0.01151490226146512,172.88600463867186,181.0194999694824,190.80600067138673,181.0194999694824,207.33889847424547,154.70010146471935,0.2907907546888614,34.99220259391416,97940515.0,0.7716990256790053,0.032832271994315265,0.03070397402111216,-0.03547045841348862,0.02946478536719775,-0.05628950549606834,-0.10469271810133192
2024-03-25 13:30:00,168.75999450683594,175.24000549316406,168.72999572753906,172.6300048828125,74228600,172.6300048828125,0.010536808713131895,172.65200500488282,179.68100051879884,189.7142007446289,179.68100051879884,204.7580836156428,154.6039174219549,0.2791289343273698,42.21240916746008,96064590.0,0.7726947046773426,-0.0178881882387808,0.02918456045856701,-0.012117352350472487,0.03858240935498629,-0.039241742953499636,-0.09005227755624444
2024-03-26 13:30:00,178.5800018310547,184.25,177.3800048828125,177.6699981689453,113186200,177.6699981689453,0.029195349264770964,173.92200317382813,178.57800064086913,188.88980072021485,178.57800064086913,201.81515422153925,155.34084706019902,0.2602465420967658,51.067855608203004,96291630.0,1.1754521135429943,0.5248327464077189,0.030234052634325086,0.03446676000664694,0.03873038069722806,-0.005084626710262418,-0.05939866794548851
2024-03-27 13:30:00,181.41000366210938,181.91000366210938,176.0,179.8300018310547,81804000,179.8300018310547,0.012157391142962881,174.7560028076172,177.46750106811524,188.08820068359375,177.46750106811524,197.94225280157528,156.9927493346552,0.23074367543611785,51.1140556882344,95391520.0,0.8575605043299447,-0.2772617156508479,0.030251811784167883,0.02105029285590308,0.033579566261985085,0.013312300836606004,-0.04390599103253264
2024-03-28 13:30:00,177.4499969482422,179.57000732421875,175.3000030517578,175.7899932861328,77654800,175.7899932861328,-0.022465709302040393,175.35,176.16300048828126,187.29300048828125,176.16300048828126,193.10924790830205,159.21675306826046,0.1923928108972928,50.4190694727975,94978910.0,0.8176004546693576,-0.050721236125372826,0.030466716433449403,-0.013234748699210095,0.024358266960213384,-0.002117398097867074,-0.061417176147317745
2024-04-01 13:30:00,176.1699981689453,176.75,170.2100067138672,175.22000122070312,81562100,175.22000122070312,-0.003242460249155976,176.22799987792968,174.792000579834,186.55980041503906,174.792000579834,186.2751474483087,163.3088537113593,0.13139213271067202,47.54003187182029,94944860.0,0.859047030034064,0.05031627149899287,0.030383231625100836,0.002161698033596072,0.03842308341557684,0.002448628309358159,-0.06078372280152701
2024-04-02 13:30:00,164.75,167.69000244140625,163.42999267578125,166.6300048828125,116650600,166.6300048828125,-0.049024062767074494,175.0279998779297,173.71650085449218,185.64860046386718,173.71650085449218,183.89038644313464,163.54261526584972,0.11713205756043035,40.93704043313777,94060645.0,1.2401637262853131,0.4302059412398651,0.028194774690725264,-0.05975345935259611,0.026066266637337323,-0.04079345333818028,-0.10244405577814347
2024-04-03 13:30:00,164.02000427246094,168.82000732421875,163.27999877929688,168.3800048828125,82950100,168.3800048828125,0.01050231020055925,173.1700012207031,173.0985008239746,184.8402005004883,173.0985008239746,182.9732196762351,163.22378197171412,0.11409363807607063,48.97922136548063,92225110.0,0.8994307515599602,-0.28890121439581107,0.02724998154008098,-0.01566344916203491,0.03392949893642651,-0.027259022572127208,-0.08905095089221303
2024-04-04 13:30:00,170.07000732421875,177.19000244140625,168.00999450683594,171.11000061035156,123162000,171.11000061035156,0.016213301154368365,171.4260009765625,172.82700119018554,184.07960052490233,172.82700119018554,182.60139163463597,163.0526107457351,0.11311184452820904,58.67419142697532,92987165.0,1.3245053766291295,0.48477217025657593,0.027149571302868863,0.010036835683562556,0.054639653798672076,-0.009934793568190914,-0.07045647577226374
2024-04-05 13:30:00,169.0800018310547,170.86000061035156,160.50999450683594,164.89999389648438,143157600,164.89999389648438,-0.036292482565110196,169.2480010986328,172.13950119018554,183.22100036621094,172.13950119018554,182.1214421599617,162.15756022040938,0.11597501910671595,51.21415632558702,95038595.0,1.5063101469460907,0.1623520241632972,0.02804694155223662,-0.011863706224392749,0.06448200397312225,-0.04205604898147528,-0.09999403143257411
2024-04-08 13:30:00,169.33999633789062,174.5,167.7899932861328,172.97999572753906,104423300,172.97999572753906,0.04899940648952894,168.8,172.02150115966796,183.02800018310546,172.02150115966796,181.89939485132265,162.14360746801327,0.11484487258934181,49.220821550446225,95982530.0,1.0879406908736413,-0.27057103499918966,0.030144336878895533,0.026925425140970304,0.039990505884487354,0.005571946305604193,-0.05489872831213881
2024-04-09 13:30:00,172.91000366210938,179.22000122070312,171.9199981689453,176.8800048828125,102951700,176.8800048828125,0.02254601255405486,170.85,171.97700119018555,182.90060028076172,171.97700119018555,181.7533516923072,162.2006506880639,0.11369369665087031,55.14433445543582,96860540.0,1.0628858769525753,-0.01409264024408341,0.030419613796051976,-0.0004046252003609253,0.04246162825446356,0.028509647561564527,-0.03291730802800703
2024-04-10 13:30:00,173.0399932861328,174.92999267578125,170.00999450683594,171.75999450683594,84532400,171.75999450683594,-0.028946236061948905,171.5259979248047,171.6880012512207,182.51720031738282,171.6880012512207,181.10713832157631,162.26886418086508,0.10972388287721006,46.4428971646554,96717575.0,0.8740128151476089,-0.17891205293356016,0.031111066710882148,-0.021709698613044434,0.028939464313361203,0.0004193260745688143,-0.05893803867164825
2024-04-11 13:30:00,172.5500030517578,175.8800048828125,168.50999450683594,174.60000610351562,94516000,174.60000610351562,0.01653476762638495,172.2239990234375,171.94400177001953,182.1774005126953,171.94400177001953,181.38873785357285,162.4992656864662,0.1098582792807853,51.62349284073253,96117150.0,0.9833416825197169,0.11810382764478478,0.029521340113465053,0.004599490976872575,0.0437363397794045,0.015446914728951046,-0.04159349286933992
2024-04-12 13:30:00,172.33999633789062,173.80999755859375,170.36000061035156,171.0500030517578,64722700,171.0500030517578,-0.020332204625772565,173.4540008544922,172.37150192260742,181.8526007080078,172.37150192260742,180.7276452685441,164.01535857667074,0.0969550448041984,50.195105607100786,93037000.0,0.6956662403129937,-0.3152196453510516,0.02826084769565138,-0.012943927185690367,0.020251214697592317,-0.007666573976033145,-0.05940304188222863
2024-04-15 13:30:00,170.24000549316406,170.69000244140625,161.3800048828125,161.47999572753906,100245300,161.47999572753906,-0.05594859487563397,171.15400085449218,172.26700134277343,181.30500061035156,172.26700134277343,181.12386983763787,163.41013284790898,0.10282722083541959,41.309429259798144,93191925.0,1.0756865468762449,0.5488429870818121,0.03114859043196002,-0.004735443111033759,0.05768990752822375,-0.06261794499905757,-0.10934615601374974
2024-04-16 13:30:00,156.74000549316406,158.19000244140625,153.75,157.11000061035156,97000000,157.11000061035156,-0.027062145360474688,167.2,171.43250122070313,180.6890005493164,171.43250122070313,182.54026366230894,160.32473877909732,0.12958759118034008,33.80593563621993,92631205.0,1.0471633182360092,-0.032373587589642594,0.027929634163563446,-0.029353420608040273,0.028878064659552845,-0.08354600503619032,-0.13049493808301463
2024-04-17 13:30:00,157.63999938964844,158.3300018310547,153.77999877929688,155.4499969482422,82439700,155.4499969482422,-0.010565868854054306,163.93800048828126,170.6390007019043,180.1768005371094,170.6390007019043,183.84905478487863,157.42894661892998,0.15483042011071624,30.644657973669027,92889620.0,0.8875017466967784,-0.15010618556701028,0.0278748125274271,0.003373424843981286,0.029587742800596062,-0.08901249826349114,-0.13723633406274435
2024-04-18 13:30:00,151.25,152.1999969482422,148.6999969482422,149.92999267578125,96098800,149.92999267578125,-0.03550983840996058,159.00399780273438,169.35250015258788,179.47340026855468,169.35250015258788,185.24325967594515,153.4617406292306,0.18766489433624636,29.941059824786777,93502225.0,1.02777019477344,0.16568594985183105,0.027770110392594364,-0.027018314768063947,0.02353732395312853,-0.1146868659116742,-0.16461162238285013
2024-04-19 13:30:00,148.97000122070312,150.94000244140625,146.22000122070312,147.0500030517578,87074500,147.0500030517578,-0.0192088959161848,154.20399780273436,168.06399993896486,178.66280029296874,168.06399993896486,186.71099911352172,149.417000764408,0.2219035508059885,28.905209307193743,94197050.0,0.9243866978849126,-0.09390647958143072,0.02782822580285793,-0.006402931381141833,0.03228013391669173,-0.12503568220938818,-0.1769411270246112
2024-04-22 13:30:00,140.55999755859375,144.44000244140625,138.8000030517578,142.0500030517578,107097600,142.0500030517578,-0.03400203941675628,150.31799926757813,166.625,177.71260040283204,166.625,188.5304816384988,144.7195183615012,0.2629315125401206,30.547652048620392,95772900.0,1.1182453491540927,0.22995366037129128,0.028439260528998703,-0.04413468451870584,0.0406340004729345,-0.14748685340280382,-0.20067568236712327
2024-04-23 13:30:00,143.3300018310547,147.25999450683594,141.11000061035156,144.67999267578125,124545100,144.67999267578125,0.018514534090260826,147.83199768066407,165.22749938964844,176.73480010986327,165.22749938964844,189.0060886148455,141.44891016445138,0.2878284706000556,31.501715719785295,98288725.0,1.2671351673348088,0.1629121474244053,0.028778611381091713,0.009010902863764743,0.04358297689662984,-0.12435887966452212,-0.18137235798584014
2024-04-24 13:30:00,162.83999633789062,167.97000122070312,157.50999450683594,162.1300048828125,181178000,162.1300048828125,0.12061109407252757,149.16799926757812,164.45049972534179,176.2148001098633,164.45049972534179,187.52226569292327,141.3787337577603,0.28059222691466384,44.300589839604605,101688315.0,1.781699303405706,0.4547180097811958,0.040097249882506264,0.12551841706824524,0.06640852694216318,-0.01411059769599288,-0.0799296949987711
2024-04-25 13:30:00,158.9600067138672,170.8800048828125,158.36000061035156,170.17999267578125,126427500,170.17999267578125,0.04965143743002587,153.21799926757814,163.96799926757814,175.93799987792968,163.96799926757814,186.0687122768584,141.86728625829787,0.26957349126660113,53.27461988366077,103919490.0,1.2165908435462875,-0.30219176721235474,0.041727236664827784,-0.019552199305961818,0.07906039545470006,0.0378854010291716,-0.032727479033201966
2024-04-26 13:30:00,168.85000610351562,172.1199951171875,166.3699951171875,168.2899932861328,109815700,168.2899932861328,-0.011105884774887609,157.46599731445312,163.59299926757814,175.529599609375,163.59299926757814,185.09553174234483,142.09046679281144,0.26287839419823145,46.84938802906037,105527535.0,1.0406355080690552,-0.13139388186905543,0.04151004847860146,-0.007815175869700803,0.03456152051906849,0.028711461001287207,-0.04124436185893014
2024-04-29 13:30:00,188.4199981689453,198.8699951171875,184.5399932861328,194.0500030517578,243869700,194.0500030517578,0.1530691710339953,167.86599731445312,164.53449935913085,175.40159973144532,164.53449935913085,189.5436271457635,139.5253715724982,0.303998588551876,58.915772107371524,113642915.0,2.1459296428642296,1.2207179847690268,0.053982975054461264,0.1196149841695384,0.0776525542018187,0.17938793266817085,0.10631831949574451
2024-04-30 13:30:00,186.97999572753906,190.9499969482422,182.83999633789062,183.27999877929688,127031800,183.27999877929688,-0.05550118063944742,175.58599853515625,165.36699905395508,175.0681997680664,165.36699905395508,191.7410681983273,138.99292990958287,0.318976208013148,55.65038369246765,114161975.0,1.112733026911982,-0.47909969955267095,0.054351351642317906,-0.03643394595738815,0.04435572507540516,0.10832269937665877,0.046906285790963904
2024-05-01 13:30:00,182.0,185.86000061035156,179.00999450683594,179.99000549316406,92829700,179.99000549316406,-0.017950640048260635,179.15799865722656,165.94749908447267,174.79279998779296,165.94749908447267,193.10037716335043,138.7946210055949,0.3272466078570556,52.63209269546756,114655955.0,0.809636970011719,-0.2692404579010925,0.05460208580947621,-0.006983843233424674,0.038266053928369015,0.08462017497198498,0.029733521665274886
2024-05-02 13:30:00,182.86000061035156,184.60000610351562,176.02000427246094,180.00999450683594,89148000,180.00999450683594,0.0001110562423569661,181.1239990234375,166.3924987792969,174.49759979248046,166.3924987792969,194.18578120801496,138.5992163505788,0.3340689349894685,54.531657284398186,112955255.0,0.789232869245437,-0.039660798214364634,0.05454184531669061,0.01594530268124527,0.0487444700761041,0.08183960110846887,0.03159008903796408
2024-05-03 13:30:00,182.10000610351562,184.77999877929688,178.4199981689453,181.19000244140625,75491500,181.19000244140625,0.006555235656792835,183.7040008544922,167.20699920654297,174.1731997680664,167.20699920654297,195.76049997322772,138.65349843985823,0.34153475514997966,60.89311914017799,109571950.0,0.6889673862699349,-0.1531890788351954,0.05371608010018349,0.011610530861942327,0.03564623178803813,0.0836269013929897,0.04028635107286079
2024-05-06 13:30:00,183.8000030517578,187.55999755859375,182.1999969482422,184.75999450683594,84390300,184.75999450683594,0.019703030064167848,181.84599914550782,167.7959991455078,174.02899963378906,167.7959991455078,197.32039820896122,138.2716000820544,0.35190826019457966,65.41764200188817,108570300.0,0.7772871586428333,0.11787817171469639,0.0528753167990387,0.014404771649559374,0.02941822557699705,0.10109892636127425,0.06166210743972683
2024-05-07 13:30:00,182.39999389648438,183.25999450683594,177.39999389648438,177.80999755859375,75045900,177.80999755859375,-0.03761635178001177,180.7519989013672,167.84249877929688,173.59719970703125,167.84249877929688,197.42999942946932,138.25499812912443,0.35256268067217333,61.77338153714984,107175010.0,0.7002182691655452,-0.11072836570079736,0.05350569677393708,-0.012773331243329545,0.03303269905280246,0.059386024706433595,0.024267660185026976
2024-05-08 13:30:00,171.58999633789062,176.05999755859375,170.14999389648438,174.72000122070312,79969500,174.72000122070312,-0.017378079862311324,179.697998046875,167.99049911499023,173.09699981689454,167.99049911499023,197.6899093873836,138.29108884259685,0.353584404223527,63.39566467525632,106946865.0,0.7477498288519256,0.0656078479970259,0.05322044142509301,-0.03498116701032768,0.03473408095274394,0.04005882559528871,0.00937625380870512
2024-05-09 13:30:00,175.00999450683594,175.6199951171875,171.3699951171875,171.97000122070312,65950300,171.97000122070312,-0.01573946875450305,178.08999938964843,167.8589988708496,172.49559997558595,167.8589988708496,197.4583093823839,138.2596883593153,0.352668736387591,63.48485061163153,105518580.0,0.6250112539421967,-0.1753068357311225,0.05324992229047199,0.001659760096764756,0.02480014075447533,0.024490807031540315,-0.003047027025368832
2024-05-10 13:30:00,173.0500030517578,173.05999755859375,167.75,168.47000122070312,72627200,168.47000122070312,-0.02035238689978358,175.5459991455078,167.72999877929686,171.82739990234376,167.72999877929686,197.29321957747288,138.16677798112084,0.3525096406526063,64.53245565339947,105913805.0,0.6857198643746205,0.10124138934925231,0.05325033833273434,0.0062801757480284775,0.031654232838114756,0.004411866969485728,-0.019539367315973895
2024-05-13 13:30:00,170.0,175.39999389648438,169.0,171.88999938964844,67018900,171.88999938964844,0.020300339194899042,172.9720001220703,168.25049896240233,171.21239990234375,168.25049896240233,197.7168000427069,138.78419788209777,0.3502670275811684,64.8380469612639,104252485.0,0.6428518226687834,-0.07722038024321465,0.05170218160610631,0.00908172830896172,0.03786978636973003,0.021631439132072928,0.003957654280245937
2024-05-14 13:30:00,174.5,179.49000549316406,174.07000732421875,177.5500030517578,86407400,177.5500030517578,0.03292805679333921,172.9200012207031,169.27249908447266,171.00059997558594,169.27249908447266,198.529002310153,140.0159958587923,0.34567343642844633,59.6495633865354,103722855.0,0.8330603703494278,0.28929898879271376,0.05152521004852367,0.015184132989814542,0.031136887119503305,0.0489004652974043,0.038300468402490635
2024-05-15 13:30:00,179.89999389648438,180.0,173.11000061035156,173.99000549316406,79663000,173.99000549316406,-0.02005067585133169,172.7740020751953,170.19949951171876,170.86559997558595,170.19949951171876,198.77897637809716,141.62002264534036,0.33583502828585715,52.526199047403026,103584020.0,0.7690665027288959,-0.0780535000474496,0.05174174591440488,0.013235656459220188,0.03980127875544835,0.02227095844770283,0.01828574925569887
2024-05-16 13:30:00,174.10000610351562,175.7899932861328,171.42999267578125,174.83999633789062,59812200,174.83999633789062,0.004885285464054867,173.3480010986328,171.44499969482422,170.8316000366211,171.44499969482422,198.43190394422328,144.45809544542516,0.31481704683643535,54.40366063311374,101769690.0,0.5877211574487453,-0.24918469050876824,0.05078062096752948,0.0006322237305514904,0.025433126037620844,0.019802249404237936,0.023464021295885828
2024-05-17 13:30:00,173.5500030517578,179.6300048828125,172.75,177.4600067138672,77445800,177.4600067138672,0.014985188920464187,175.14600219726563,172.9654998779297,170.80780029296875,172.9654998779297,197.47851591206768,148.4524838437917,0.2834439937610453,33.80831284133474,101288255.0,0.7646079004915229,0.29481610775059264,0.05035933321608397,-0.0073781360852914315,0.039826366904848046,0.025984990296385672,0.03894556577327618
2024-05-20 13:30:00,177.55999755859375,177.75,173.52000427246094,174.9499969482422,61727400,174.9499969482422,-0.014144086952910362,175.75800170898438,174.6104995727539,170.8000003051758,174.6104995727539,194.3363447157218,154.884654429786,0.22594111111570184,40.30718576631852,99019745.0,0.6233847602819014,-0.20296000557809457,0.04962446156703703,0.0005634556572951428,0.02437756813846735,0.0019443124916256043,0.024297404189996617
2024-05-21 13:30:00,175.50999450683594,186.8800048828125,174.7100067138672,186.60000610351562,115266500,186.60000610351562,0.06659050790792542,177.56800231933593,176.7065002441406,170.97660034179688,176.7065002441406,191.276232668249,162.13676782003222,0.16490318583615896,56.43873015250168,98555815.0,1.1695555457585125,0.8673474016401144,0.051120218215239724,0.003200900647968697,0.06965827772462302,0.05598835269617122,0.09137745007495889
2024-05-22 13:30:00,182.85000610351562,183.8000030517578,178.1199951171875,180.11000061035156,88313500,180.11000061035156,-0.03478030697150003,178.79200134277343,177.6055000305176,171.02800048828124,177.6055000305176,190.51214315256027,164.6988569084749,0.14534057920306476,50.086510442763455,93912590.0,0.9403797722967708,-0.2338320327241653,0.045567508665346604,-0.020096462365171104,0.031888659837618794,0.01410148097555329,0.0531024165408086
2024-05-23 13:30:00,181.8000030517578,181.89999389648438,173.25999450683594,173.74000549316406,71975500,173.74000549316406,-0.03536724832380789,178.57200317382814,177.78350067138672,171.11320068359376,177.78350067138672,190.35273653317483,165.2142648095986,0.14139935161948428,44.08636585287273,91189990.0,0.7892916755446513,-0.1850000283082428,0.04526606800345666,0.009383168262057734,0.04986724958777226,-0.022743928221419227,0.015351269212873527
2024-05-24 13:30:00,174.83999633789062,180.0800018310547,173.72999572753906,179.24000549316406,65584500,179.24000549316406,0.03165649721483632,178.9280029296875,178.33100128173828,171.44800079345703,178.33100128173828,190.08668625508113,166.57531630839543,0.13184118172218973,45.748623019143054,88978430.0,0.7370831335189888,-0.08879410354912431,0.04562507665467456,0.006331246747714892,0.03655100592688868,0.005097286533986766,0.045448209740830074
2024-05-28 13:30:00,176.39999389648438,178.25,173.16000366210938,176.75,59736600,176.75,-0.01389201861667555,179.28800354003906,177.46600112915038,171.71160064697267,177.46600112915038,186.6067676154003,168.32523464290048,0.10301428361591057,49.123389701153975,79771775.0,0.7488438109845242,-0.08916588523202895,0.029278874959561323,-0.015844741740916768,0.029394757624415613,-0.004034581973982257,0.029342218778718017
2024-05-29 13:30:00,174.19000244140625,178.14999389648438,173.92999267578125,176.19000244140625,54782600,176.19000244140625,-0.0031683030189180172,177.20600280761718,177.11150131225585,171.75940063476563,177.11150131225585,185.8436784491548,168.3793241753569,0.09860655092639867,51.268773202279355,76159315.0,0.7193158184261504,-0.08293073258270478,0.02668100792872762,-0.01448372027492928,0.02426264243320891,-0.0052029307189088644,0.02579539629427323
2024-05-30 13:30:00,178.5800018310547,182.6699981689453,175.3800048828125,178.7899932861328,77618400,178.7899932861328,0.014756744473008343,176.94200134277344,177.0515007019043,171.90880035400392,177.0515007019043,185.71663235134756,168.38636905246105,0.09788261172699628,55.90168778856151,75398750.0,1.0294388169565145,0.416844034419688,0.02663073781118514,0.013564897874629724,0.04156684389992991,0.009819134982400132,0.040028159803097756
2024-05-31 13:30:00,178.5,180.32000732421875,173.82000732421875,178.0800018310547,67314600,178.0800018310547,-0.003971091681523098,177.81000061035155,176.95500106811522,171.9572003173828,176.95500106811522,185.5238588962936,168.38614323993684,0.09684787405222837,58.73795203707172,74307080.0,0.9058975268574677,-0.13274945116106496,0.026645474422196936,-0.001621977163278437,0.03739500475267981,0.0063575528024009806,0.035606543386208715
2024-06-03 13:30:00,178.1300048828125,182.63999938964844,174.49000549316406,176.2899932861328,68568900,176.2899932861328,-0.0100517100545634,177.21999816894532,176.71000061035156,172.0266000366211,176.71000061035156,185.04605780671582,168.3739434139873,0.09434731670614849,54.12293158539801,73960950.0,0.9270959878151916,0.01863340196628971,0.026682453979256848,0.0002807898205507131,0.046707511260888034,-0.0023768169473603667,0.024783337278096115
2024-06-04 13:30:00,174.77999877929688,177.75999450683594,174.0,174.77000427246094,60056300,174.77000427246094,-0.008622094682395387,176.8239990234375,176.21050109863282,172.10540008544922,176.21050109863282,183.6663073746832,168.75469482258242,0.08462385873219952,47.175946047998536,72744250.0,0.8255814033411576,-0.12414666124146656,0.02627233778273942,-0.008565401125094465,0.021609163832390445,-0.008174863684006953,0.015482397331453632
2024-06-05 13:30:00,175.35000610351562,176.14999389648438,172.1300048828125,175.0,57953800,175.0,0.0013159908560766986,176.58599853515625,176.07000122070312,172.15279998779297,176.07000122070312,183.50477151048787,168.63523093091837,0.08445243639733145,51.10045164553191,71889645.0,0.8061494809162015,-0.035008816726971204,0.02493815975331648,0.0033186577609192187,0.02335437692230774,-0.006077135305757604,0.016538795839561804
2024-06-06 13:30:00,174.60000610351562,179.72999572753906,172.72999572753906,177.94000244140625,69887000,177.94000244140625,0.01680001395089281,176.41600036621094,176.2310012817383,172.1582000732422,176.2310012817383,183.68212028164595,168.77988228183062,0.08456082012489566,53.23051833439447,71385520.0,0.9790080677425899,0.20590884463141323,0.024892057612302624,-0.0022856794084821427,0.04052567691277932,0.009697505814744843,0.03358424034233785
2024-06-07 13:30:00,176.1300048828125,179.35000610351562,175.5800018310547,177.47999572753906,56244900,177.47999572753906,-0.0025851787543875737,176.2959991455078,176.5065010070801,172.11119995117187,176.5065010070801,183.69716662005158,169.3158353941086,0.08147762911784254,50.0218125387131,70900250.0,0.7932962154576324,-0.19520225506889688,0.02459279108666418,-0.010171954219174315,0.021471717924279803,0.005515347677873484,0.031193761811493536
2024-06-10 13:30:00,176.05999755859375,178.57000732421875,173.1699981689453,173.7899932861328,50774600,173.7899932861328,-0.020791089307163446,175.7959991455078,176.77250061035156,172.07119995117188,176.77250061035156,183.04660631556948,170.49839490513364,0.07098508742655098,48.76595355094747,69807620.0,0.7273503952720348,-0.09725859589047181,0.024613833998383745,-0.008000891385670545,0.0311832835501053,-0.016872009582490983,0.009988849589290201
2024-06-11 13:30:00,173.9199981689453,174.75,167.41000366210938,170.66000366210938,64761900,170.66000366210938,-0.018010183238054034,174.9739990234375,176.71100082397462,171.98,176.71100082397462,183.20681433728808,170.21518731066115,0.07351906200547272,29.287928102833504,69694770.0,0.9292218053090641,0.2754782903262656,0.02459227163597619,0.0007480573556295399,0.04384443090214159,-0.03424233428394625,-0.007675289788874374
2024-06-12 13:30:00,171.1199951171875,180.5500030517578,169.8000030517578,177.2899932861328,90389400,177.2899932861328,0.03884911216309472,175.43199768066407,176.69800033569337,172.1931997680664,176.69800033569337,183.1877816956938,170.20821897569294,0.07345619472400415,46.349029118158136,69893870.0,1.2932378762257692,0.39571877909696895,0.025042025479756907,0.0026953676620613725,0.06330977506945759,0.003350309280890394,0.029599272938370887
2024-06-13 13:30:00,188.38999938964844,191.0800018310547,181.22999572753906,182.47000122070312,118984100,182.47000122070312,0.029217711832219218,176.33799743652344,177.12200012207032,172.47499969482422,177.12200012207032,183.96527168117478,170.27872856296585,0.07727184149217112,61.66176996352645,71859925.0,1.655778238009572,0.31635014725177957,0.025364220217316224,0.06260932102130008,0.05435085987820753,0.030193883848121803,0.05795043654769662
2024-06-14 13:30:00,185.8000030517578,186.0,176.9199981689453,178.00999450683594,82038200,178.00999450683594,-0.024442410719736185,176.44399719238282,177.28050003051757,172.6129995727539,177.28050003051757,184.04764644127746,170.51335361975768,0.07634394543782284,48.30995943567195,72971225.0,1.1242541152351493,-0.31051123637528044,0.026068232466287495,0.018249585185385882,0.051322642578731925,0.004114916621922816,0.03126644544408887
2024-06-17 13:30:00,177.9199981689453,188.80999755859375,177.0,187.44000244140625,109786100,187.44000244140625,0.052974598199923895,179.1739990234375,177.77949981689454,173.06379974365234,177.77949981689454,185.93232994789543,169.62666968589366,0.09171845054573735,62.33557091412606,74588240.0,1.471895569596494,0.3382314580280894,0.02840367410836575,-0.0005055690167282656,0.06672315004855225,0.054339800902025386,0.0830688030601917
2024-06-18 13:30:00,186.55999755859375,187.1999969482422,182.3699951171875,184.86000061035156,68982300,184.86000061035156,-0.013764414198944475,182.01399841308594,178.275,173.30139984130858,178.275,186.89496498114542,169.6550350188546,0.09670413665567706,59.55898557800204,74950985.0,0.9203654895262551,-0.37166635849164875,0.02839165494686017,-0.0046948616696032616,0.026484629930219716,0.036937319368119795,0.06669652281878362
2024-06-20 13:30:00,184.67999267578125,185.2100067138672,179.66000366210938,181.57000732421875,55893100,181.57000732421875,-0.017797215597047833,182.87000122070313,178.02350006103515,173.39519989013672,178.02350006103515,185.88050276487797,170.16649735719233,0.08826927569842251,53.01912949987688,71982315.0,0.7764837793838667,-0.18974722501279317,0.024463995851482647,-0.0009737527533051011,0.030891700649165233,0.019921568006289525,0.0471455232858902
2024-06-21 13:30:00,182.3000030517578,183.9499969482422,180.69000244140625,183.00999450683594,61937300,183.00999450683594,0.00793075466503601,182.97799987792968,178.1684997558594,173.62019989013672,178.1684997558594,186.29021176950258,170.0467877422162,0.09116888815668543,55.27046593312231,70663505.0,0.8765104419884069,0.10813857166627017,0.023199178870462297,0.004020464273240638,0.018041919656806033,0.027173685346235453,0.05408238570535507
2024-06-24 13:30:00,184.97000122070312,188.8000030517578,182.5500030517578,182.5800018310547,61992100,182.5800018310547,-0.0023495584322592578,183.89200134277343,178.6104995727539,173.7797998046875,178.6104995727539,186.67945229964315,170.54154684586464,0.09035250162997839,56.9258007760784,70164335.0,0.8835272221991415,0.0008847657227550876,0.021590131434352233,0.010709834286094008,0.03423719471660572,0.022224350011875334,0.050639959513463534
2024-06-25 13:30:00,184.39999389648438,187.97000122070312,182.00999450683594,187.35000610351562,62905700,187.35000610351562,0.026125557150967316,183.8740020751953,179.0159996032715,174.10579986572264,179.0159996032715,187.9832744016302,170.04872480491278,0.10018405972909294,62.92643323995973,70030395.0,0.8982628185946974,0.014737361696087081,0.02123220149071473,0.009968189545280903,0.03274549142213914,0.046554534336113194,0.07606987388132642
2024-06-26 13:30:00,186.5399932861328,197.75999450683594,186.36000061035156,196.3699951171875,95737100,196.3699951171875,0.04814512260377568,186.1760009765625,179.99699935913085,174.80359985351564,179.99699935913085,191.773302754591,168.22069596367072,0.1308499968042689,68.59878322738498,71830420.0,1.3328211083827715,0.5219145482841778,0.02316624014418638,-0.004323527040267401,0.06117189235430358,0.09096260391201949,0.12337500647437681
2024-06-27 13:30:00,195.1699981689453,198.72000122070312,194.0500030517578,197.4199981689453,72746500,197.4199981689453,0.0053470646120412635,189.34599914550782,181.05849914550782,175.6097998046875,181.05849914550782,195.01533715235718,167.10166113865847,0.15416937699934127,67.53059929215235,72728615.0,1.0002459142113458,-0.2401430584381603,0.02307607377517373,-0.006110897683355681,0.02406595256635843,0.09036581602440301,0.12419693199647758
2024-06-28 13:30:00,199.5500030517578,203.1999969482422,195.25999450683594,197.8800048828125,95438100,197.8800048828125,0.002330091774560339,192.32000122070312,182.01299972534179,176.4583999633789,182.01299972534179,197.80682805534,166.21917139534358,0.17354615718471916,68.35854540521079,73619600.0,1.2963680867595042,0.31192703429030955,0.022993727890642274,0.010789205260703701,0.04066374405807061,0.08717512035631564,0.12139747908787178
2024-07-01 13:30:00,201.02000427246094,213.22999572753906,200.85000610351562,209.86000061035156,135691400,209.86000061035156,0.060541719385108106,197.7760009765625,183.60199966430665,177.65700012207031,183.60199966430665,203.57225324301754,163.63174608559575,0.21753851935408125,78.24590533763877,77038440.0,1.7613466731673175,0.4217739037135064,0.025954330295812213,0.015868199475272866,0.06163798480365962,0.1430158767009858,0.18126502454816962
2024-07-02 13:30:00,218.88999938964844,231.3000030517578,218.05999755859375,231.25999450683594,205047900,231.25999450683594,0.10197271435359379,206.55799865722656,186.3504997253418,179.3411999511719,186.3504997253418,215.22805016241267,157.4729492882709,0.3099272658740697,86.89722705072545,83862390.0,2.4450519476013026,0.5111340880851698,0.032888478575333606,0.04302867984863363,0.06071725965972466,0.2409947644234136,0.2894973077563865
2024-07-03 13:30:00,234.55999755859375,248.35000610351562,234.25,246.38999938964844,166561500,246.38999938964844,0.06542422054051067,216.56199951171874,189.93149948120117,181.4279998779297,189.93149948120117,228.79766343255247,151.06533552984988,0.4092650672217554,88.12624686977594,89187650.0,1.8675399564850066,-0.18769468012108392,0.034325323360149367,0.014269666739355846,0.060192128510205445,0.29725716936192226,0.3580593930122537
2024-07-05 13:30:00,249.80999755859375,252.3699951171875,242.4600067138672,251.52000427246094,154501200,251.52000427246094,0.02082067005771515,227.3820007324219,193.75749969482422,183.56480010986328,193.75749969482422,240.6676658455388,146.84733354410963,0.4842152301159952,88.11969145468989,94015020.0,1.6433671981349363,-0.07240748912563832,0.03410687600540035,0.013880426062004353,0.0408726723125737,0.2981175163212519,0.3701973587633716
2024-07-08 13:30:00,247.7100067138672,259.44000244140625,244.57000732421875,252.94000244140625,157219600,252.94000244140625,0.005645666924397386,238.3940002441406,197.50749969482422,185.38100006103517,197.50749969482422,250.66823497023046,144.34676441941798,0.5383161181985167,92.80248031636759,98381650.0,1.5980581744664784,0.017594685348722106,0.03423290278582642,-0.015147890799439323,0.060800567002783856,0.28066024243247845,0.364433261003705
2024-07-09 13:30:00,251.0,265.6099853515625,250.3000030517578,262.3299865722656,160210900,262.3299865722656,0.03712336538398886,248.88799743652345,201.74999923706054,187.22399993896485,201.74999923706054,261.3357283194906,142.16427015463043,0.5906887663718461,92.79918768580798,103579950.0,1.5467366029815617,0.01902625372409039,0.034110408263237475,-0.007669812693449519,0.061166528618215164,0.3002725529828742,0.4011557634586665
2024-07-10 13:30:00,262.79998779296875,267.5899963378906,257.8599853515625,263.260009765625,128519400,263.260009765625,0.003545241645880992,255.28800048828126,206.22350006103517,189.1234002685547,206.22350006103517,270.2402019012314,142.20679822083895,0.6208477871944705,95.66637140974426,107467190.0,1.1958943003906588,-0.1978111351974179,0.032984230609352405,0.001791641233411381,0.037733698670083964,0.2765761888810391,0.3920012509916622
2024-07-11 13:30:00,263.29998779296875,271.0,239.64999389648438,241.02999877929688,221707300,241.02999877929688,-0.08444127539962887,254.21600036621095,209.74199981689452,190.06300018310546,209.74199981689452,273.2620576687293,146.22194196505973,0.6056970745705488,78.37373169870023,115314460.0,1.922632252711412,0.7250881968014167,0.03980916026346457,0.00015185757753082823,0.1308158018024282,0.1491737419768901,0.2681584450792113
2024-07-12 13:30:00,235.8000030517578,251.83999633789062,233.08999633789062,248.22999572753906,155955800,248.22999572753906,0.029871787680814776,253.55799865722656,213.28899993896485,191.3620001220703,213.28899993896485,277.10099058608375,149.47700929184595,0.5983617595410871,79.500631526638,118592780.0,1.3150530749005125,-0.2965689447302817,0.039613734615605634,-0.02169852613378634,0.080441032625097,0.16381996164158952,0.2971749645655487
2024-07-15 13:30:00,255.97000122070312,265.6000061035156,251.72999572753906,252.63999938964844,146912900,252.63999938964844,0.01776579679334911,253.497998046875,216.7974998474121,192.815,216.7974998474121,281.18834139588563,152.40665829893857,0.594018303659346,80.58853720308522,119989220.0,1.2243841571767864,-0.057983736417626,0.039521316246228365,0.031180782445243273,0.055098759033026884,0.1653270889538083,0.31027150060756914
2024-07-16 13:30:00,255.30999755859375,258.6199951171875,245.8000030517578,256.55999755859375,126332500,256.55999755859375,0.015516142251486675,252.34400024414063,220.725,194.34600006103517,220.725,284.735587549393,156.71441245060697,0.5800030585515281,80.44338140202575,122203935.0,1.0337842230694125,-0.14008572426247112,0.03829977458891898,0.010568390497924898,0.052156191644677066,0.16235133110700536,0.32011977338365605
2024-07-17 13:30:00,252.72999572753906,258.4700012207031,246.17999267578125,248.5,115584800,248.5,-0.031415644041518975,249.39199829101562,223.7779998779297,195.69220001220702,223.7779998779297,286.9229145123925,160.6330852434669,0.5643531952998792,73.12571853435509,122493870.0,0.9435966060995542,-0.08507470365899517,0.03901752791883536,-0.014928289162381923,0.049922856895636525,0.11047556120599925,0.26985132766916053
2024-07-18 13:30:00,251.08999633789062,257.1400146484375,247.1999969482422,249.22999572753906,110869000,249.22999572753906,0.002937608561525362,251.03199768066406,226.99649963378906,196.9816000366211,226.99649963378906,288.3249506120003,165.66804865557785,0.5403471073532123,73.04919957553989,124588205.0,0.8898835969263703,-0.04079948228486796,0.03854725076854006,0.010422520474408954,0.040210428086196605,0.09794642705776987,0.26524505680329735
2024-07-19 13:30:00,247.7899932861328,249.44000244140625,236.8300018310547,239.1999969482422,87403900,239.1999969482422,-0.040243947162209914,249.2259979248047,229.87799911499025,198.20940002441407,229.87799911499025,287.5246507820974,172.2313474478831,0.5015412687516126,66.93997613593584,126163745.0,0.6927814325739934,-0.2116470789851086,0.03987924097784874,-0.005777805505323189,0.05324494579595978,0.04055193567518771,0.20680450533011643
2024-07-22 13:30:00,244.2100067138672,253.2100067138672,243.75,251.50999450683594,101225400,251.50999450683594,0.05146320115237035,248.9999969482422,233.30299911499023,199.74519989013672,233.30299911499023,287.2456958036638,179.36030242631665,0.4624260887626767,67.02918921670724,128128150.0,0.790032479201487,0.15813367595725136,0.040674448544026826,0.020944857146921535,0.038810283954326924,0.07804012576311485,0.25915413559460126
2024-07-23 13:30:00,253.60000610351562,255.75999450683594,245.6300048828125,246.3800048828125,111928200,246.3800048828125,-0.020396762498772203,246.96399841308593,236.4929992675781,201.2333999633789,236.4929992675781,285.0864417656959,187.8995567694603,0.4109503676524237,57.13073465698022,130624955.0,0.8568668980594099,0.10573235571309181,0.04131690081838864,0.00830985504483752,0.04124084770855397,0.0418067581106188,0.22434946150912086
2024-07-24 13:30:00,225.4199981689453,225.99000549316406,214.7100067138672,215.99000549316406,167942900,215.99000549316406,-0.12334604589403697,240.46199951171874,237.92499923706055,202.18380004882812,237.92499923706055,281.88816349263766,193.9618349814834,0.36955481262205403,37.46702085980157,135876815.0,1.235993793348777,0.5004520755269897,0.0516076401069307,-0.08507186581084998,0.05253597143392175,-0.09219289193751845,0.06828541871802635
2024-07-25 13:30:00,216.8000030517578,226.0,216.22999572753906,220.25,100636500,220.25,0.01972310939623889,234.66600036621094,239.11899948120117,203.15100006103515,239.11899948120117,279.4796984552248,198.75830050717752,0.33757835271635694,37.015195048553515,136121785.0,0.7393122269150378,-0.40076954726874436,0.050842115674124534,0.0037501622204430467,0.04518339021183558,-0.0789104986309739,0.08416891836037031
2024-07-26 13:30:00,221.19000244140625,222.27999877929688,215.3300018310547,219.8000030517578,94604100,219.8000030517578,-0.0020431189477511102,230.78600158691407,240.2379997253418,203.99600006103515,240.2379997253418,276.79237820774273,203.68362124294086,0.30431803897961734,36.12692441980121,137214665.0,0.6894605616680987,-0.05994246620262034,0.05088167148963437,0.004267888496736663,0.032276026977861964,-0.08507395456568176,0.07747212193373469
2024-07-29 13:30:00,224.89999389648438,234.27000427246094,224.6999969482422,232.10000610351562,129201800,232.10000610351562,0.055959976710561854,226.90400390625,241.94899978637696,205.1582000732422,241.94899978637696,272.93468093971086,210.96331863304306,0.2561339884082345,37.64610585994839,138902850.0,0.9301594603710435,0.36571036561840353,0.05204251865710486,0.023202869763043782,0.04259015333419485,-0.04070689976630309,0.1313221017763614
2024-07-30 13:30:00,232.25,232.41000366210938,220.0,222.6199951171875,100560300,222.6199951171875,-0.04084450985365373,222.152001953125,242.58699951171874,206.11380004882812,242.58699951171874,271.2274190688419,213.94657995459556,0.23612493344466826,34.47669345172943,137146295.0,0.7332338070087857,-0.2216803481066053,0.05172760334499139,0.0006462468442050723,0.056409107555042616,-0.0823086333345192,0.08008292052472506
2024-07-31 13:30:00,227.89999389648438,234.67999267578125,226.7899932861328,232.07000732421875,67497000,232.07000732421875,0.04244907202543402,225.36800231933594,242.62750015258788,207.20600006103516,242.62750015258788,271.20269377514427,214.0523065300315,0.23554785508308423,46.20725032785987,130268750.0,0.5181365446432855,-0.3287907852303543,0.04733512570132402,0.023717540630245167,0.034789892072944806,-0.04351317481212786,0.11999656021476013
2024-08-01 13:30:00,227.69000244140625,231.8699951171875,214.3300018310547,216.86000061035156,83861900,216.86000061035156,-0.06554059651757449,224.69000244140625,241.15100021362304,208.04420013427733,241.15100021362304,271.8782540890596,210.42374633818642,0.2548382867847692,37.5644200813544,126133770.0,0.664864770156319,0.24245373868468234,0.04705174714486616,-0.01887363616399302,0.08183638844905478,-0.10072941676274762,0.042374651494174194
2024-08-02 13:30:00,214.8800048828125,216.1300048828125,205.77999877929688,207.6699981689453,82880100,207.6699981689453,-0.042377581921705376,222.26400146484374,238.95849990844727,208.46559997558595,238.95849990844727,272.682143720829,205.2348560960655,0.2822552353258191,32.8240776248182,122552715.0,0.6762812231454848,-0.011707342666932186,0.04732847271007631,-0.00913029476144228,0.05029646304263133,-0.1309369691870747,-0.0038164656745947934
2024-08-05 13:30:00,185.22000122070312,203.8800048828125,182.0,198.8800048828125,100308800,198.8800048828125,-0.04232673647438423,215.62000122070313,236.25550003051757,208.84100006103515,236.25550003051757,273.71924785653647,198.79175220449866,0.31714603741440633,28.75976093889315,119707175.0,0.8379514427602188,0.21028811499986122,0.04779080856918009,-0.10810419004279323,0.12021980704842034,-0.15819947109327487,-0.04769654988872626
2024-08-06 13:30:00,200.75,202.89999389648438,192.6699981689453,200.63999938964844,73783900,200.63999938964844,0.008849529684359148,211.2240020751953,233.1710006713867,209.37899993896485,233.1710006713867,271.73763805907595,194.6043632836975,0.33080131986088684,31.518380371643687,115385825.0,0.6394537630597172,-0.264432432647983,0.046703428983331734,0.009402630084856296,0.053095945527381755,-0.1395156395438083,-0.04173771272125611
2024-08-07 13:30:00,200.77000427246094,203.49000549316406,191.47999572753906,191.75999450683594,71159800,191.75999450683594,-0.044258397676563366,203.16199951171876,229.59599990844725,209.62939971923828,229.59599990844725,269.64594654434336,189.54605327255115,0.3488732090442887,29.121558097147144,112517845.0,0.632431237907196,-0.03556466925711432,0.04707456955872282,0.0006479509729265246,0.06272200769585506,-0.16479383533118452,-0.08524283920258928
2024-08-08 13:30:00,195.6999969482422,200.6999969482422,192.0399932861328,198.83999633789062,65033900,198.83999633789062,0.036921162045623124,199.55799865722656,227.48649978637695,210.0711996459961,227.48649978637695,269.40167021292024,185.57132935983367,0.3685068825262516,35.01633567249303,104684175.0,0.6212390745783687,-0.08608652638146819,0.04539472904060711,0.02054652979908067,0.04509479256857854,-0.1259261691370128,-0.05346379383290936
2024-08-09 13:30:00,197.0500030517578,200.8800048828125,195.11000061035156,200.0,58648300,200.0,0.005833854775063374,198.0239990234375,225.075,210.54739959716798,225.075,267.51156716041226,182.63843283958772,0.37708823423669685,29.150818160291507,99818800.0,0.5875476363170065,-0.0981887907691219,0.04463531166534839,-0.009002179235062248,0.029573083155199426,-0.1114073086748861,-0.05009513115501737
2024-08-12 13:30:00,199.02000427246094,199.25999450683594,194.6699981689453,197.49000549316406,64044900,197.49000549316406,-0.012549972534179665,197.74599914550782,222.31750030517577,210.92139984130858,222.31750030517577,264.3779136048509,180.25708700550064,0.37838148811441924,29.782486254661336,95675400.0,0.6693977762308807,0.09201630737804845,0.04416330038219779,-0.0048999786376953125,0.023578344794081593,-0.11167584548193887,-0.06367961884498173
2024-08-13 13:30:00,198.47000122070312,208.49000549316406,197.05999755859375,207.8300018310547,76247400,207.8300018310547,0.05235706137163754,199.18399963378906,219.88100051879883,211.51639984130858,219.88100051879883,259.1418839918988,180.62011704569886,0.35711028584066623,45.954787637205776,93171145.0,0.8183585164698791,0.1905303935207956,0.0460672591184397,0.004962254799132021,0.05800267977356347,-0.05480691219027737,-0.017428426415254977
2024-08-14 13:30:00,207.38999938964844,208.44000244140625,198.75,201.3800048828125,70250000,201.3800048828125,-0.0310349655555765,201.10800170898438,217.52500076293944,212.01820007324218,217.52500076293944,255.17702419048527,179.8729773353936,0.3461857101067598,40.84425435989651,90904405.0,0.7727898334519653,-0.07865710830795547,0.046057780134172964,-0.002117126678196965,0.048754729264937104,-0.07422133466728219,-0.05017585842514791
2024-08-15 13:30:00,205.02000427246094,215.8800048828125,204.82000732421875,214.13999938964844,89848500,214.13999938964844,0.06336276788880446,204.16800231933593,215.77050094604493,212.80559997558595,215.77050094604493,250.34655521040668,181.1944466816832,0.3204891689342442,47.546808736343344,89853380.0,0.9999456892996124,0.27898220640569393,0.04881087841140411,0.018075277094995772,0.05399861909528392,-0.007556647221226108,0.006270508925590197
2024-08-16 13:30:00,211.14999389648438,219.8000030517578,210.8000030517578,216.1199951171875,88765100,216.1199951171875,0.009246267550119258,207.39200134277343,214.6165008544922,213.62799987792968,214.6165008544922,247.39386242381804,181.83913928516634,0.3054505262999192,42.39336934198075,89921440.0,0.987140552909295,-0.01205807553826721,0.048256265668242426,-0.01396285374841838,0.04269449653561071,0.007005492386229269,0.011665115250256439
2024-08-19 13:30:00,217.07000732421875,222.97999572753906,214.08999633789062,222.72000122070312,76435200,222.72000122070312,0.030538618603692225,212.43800048828126,213.17700119018554,214.52359985351563,213.17700119018554,241.33550727349854,185.01849510687254,0.2641795871609192,50.048945820247994,88681930.0,0.861902757416308,-0.13890481732122195,0.04720758323311766,0.004395762671177748,0.04152459032050086,0.044765617197156354,0.03820745770061795
2024-08-20 13:30:00,224.8800048828125,228.22000122070312,219.55999755859375,221.10000610351562,74001200,221.10000610351562,-0.007273684933137958,215.09200134277344,211.9130012512207,215.39600006103515,211.9130012512207,235.7310067965125,188.09499570592888,0.22479041309084957,44.185305426552205,86785580.0,0.852690043668545,-0.0318439671774261,0.047072941710053544,0.00969829225157435,0.03944253852434248,0.04335271926711015,0.02648148545406679
2024-08-21 13:30:00,222.6699981689453,224.66000366210938,218.86000061035156,223.27000427246094,70146000,223.27000427246094,0.009814554993405888,219.47000122070312,212.27700119018556,216.3856002807617,212.27700119018556,236.57502895794428,187.97897342242683,0.22892755815774285,53.9426776938931,81895735.0,0.856528120786754,-0.052096452489959644,0.037868723200920544,0.007100823256850754,0.026500973387475563,0.05178612388831707,0.03181544420130855
2024-08-22 13:30:00,223.82000732421875,224.8000030517578,210.32000732421875,210.66000366210938,79514500,210.66000366210938,-0.056478704568676985,218.7740020751953,211.79750137329103,217.18560028076172,211.79750137329103,235.80986572413784,187.78513702244422,0.22674832512330023,51.76484850275229,80839635.0,0.9836078552309149,0.13355715222535847,0.039811360639194396,0.002463398760393414,0.06884744780945842,-0.005370685224358825,-0.030046175299911815
2024-08-23 13:30:00,214.4600067138672,221.47999572753906,214.2100067138672,220.32000732421875,81525200,220.32000732421875,0.04585589810206048,219.61400451660157,211.82350158691406,218.04620056152345,211.82350158691406,235.8734467778231,187.77355639600503,0.22707532460500857,62.52629458132822,80185690.0,1.0167051003738947,0.025287211766407358,0.04119186087175441,0.01803855969666113,0.03393860597456973,0.04011125146006736,0.010428096232998698
2024-08-26 13:30:00,218.75,219.08999633789062,211.00999450683594,213.2100067138672,59301200,213.2100067138672,-0.0322712435275504,217.71200561523438,210.87900161743164,218.66100067138672,210.87900161743164,232.98088774659294,188.77711548827034,0.20961675614585534,56.911914844774145,76690660.0,0.7732519188125386,-0.27260282710131345,0.03968464838760279,-0.007126031554221751,0.0382920337491072,0.011053756317873527,-0.024928971973889026
2024-08-27 13:30:00,213.25,215.66000366210938,206.94000244140625,209.2100067138672,62821400,209.2100067138672,-0.018760845523390857,215.3340057373047,210.20850219726563,219.28500091552735,210.20850219726563,231.61330606483563,188.80369832969564,0.20365307438880964,60.13946233729571,74803715.0,0.8398165786284812,0.05936136199604736,0.038889756511573906,0.00018757696577761674,0.042137823126643374,-0.0047500242519278625,-0.04594474843056519
2024-08-28 13:30:00,209.72000122070312,211.83999633789062,202.58999633789062,205.75,64116400,205.75,-0.01653843794670573,211.8300048828125,208.8925018310547,219.6512008666992,208.8925018310547,227.71914830014924,190.06585536196013,0.1802520081292427,54.19143775087318,74634685.0,0.8590697475309235,0.02061399459419877,0.03752362779482172,0.0024377156468115215,0.04565872040676849,-0.015043631549763516,-0.06328761605603742
2024-08-29 13:30:00,209.8000030517578,214.88999938964844,205.97000122070312,206.27999877929688,62308800,206.27999877929688,0.002575935743848623,210.95400390625,208.36350173950194,220.07960083007814,208.36350173950194,226.83880386225562,189.88819961674827,0.17733722046821498,53.83863063353457,73557030.0,0.8470815094084141,-0.0281924749362098,0.03476071530717177,0.0196840974569031,0.043307268612322154,-0.009999366217265259,-0.06270277662597104
2024-08-30 13:30:00,208.6300048828125,214.57000732421875,207.02999877929688,214.11000061035156,63370600,214.11000061035156,0.03795812428442069,209.71200256347657,208.68550186157228,220.73040069580077,208.68550186157228,227.33358552776568,190.03741819537888,0.17871949416556276,59.538565225371904,72581555.0,0.8730950997123167,0.017040931618005795,0.034480749807703576,0.011392311990606243,0.03641988402347361,0.025993654089001006,-0.029993150307252414
2024-09-03 13:30:00,215.25999450683594,219.89999389648438,209.63999938964844,210.60000610351562,76714200,210.60000610351562,-0.016393416920415627,209.19000244140625,209.27150192260743,221.28220092773438,209.27150192260743,227.3500847738139,191.19291907140095,0.1727763473298173,51.72499969117531,71401825.0,1.0744011094954506,0.21056452045585816,0.03318578445010571,0.005371042423082298,0.04894101572556365,0.006348232648511805,-0.048274080696202544
2024-09-04 13:30:00,210.58999633789062,222.22000122070312,210.57000732421875,219.41000366210938,80651800,219.41000366210938,0.04183284569452206,211.2300018310547,210.21000213623046,222.01880096435548,210.21000213623046,228.3506092669553,192.0693950055056,0.17259509011344276,60.90744108334641,71745220.0,1.1241417895157335,0.051328176530551106,0.03427323018570071,-4.752974992830688e-05,0.05532598894080225,0.04376576486553997,-0.011750344074081088
2024-09-05 13:30:00,223.49000549316406,235.0,222.25,230.1699981689453,119355000,230.1699981689453,0.04904058305110959,216.11400146484374,212.13050231933593,222.87520080566406,212.13050231933593,230.17938313971294,194.08162149895892,0.17016770924538402,59.938003715084996,74154980.0,1.6095345181132812,0.47988017626389,0.03355239421420336,0.01859533185796704,0.05736782902137233,0.08503961312670243,0.03273041297062899
2024-09-06 13:30:00,232.60000610351562,233.60000610351562,210.50999450683594,210.72999572753906,112177000,210.72999572753906,-0.0844593239607937,217.00400085449218,212.72500228881836,223.1624008178711,212.72500228881836,229.68082870441566,195.76917587322106,0.15941545406661928,47.2530836020198,76512135.0,1.4661334440608669,-0.06013991872983959,0.03891844871384136,0.010557448641880254,0.10968605861575793,-0.00937833606681861,-0.055710124307537134
2024-09-09 13:30:00,216.1999969482422,219.8699951171875,213.6699981689453,216.27000427246094,67443500,216.27000427246094,0.026289605928169646,217.43600158691407,213.53850250244142,223.5394009399414,213.53850250244142,229.45295101005914,197.6240539948237,0.1490546044026488,46.67697231044787,76951895.0,0.8764371559660746,-0.3987760414345186,0.03924674431764213,0.025957392547834055,0.029016693973760197,0.012791612463369646,-0.03251953184500813
2024-09-10 13:30:00,220.07000732421875,226.39999389648438,218.63999938964844,226.1699981689453,78891100,226.1699981689453,0.04577608406578748,220.55,214.97250213623047,224.10520080566405,214.97250213623047,229.9384583541529,200.00654591830803,0.13923600524906526,52.40671792333288,77694205.0,1.0154052030006613,0.16973614951774452,0.040059560806863674,0.01757064306971807,0.035492108161812114,0.05208803880237138,0.009213518275605641
2024-09-11 13:30:00,224.5500030517578,228.47000122070312,216.8000030517578,228.1300048828125,83548600,228.1300048828125,0.008666077418469476,222.29400024414062,215.98750228881835,224.4706008911133,215.98750228881835,231.65109956286332,200.32390501477337,0.14504170017300003,52.3116438977551,78059265.0,1.0703226580470622,0.05903707769317457,0.03865545516452618,-0.007162732149723015,0.053828404080599905,0.05621854257917759,0.016302375354153034
2024-09-12 13:30:00,224.66000366210938,231.4499969482422,223.8300018310547,229.80999755859375,71894900,229.80999755859375,0.007364189890953776,222.2220001220703,217.40900192260742,224.44160095214843,217.40900192260742,232.645201882369,202.17280196284582,0.1401616292335984,60.16561917407169,78141510.0,0.9200602854999859,-0.13948408471237095,0.03769282992756528,-0.015210630545883785,0.03404367178149343,0.057039936370255735,0.02391890177075449
2024-09-13 13:30:00,228.0,232.6699981689453,226.32000732421875,230.2899932861328,59515100,230.2899932861328,0.0020886633855721204,226.13399963378907,218.21650161743165,224.11960083007813,218.21650161743165,234.4052953020157,202.0277079328476,0.1483736891077614,55.864008120311276,76624840.0,0.7767076577256148,-0.1721930206454143,0.035311792712247714,-0.007876060997443169,0.028057576171910292,0.05532804155144932,0.02753169483258594
2024-09-16 13:30:00,229.3000030517578,229.9600067138672,223.52999877929688,226.77999877929688,54323000,226.77999877929688,-0.015241628421408637,228.23599853515626,218.7495018005371,223.62480072021484,218.7495018005371,235.3445061522058,202.1544974488684,0.15172609962605144,58.334353272599316,74902735.0,0.7252472156056785,-0.087240044963379,0.035552922351629365,-0.00429888515887422,0.02876574942819645,0.03671092693999477,0.014109338717889448
2024-09-17 13:30:00,229.4499969482422,234.57000732421875,226.5500030517578,227.8699951171875,66761600,227.8699951171875,0.004806404196833203,228.57599792480468,219.00700149536132,223.12340057373046,219.00700149536132,236.0160685240677,201.99793446665495,0.15532897955380326,61.885345242318365,74419055.0,0.8971035711216704,0.22897483570494992,0.03496536899747233,0.011773516991433466,0.03540059220669567,0.040468996704719054,0.021273405349917736
2024-09-18 13:30:00,230.08999633789062,235.67999267578125,226.8800048828125,227.1999969482422,78010200,227.1999969482422,-0.0029402649901351108,228.38999633789064,219.31200103759767,222.42080078125,219.31200103759767,236.69377447642697,201.93022759876837,0.1585118311500834,64.16589862122659,74619505.0,1.0454397948632868,0.16848907156209547,0.0349200193406033,0.009742402546510948,0.038786969338766096,0.03596700533178868,0.021487181730329773
2024-09-19 13:30:00,234.0,244.24000549316406,232.1300048828125,243.9199981689453,102694600,243.9199981689453,0.07359155565707187,231.21199645996094,220.34450073242186,222.0340005493164,220.34450073242186,240.88286200686196,199.80613945798177,0.18642045711302876,70.47878571225769,76246935.0,1.346868565929896,0.3164252879751621,0.03841335312462699,0.029929591298836603,0.05216904474053288,0.10699380904973278,0.09857047823974044
2024-09-20 13:30:00,241.52000427246094,243.99000549316406,235.9199981689453,238.25,99879100,238.25,-0.02324531900421767,232.8039978027344,221.7240005493164,221.97840057373048,221.7240005493164,243.2080086721645,200.2399924264683,0.19379055104203374,63.44996998061109,77265165.0,1.292679566529108,-0.027416241944561826,0.03626647930546577,-0.0098392666222557,0.034206541992424545,0.07453410280231637,0.07330262486896728
2024-09-23 13:30:00,242.61000061035156,250.0,241.9199981689453,250.0,86927200,250.0,0.04931794333683115,237.447998046875,223.20800018310547,222.01380065917968,223.20800018310547,248.11176537530753,198.3042349909034,0.22314401967467665,70.1061450043107,77535265.0,1.1211311394885928,-0.1296757780156209,0.03647039715672428,0.01830010749360572,0.03339947872111012,0.12003153916936714,0.1260561246991254
2024-09-24 13:30:00,254.0800018310547,257.19000244140625,249.0500030517578,254.27000427246094,88491000,254.27000427246094,0.017080017089843746,242.72799987792968,225.26100006103516,222.04640075683594,225.26100006103516,253.27051076990995,197.25148935216038,0.24868495390933648,68.65368439221952,78994755.0,1.1202136141823593,0.017989766149145492,0.035327031161415494,0.01632000732421875,0.03268419710862953,0.12877952332434686,0.14512103508902727
2024-09-25 13:30:00,252.5399932861328,257.04998779296875,252.27999877929688,257.0199890136719,65034300,257.0199890136719,0.010815214909361437,248.69199829101564,227.6514991760254,222.0556005859375,227.6514991760254,257.95953024546037,197.34346810659042,0.26626691393760693,65.71461895258915,79105400.0,0.822122130726853,-0.2650744143472218,0.03469781112240023,-0.006803834338533875,0.01890751956854425,0.12900635376417216,0.1574578093751022
2024-09-26 13:30:00,260.6000061035156,261.75,251.52999877929688,254.22000122070312,67142200,254.22000122070312,-0.01089404681602335,250.7519989013672,230.07499923706055,222.17000061035156,230.07499923706055,260.7583811049007,199.3916173692204,0.2667250415698158,81.61072033102208,79256690.0,0.8471486760297459,0.03241212713906361,0.03448502821806538,0.01392894421784959,0.04063134127261929,0.10494404895668163,0.14425890319261336
2024-09-27 13:30:00,257.3800048828125,260.70001220703125,254.1199951171875,260.4599914550781,70988100,260.4599914550781,0.024545630573566513,255.19399719238282,232.78399887084962,222.39460052490233,232.78399887084962,264.1804594776499,201.3875382640493,0.2697475836749354,81.79595805355754,79690655.0,0.8907957902968673,0.05727992231413337,0.03454566771529764,0.012430192931066791,0.025893346514544727,0.11889130145746558,0.17116148881462379
2024-09-30 13:30:00,259.0400085449219,264.8599853515625,255.77000427246094,261.6300048828125,80705700,261.6300048828125,0.004492104223754234,257.51999816894534,235.15999908447264,222.84320068359375,235.15999908447264,267.77488290030004,202.54511526864525,0.2773846227488008,79.18040464946327,80557410.0,1.0018407990028477,0.13689054926107325,0.03404430675043316,-0.0054518273698137484,0.03553966816772772,0.11256168524150857,0.17405424118948373
2024-10-01 13:30:00,262.6700134277344,263.9800109863281,248.52999877929688,258.0199890136719,87397600,258.0199890136719,-0.013798172234708361,258.2699951171875,237.53099822998047,222.97340057373046,237.53099822998047,269.516763864739,205.5452325952219,0.2693186647057285,73.9464805261485,81091580.0,1.0777641772425695,0.08291731562950333,0.03394068572427024,0.00397511189661793,0.06216558275828661,0.08625817655956512,0.15717833763921354
2024-10-02 13:30:00,247.5500030517578,251.16000366210938,241.5,249.02000427246094,93983900,249.02000427246094,-0.03488095932262847,256.6699981689453,239.01149826049806,223.02620056152344,239.01149826049806,270.19672730214927,207.82626921884682,0.2609517054084362,63.77457070000304,81758185.0,1.149535058783411,0.07536019295724361,0.034572735496290065,-0.04057819706890726,0.040000015164013976,0.04187457961145716,0.11655044853695078
2024-10-03 13:30:00,244.47999572753906,249.7899932861328,237.80999755859375,240.66000366210938,80729200,240.66000366210938,-0.03357160254966751,253.95799865722657,239.53599853515624,223.51960052490233,239.53599853515624,270.4467575536907,208.6252395166218,0.25808863141710814,56.680849357099646,79826895.0,1.0113032706583414,-0.14103160222123146,0.03420873470857445,-0.018231501353419395,0.05037633341965501,0.004692426749327068,0.07668411672602927
2024-10-04 13:30:00,246.69000244140625,250.9600067138672,244.5800018310547,250.0800018310547,86573200,250.0800018310547,0.03914235030998814,251.8820007324219,241.50349884033204,224.11620056152344,241.50349884033204,269.5728693673457,213.43412831331844,0.2324551872896172,63.9487609994583,78546705.0,1.1021875456137848,0.0723901636582549,0.028265346423984667,0.025056090283132767,0.02608555415425801,0.035512955430898024,0.11584972975839723
2024-10-07 13:30:00,249.0,249.8300018310547,240.6999969482422,240.8300018310547,68113300,240.8300018310547,-0.03698816351676526,247.7220001220703,242.73149871826172,224.53680053710937,242.73149871826172,268.17923709188597,217.28376034463747,0.20967808881830718,57.06806822983856,78580195.0,0.8667998342330405,-0.2132288052191671,0.029728305621140115,-0.0043186253324817995,0.03793105524955918,-0.007833745917805654,0.07256361208929102
2024-10-08 13:30:00,243.55999755859375,246.2100067138672,240.55999755859375,244.5,56303200,244.5,0.015238957526229946,245.01800231933595,243.64799880981445,224.78480041503906,243.64799880981445,267.87536455736364,219.4206330622653,0.19887186322806985,59.13604096860135,77450800.0,0.7269544020203794,-0.17338904443038294,0.02831815186009722,0.011335779208498238,0.023486902280572444,0.003496852813679778,0.08770699597374516
2024-10-09 13:30:00,243.82000732421875,247.42999267578125,239.50999450683594,241.0500030517578,66289500,241.0500030517578,-0.014110416966225725,243.42400207519532,244.29399871826172,225.15340057373047,244.29399871826172,267.4442178663314,221.14377957019204,0.18952753051267768,48.23731970031961,76587845.0,0.865535516765095,0.17736647295358,0.028589143074240347,-0.0027811561381646216,0.033067505952112844,-0.013279064092954354,0.07060343053900145
2024-10-10 13:30:00,241.80999755859375,242.7899932861328,232.33999633789062,238.77000427246094,83087100,238.77000427246094,-0.009458613360014412,243.04600219726564,244.74199905395508,225.2874005126953,244.74199905395508,267.0432579770964,222.4407401308138,0.18224300699795162,50.333250735314685,77147455.0,1.0769908093533351,0.25339759690448704,0.028705578801452546,0.0031528500195569503,0.044977176176954146,-0.024401184939972557,0.059846239643596304
2024-10-11 13:30:00,220.1300048828125,223.33999633789062,214.3800048828125,217.8000030517578,142628900,217.8000030517578,-0.08782510719719305,236.59000244140626,244.11749954223632,225.30620056152344,244.11749954223632,268.70506548611684,219.52993359835577,0.20144042102664977,31.545159224739947,81303145.0,1.7542851509618724,0.7166190660162648,0.03507463304739594,-0.07806675485241561,0.04179490274746456,-0.10780667727560903,-0.03331553899119585
2024-10-14 13:30:00,220.1300048828125,221.91000366210938,213.74000549316406,219.16000366210938,86291900,219.16000366210938,0.00624426350457119,232.2560028076172,243.73649978637695,225.53600067138672,243.73649978637695,269.65535838325894,217.81764118949496,0.21267933706768247,29.1829642157481,82901590.0,1.0408955968154532,-0.39499007564385624,0.03498296132562338,0.010697896227765376,0.03822400093091889,-0.10083223540917206,-0.028270417983368323
2024-10-15 13:30:00,220.00999450683594,224.25999450683594,217.1199951171875,219.57000732421875,62988800,219.57000732421875,0.0018707960177875016,227.27000427246094,243.3215003967285,225.94980072021485,243.3215003967285,270.54307947124215,216.09992132221487,0.22374988671473472,27.161857452111335,82712950.0,0.761534922886924,-0.27004968021332243,0.034962931168659776,0.0038784031325215644,0.03288503845900845,-0.09761362244513391,-0.028235445995794264
2024-10-16 13:30:00,221.39999389648438,222.82000732421875,218.92999267578125,221.3300018310547,49632800,221.3300018310547,0.008015641700267029,223.3260040283203,243.02800064086915,226.36360076904296,243.02800064086915,271.09490768856193,214.96109359317637,0.230976734974405,29.684990346153043,81294080.0,0.6105340019839083,-0.21203769559032715,0.03502114222770646,0.008334410489696131,0.017768303926261567,-0.08928188831162029,-0.02223678595360398
2024-10-17 13:30:00,221.58999633789062,222.0800018310547,217.89999389648438,220.88999938964844,50791800,220.88999938964844,-0.001987992760882462,219.7500030517578,241.8765007019043,226.94620086669923,241.8765007019043,271.62843981936584,212.12456158444274,0.2460093397343193,23.67266317714548,78698940.0,0.645393699076506,0.023351493367289367,0.030346056073803838,0.0011746916580897882,0.01918314847019256,-0.08676535856668538,-0.02668562617008956
2024-10-18 13:30:00,220.7100067138672,222.27999877929688,219.22999572753906,220.6999969482422,49611900,220.6999969482422,-0.0008601676940163117,220.3300018310547,240.9990005493164,227.38340087890626,240.9990005493164,272.20118539004267,209.79681570859017,0.25894036713518437,22.407975633665615,76185580.0,0.6511980351137315,-0.02323012769777799,0.030029441918550327,-0.0008148520814821687,0.013912343708423836,-0.08422858001405018,-0.02939266412953045
2024-10-21 13:30:00,218.89999389648438,220.47999572753906,215.72999572753906,218.85000610351562,47329000,218.85000610351562,-0.008382378207102636,220.26800231933595,239.44150085449218,227.76040100097657,239.44150085449218,271.8388089536046,207.04419275537978,0.2706072922488082,22.95263262149507,74205670.0,0.6378084046677296,-0.046015169747580686,0.027352468715603883,-0.008155881634107784,0.022018264006267895,-0.08599801904637215,-0.039121791401406696
2024-10-22 13:30:00,217.30999755859375,218.22000122070312,215.25999450683594,217.97000122070312,43268700,217.97000122070312,-0.004021041161846095,219.9480010986328,237.6265007019043,228.17000091552734,237.6265007019043,270.5883214843795,204.6646799194291,0.2774254612605256,25.85160499740229,71944555.0,0.6014172997525664,-0.08578883982336416,0.02680607694799655,-0.007036822033230623,0.013750844510837277,-0.08272014873399869,-0.044703509023521625
2024-10-23 13:30:00,217.1300048828125,218.72000122070312,212.11000061035156,213.64999389648438,80938900,213.64999389648438,-0.019819274670942355,218.41199951171876,235.45800094604493,228.28640075683595,235.45800094604493,268.75255686273147,202.1634450293584,0.28280674925390165,27.58505413641079,72739785.0,1.1127184387471039,0.8706108572709603,0.026589600001828872,-0.003853724517990418,0.031163078550427274,-0.09261952009249348,-0.06411423024686366
2024-10-24 13:30:00,244.67999267578125,262.1199951171875,242.64999389648438,260.4800109863281,204491900,260.4800109863281,0.21919035070290427,226.3300018310547,235.77100143432617,229.46840087890624,235.77100143432617,269.9150749774478,201.62692789120453,0.28963760034443786,55.32459919124996,79607270.0,2.568759109563737,1.5264971478485623,0.05748478997718448,0.14523753646504306,0.08023903445474274,0.1048008847639587,0.13514544917139662
2024-10-25 13:30:00,256.010009765625,269.489990234375,255.32000732421875,269.19000244140625,161611900,269.19000244140625,0.03343823359841336,236.0280029296875,236.20750198364257,230.5694009399414,236.20750198364257,271.869975542321,200.54502842496413,0.30195885616831997,64.60049298829495,84138460.0,1.9207850963756645,-0.20969045717703239,0.05769704501717851,-0.01716063049819874,0.0554989131429973,0.13963358564304923,0.16750098384271173
2024-10-28 13:30:00,270.0,273.5400085449219,262.239990234375,262.510009765625,107653600,262.510009765625,-0.024815158866218545,244.76000366210937,236.2515022277832,231.49720123291016,236.2515022277832,272.0479637937848,200.4550406617816,0.3030369011705859,58.993313136608286,85485855.0,1.259314772016961,-0.33387578513710936,0.058030933122820365,0.0030090179844998502,0.043090370391058855,0.11114641511368899,0.1339662353045588
2024-10-29 13:30:00,264.510009765625,264.9800109863281,255.50999450683594,259.5199890136719,80521800,259.5199890136719,-0.01139012091242797,253.07000122070312,236.3265022277832,232.23320098876954,236.3265022277832,272.32074035857664,200.33226409698977,0.30461448708871763,59.265566693075215,85142065.0,0.9457346377492724,-0.25202872918323216,0.05799972536659149,0.007618757097246106,0.037063193937953084,0.09814170889532157,0.11749736001882817
2024-10-30 13:30:00,258.0400085449219,263.3500061035156,255.82000732421875,257.54998779296875,53993600,257.54998779296875,-0.007590942139718337,261.85,236.75300140380858,232.96220062255858,236.75300140380858,273.5731987012635,199.93280410635367,0.3110431300058069,59.45047183828269,83142550.0,0.649409959160502,-0.32945363864195787,0.05741057243027248,-0.005702760987216413,0.029434753200337362,0.08784254588472394,0.10554410588800577
2024-10-31 13:30:00,257.989990234375,259.75,249.25,249.85000610351562,66575300,249.85000610351562,-0.029897037679701755,259.7239990234375,237.2125015258789,233.4938006591797,237.2125015258789,274.4648330560933,199.9601699956645,0.31408404945428503,68.61424017568254,82434855.0,0.8076110523879735,0.23302206187399999,0.05729274235537304,0.0017084156950531305,0.04212637913741224,0.05327503608092097,0.07004984885320505
2024-11-01 13:30:00,252.0399932861328,254.0,246.6300048828125,248.97999572753906,57544800,248.97999572753906,-0.003482130697311625,255.68199768066407,237.15750122070312,234.26020050048828,237.15750122070312,274.3330104936436,199.98199194776265,0.3135090316063354,67.41821531750307,80983435.0,0.7105749465924729,-0.1356433992787115,0.05667876437588911,0.008765207641059059,0.02988280002949921,0.04985081410447864,0.0628352370381417
2024-11-04 14:30:00,244.55999755859375,248.89999389648438,238.8800048828125,242.83999633789062,68802400,242.83999633789062,-0.024660613282231236,251.74799499511718,237.25800094604492,234.71060028076172,237.25800094604492,274.48614341978663,200.0298584723032,0.3138199118706037,62.739507642257735,81017890.0,0.8492247823289399,0.19563192503927374,0.05630779060013428,-0.017752422864454356,0.04194569997010585,0.023527111286397107,0.034635828323920974
2024-11-05 14:30:00,247.33999633789062,255.27999877929688,246.2100067138672,251.44000244140625,69282500,251.44000244140625,0.03541429020427711,250.13199768066406,237.60500106811523,235.4752001953125,237.60500106811523,275.24446453159186,199.9655376046386,0.3168238319418737,65.33563808283016,81666855.0,0.8483551864462027,0.0069779542574095466,0.05674056930708382,0.018530720094965918,0.03683843799236955,0.05822689468276336,0.06779823197029622
2024-11-06 14:30:00,284.6700134277344,289.5899963378906,275.6199951171875,288.5299987792969,165228700,288.5299987792969,0.14751032444224466,256.3279998779297,239.9790008544922,237.0616000366211,239.9790008544922,283.9843440710646,195.9736576379198,0.3667432822028823,75.08529448880745,86613815.0,1.9076483353146378,1.3848547613033593,0.0650997064693164,0.13215880792107376,0.05068573205207188,0.20231352639993228,0.21710980915814704
2024-11-07 14:30:00,288.8900146484375,299.75,285.5199890136719,296.9100036621094,117309200,296.9100036621094,0.02904379065700735,265.73999938964846,242.8860008239746,238.88480010986328,242.8860008239746,293.70849487332816,192.06350677462103,0.418488458593263,76.64498754575315,88324920.0,1.3281551797612723,-0.2900192278944276,0.06503602926354876,0.0012477588835260395,0.04983893084153465,0.22242534627299204,0.24290035835499063
2024-11-08 14:30:00,299.1400146484375,328.7099914550781,297.6600036621094,321.2200012207031,204782800,321.2200012207031,0.08187665372925301,280.18800048828126,248.05700073242187,241.1836001586914,248.05700073242187,308.30389899632036,187.81010246852335,0.48575043708511656,80.93309224690998,91432615.0,2.2397128202009755,0.7456670065092934,0.062226380846558293,0.00751073038571624,0.10431360414889781,0.2949443082527709,0.3318484383239583
2024-11-11 14:30:00,346.29998779296875,358.6400146484375,336.0,350.0,210521600,350.0,0.08959591143118995,301.6200012207031,254.5990005493164,243.90140014648438,254.5990005493164,328.50136144373243,180.69663965490037,0.5805392851893854,84.1392101350478,97644100.0,2.1560094260687537,0.02802383793951435,0.06393381855611381,0.07807728807968506,0.06738099597749256,0.37471081679365903,0.4350061122641937
2024-11-12 14:30:00,342.739990234375,345.8399963378906,323.30999755859375,328.489990234375,155726000,328.489990234375,-0.06145717075892854,317.0299987792969,260.04499969482424,246.25919982910156,260.04499969482424,338.9614443139896,181.12855507565888,0.6069445266148378,77.27013227229108,102280960.0,1.5225316618068505,-0.2602849303824406,0.06667272661309795,-0.020742885044642858,0.06968543796797914,0.2632044093132895,0.3339196686350796
2024-11-13 14:30:00,335.8500061035156,344.6000061035156,322.5,330.239990234375,125405600,330.239990234375,0.005327407385385952,325.3719970703125,265.49049911499026,248.47579956054688,265.49049911499026,348.10245340143524,182.87854482854527,0.6223345435097004,71.07806823079387,106069600.0,1.1822953984930649,-0.19470351771701577,0.06670571139740333,0.022405601655896158,0.06852715070857558,0.24388628344602342,0.329062994538848
2024-11-14 14:30:00,327.69000244140625,329.9800109863281,310.3699951171875,311.17999267578125,120726100,311.17999267578125,-0.05771559508909463,328.2259948730469,270.0049987792969,250.0959994506836,270.0049987792969,352.22191637387886,187.78808118471494,0.6090029293256631,61.94050678301402,109566315.0,1.1018541601951293,-0.03731492054581298,0.06889510048979508,-0.007721620240961718,0.06318270508634832,0.1524971540624733,0.2442421844382313
2024-11-15 14:30:00,310.57000732421875,324.67999267578125,309.2200012207031,320.7200012207031,114440300,320.7200012207031,0.030657525449785616,328.12599487304686,275.0059989929199,252.29579956054687,275.0059989929199,356.7617720238084,193.25022596203138,0.5945744698681525,66.28797938283422,112807735.0,1.014472101580623,-0.0520666202254525,0.06876846784688521,-0.0019602331959627122,0.04999673822536366,0.16622910916557912,0.27120626573783113
2024-11-18 14:30:00,340.7300109863281,348.54998779296875,330.010009765625,338.739990234375,126085600,338.739990234375,0.056186046847983784,325.8739929199219,281.00049819946287,254.74519927978517,281.00049819946287,363.00033927870226,199.00065712022348,0.5836277273859732,70.44703714678606,116745565.0,1.0800033388848647,0.10175873359297372,0.0688349744510761,0.06239090075288174,0.05618004750980417,0.20547825503827702,0.32972080020373157
2024-11-19 14:30:00,335.760009765625,347.3800048828125,332.75,346.0,88852500,346.0,0.021432396454288627,329.37599487304686,287.40199813842776,257.14179931640626,287.40199813842776,368.67008452235996,206.13391175449556,0.5655359872953233,72.22250335829821,119024755.0,0.7465043721367038,-0.29530017702259415,0.06852091805378513,-0.00879725026468869,0.04396695682287754,0.2038886376612747,0.3455610908837736
2024-11-20 14:30:00,345.0,346.6000061035156,334.29998779296875,342.0299987792969,66340700,342.0299987792969,-0.011473991967350106,331.73399658203124,293.82099838256835,259.41979919433595,293.82099838256835,370.72445514976505,216.91754161537168,0.5234714822326271,73.6020019578255,118294845.0,0.5608080385920452,-0.2533614698517206,0.06825568386607433,-0.002890173410404624,0.03679335554796445,0.16407608939493906,0.3184421537658973
2024-11-21 14:30:00,343.80999755859375,347.989990234375,335.2799987792969,339.6400146484375,58011700,339.6400146484375,-0.006987644766217049,337.4260009765625,297.7789985656738,261.6163995361328,297.7789985656738,375.60014086959086,219.95785626175677,0.5226771711823992,73.03354103532588,110970835.0,0.5227652833287233,-0.12554887120576053,0.05112534949487251,0.00520421830146385,0.03790858834810683,0.1405774627639881,0.29823671318253336
2024-11-22 14:30:00,341.0899963378906,361.5299987792969,337.70001220703125,352.55999755859375,89140700,352.55999755859375,0.038040225983177356,343.79400024414065,301.9474983215332,264.06179962158205,301.9474983215332,382.2137890071568,221.68120763590963,0.5316572657949352,76.9476393696871,107347275.0,0.8303955549873064,0.5365986516513048,0.05122508980628493,0.004269172143788787,0.07056554844794127,0.16762019728067126,0.3351419935175608
2024-11-25 14:30:00,360.1400146484375,361.92999267578125,338.20001220703125,338.5899963378906,95890900,338.5899963378906,-0.039624464821427674,343.7640014648438,305.75149765014646,266.2979995727539,305.75149765014646,385.3566636904924,226.14633160980054,0.520718077603227,70.85427172374892,106759140.0,0.8981985055331094,0.07572522988937713,0.051929765866880286,0.02149993516659243,0.07016552221241064,0.10740257673347306,0.27147029598840905
2024-11-26 14:30:00,341.0,346.9599914550781,335.6600036621094,338.2300109863281,62295900,338.2300109863281,-0.001063189566898104,342.2100036621094,309.6869987487793,268.50519989013674,309.6869987487793,387.42935968168416,231.9446378158744,0.5020705502459285,64.42922444015066,105847845.0,0.5885419774016183,-0.3503460703778982,0.05171449408319687,0.007117763927391255,0.03366498143861022,0.09216729263052849,0.25967769385740175
2024-11-27 14:30:00,341.79998779296875,342.54998779296875,326.5899963378906,332.8900146484375,57896400,332.8900146484375,-0.015788061864523528,340.3820068359375,313.45400009155276,270.61900024414064,313.45400009155276,387.7857044548276,239.12229572827792,0.4742750409410265,60.633650264291525,106042985.0,0.5459710512675591,-0.07062262524500007,0.051931287668337316,0.010554878900988269,0.04886858640509579,0.06200595478509742,0.2301058475129931
2024-11-29 14:30:00,336.0799865722656,345.45001220703125,334.6499938964844,345.1600036621094,37167600,345.1600036621094,0.03685898787510977,341.4860046386719,318.2194999694824,272.64380035400393,318.2194999694824,387.4260004685633,249.01299947040152,0.43496077710962316,57.61741425109561,104572600.0,0.35542388732803815,-0.35803262379008016,0.05108995600983901,0.009582660288555152,0.032272578836166334,0.08466012829261123,0.26597415093961263
2024-12-02 14:30:00,352.3800048828125,360.0,351.1499938964844,357.0899963378906,77986500,357.0899963378906,0.034563659025395044,342.3920043945312,323.625,275.0206002807617,323.625,386.675074598181,260.574925401819,0.3896489739555413,52.526908186845354,105594685.0,0.73854569479515,1.0982387886223486,0.05097636697366745,0.020917838521554388,0.02520292256113358,0.10340670942569524,0.2984118134181451
2024-12-03 14:30:00,351.79998779296875,355.69000244140625,348.20001220703125,351.4200134277344,58267200,351.4200134277344,-0.01587830229999254,344.9580078125,329.0540008544922,277.0490005493164,329.0540008544922,380.4341045332127,277.6738971757717,0.31228979769457843,59.21255034667942,105067925.0,0.5545669622770222,-0.2528553018791714,0.050613502334585087,-0.014814216581738935,0.021510597276836494,0.06797064468191179,0.2684399248182072
2024-12-04 14:30:00,353.0,358.1000061035156,348.6000061035156,357.92999267578125,50810900,357.92999267578125,0.018524782309774723,348.89800415039065,334.3785003662109,279.1222003173828,334.3785003662109,372.16594121955075,296.5910595128711,0.22601597179217606,60.71512417482493,104144345.0,0.48788918879848925,-0.12796736414311993,0.05048044922515732,0.0044960062372501495,0.027251864124118824,0.07043363219757481,0.28234154169316555
2024-12-05 14:30:00,359.8699951171875,375.42999267578125,359.5,369.489990234375,81403600,369.489990234375,0.03229681165351517,356.21799926757814,338.42649993896487,281.37160034179686,338.42649993896487,372.7177797015447,304.135220176385,0.20265126855470403,73.95450066320812,99953090.0,0.8144180435042079,0.6020893154815208,0.040659796700028415,0.0054200611323553865,0.0443115234375,0.09178799621487214,0.3131744276449226
2024-12-06 14:30:00,377.4200134277344,389.489990234375,370.79998779296875,389.2200012207031,81455800,389.2200012207031,0.053397958017247005,365.0299987792969,343.04199981689453,284.07160034179685,343.04199981689453,378.629667399114,307.45433223467506,0.2074828598318287,75.9666606202176,98160420.0,0.8298232627774005,0.000641249281358558,0.041514324444232,0.021462078548675163,0.05040453898785338,0.13461325851778214,0.37014752883565627
2024-12-09 14:30:00,397.6099853515625,404.79998779296875,378.010009765625,389.7900085449219,96359200,389.7900085449219,0.0014644862094215227,371.57000122070315,346.47050018310546,286.65820068359375,346.47050018310546,386.1796382029048,306.7613621633061,0.22922088892886153,72.30233888267456,92739240.0,1.0390337466643031,0.18296303025690008,0.03841768899477078,0.02155589153832288,0.07087108101701899,0.125030870850253,0.35977274543477117
2024-12-10 14:30:00,392.67999267578125,409.7300109863281,390.8500061035156,400.989990234375,97563600,400.989990234375,0.02873337295448497,381.48399658203124,349.0199996948242,289.445400390625,349.0199996948242,395.6310279179851,302.40897147166334,0.2670966034262597,73.22410682064236,87091340.0,1.1202445616292045,0.01249906599473638,0.03396867209805107,0.007414207823457627,0.04830498807210503,0.14890261470687144,0.38537350979913115
2024-12-11 14:30:00,409.70001220703125,424.8800048828125,402.3800048828125,424.7699890136719,104287600,424.7699890136719,0.05930322291934931,394.85199584960935,353.83399963378906,292.780400390625,353.83399963378906,410.35205535556935,297.3159439120088,0.31946085328303847,79.93489725372493,84519420.0,1.233889205581392,0.06891914607497052,0.031749943606870334,0.021721295256186622,0.05591729143338722,0.20047816053092724,0.4508142910076888
2024-12-12 14:30:00,424.8399963378906,429.29998779296875,415.0,418.1000061035156,87752200,418.1000061035156,-0.015702575706076027,404.5739990234375,358.2270004272461,296.1620004272461,358.2270004272461,420.39883978916424,296.0551610653279,0.3471086170934506,77.53370740670852,82636750.0,1.0619028458887843,-0.15855576310126995,0.03237391510774828,0.00016481231261490252,0.034457801910768075,0.16713705445111868,0.41172738400051534
2024-12-13 14:30:00,420.0,436.29998779296875,415.7099914550781,436.2300109863281,89000200,436.2300109863281,0.04336284290396253,413.9760009765625,364.47950134277346,300.07340057373045,364.47950134277346,431.67838449412886,297.28061819141806,0.3687388887648771,78.3262454842987,81050455.0,1.0980839034154712,0.014221865662627176,0.02851852828565981,0.0045443527116667,0.04952971244646063,0.19685746215965422,0.453744351056344
2024-12-16 14:30:00,441.0899963378906,463.19000244140625,436.1499938964844,463.0199890136719,114083800,463.0199890136719,0.06141250567967771,428.6219970703125,371.59450073242186,304.3322003173828,371.59450073242186,448.689652526117,294.4993489387267,0.4149423720842947,88.76084970914071,81032630.0,1.4078748277082949,0.28183756890433953,0.030057780033127784,0.011140878044071151,0.06199703983336415,0.24603563319975977,0.5214295054246522
2024-12-17 14:30:00,475.8999938964844,483.989990234375,457.510009765625,479.8599853515625,131223000,479.8599853515625,0.036369912179738284,444.39599609375,378.65050048828124,309.112799987793,378.65050048828124,467.95029148420406,289.3507094923584,0.4716739625631977,90.01075073216194,81289500.0,1.6142675253261491,0.15023342490344826,0.029076438205215004,0.027817384105272795,0.05787847239083417,0.26728998042460944,0.5523782430572671
2024-12-18 14:30:00,466.5,488.5400085449219,427.010009765625,440.1300048828125,149340800,440.1300048828125,-0.0827949436951747,447.46799926757814,383.35700073242185,313.02540008544923,383.35700073242185,475.2943954255941,291.41960603924963,0.4796437499120738,75.36665003488056,84313915.0,1.771247367649812,0.13806878367359388,0.036749599078745095,-0.027841424080764933,0.14409497991175696,0.14809434558889784,0.40605204805318174
2024-12-19 14:30:00,451.8800048828125,456.3599853515625,420.0199890136719,436.1700134277344,118566100,436.1700134277344,-0.008997322180141931,451.0820007324219,388.0640014648437,316.92780029296875,388.0640014648437,480.7291912961247,295.39881163356273,0.47757684032269565,72.40854414524134,86925185.0,1.3640016987021655,-0.2060702768433007,0.03666775529934161,0.02669665750947499,0.08651968308276808,0.12396411875696428,0.37624409415815796
2024-12-20 14:30:00,425.510009765625,447.0799865722656,417.6400146484375,421.05999755859375,132216200,421.05999755859375,-0.034642491239586515,448.047998046875,392.13500061035154,320.5736001586914,392.13500061035154,482.97884610925803,301.29115511144505,0.46332944193968695,65.50788596763405,90635410.0,1.4587698119311205,0.11512649905833117,0.03795502025458863,-0.02444001956561727,0.07049126254966304,0.07376285438234521,0.3134581180426561
2024-12-23 14:30:00,431.0,434.510009765625,415.4100036621094,430.6000061035156,72698100,430.6000061035156,0.022657123925894362,441.5640014648437,396.03700103759763,324.82960021972656,396.03700103759763,486.4264902882803,305.64751178691495,0.4564699208097558,68.84161848367734,89813280.0,0.8094359765059242,-0.45015739372331076,0.0375423293808783,0.023607092811097595,0.04597868596118689,0.08727216137725669,0.32561812658773126
2024-12-24 14:30:00,435.8999938964844,462.7799987792969,435.1400146484375,462.2799987792969,59551800,462.2799987792969,0.07357174228224572,438.0480041503906,402.221501159668,329.69200012207034,402.221501159668,492.9863789702854,311.4566233490506,0.4513178810626879,72.17476930228491,87996325.0,0.6767532621390723,-0.18083416210327363,0.03808135052550683,0.012308378350776522,0.06351974812794575,0.14931697446921852,0.4021571606473165
2024-12-26 14:30:00,465.1600036621094,465.3299865722656,451.0199890136719,454.1300048828125,76366400,454.1300048828125,-0.017629994630971146,440.84800415039064,408.01650085449216,334.38320007324216,408.01650085449216,496.3456591489657,319.68734256001864,0.4329685594062466,68.25082696760646,88699850.0,0.8609529779362648,0.2823525065573165,0.03865663388149115,0.0062300010608667515,0.031728078371621726,0.11301872334022453,0.3581125032099143
2024-12-27 14:30:00,449.5199890136719,450.0,426.5,431.6600036621094,82666800,431.6600036621094,-0.04947922616674816,439.9460021972656,412.95500030517576,338.5898001098633,412.95500030517576,494.3726263971578,331.53737421319374,0.39431718241364794,59.04441530244565,89938370.0,0.9191494130925433,0.08250225229944053,0.04077061956512037,-0.010151313103238427,0.05509964830011723,0.045295500340498424,0.27487598126714774
2024-12-30 14:30:00,419.3999938964844,427.0,415.75,417.4100036621094,64941000,417.4100036621094,-0.03301209257078741,439.21600341796875,416.56750030517577,342.5202001953125,416.56750030517577,491.47041865564694,341.6645819547046,0.35961959728302173,55.56182103592152,91327040.0,0.7110818438876372,-0.21442465415378364,0.041680433110343626,-0.028402005424671615,0.027059530968129887,0.0020224894076383546,0.2186434651856827
2024-12-31 14:30:00,423.7900085449219,427.92999267578125,402.5400085449219,403.8399963378906,76825100,403.8399963378906,-0.03251001941775111,433.86400146484374,418.9050003051758,346.1830001831055,418.9050003051758,488.7390318925439,349.0709687178077,0.33341226071063085,50.56847780843158,91268970.0,0.8417439136214642,0.1829984139449654,0.042325272621248106,0.015284743601825777,0.06307443630916988,-0.03596281724092622,0.1665506282061476
2025-01-02 14:30:00,390.1000061035156,392.7300109863281,373.0400085449219,379.2799987792969,109710700,379.2799987792969,-0.06081615932376483,417.2640014648438,420.2979995727539,349.39160003662107,420.2979995727539,485.41630518836604,355.17969395714175,0.3098673116779378,40.95446429351641,93841145.0,1.169110841518398,0.42805801749688577,0.044729480348538214,-0.03402335172090985,0.05278254876255494,-0.09759266243273369,0.08554412510072677
2025-01-03 14:30:00,381.4800109863281,411.8800048828125,379.45001220703125,410.44000244140625,95423300,410.44000244140625,0.08215567328200035,408.5260009765625,422.92350006103516,353.24100006103515,422.92350006103516,481.34378667187605,364.50321345019427,0.2762688126926493,48.612016300374215,96071765.0,0.9932502020755005,-0.1302279540646446,0.047908908180635985,0.005800496240539796,0.08546578371985178,-0.029517152907859983,0.1619262836717366
2025-01-06 14:30:00,423.20001220703125,426.42999267578125,401.70001220703125,411.04998779296875,85516500,411.04998779296875,0.0014861742226248698,404.40399780273435,425.00149993896486,357.18899993896486,425.00149993896486,478.13667139693297,371.86632848099674,0.2500469832017014,45.12808067638927,96277410.0,0.8882301673881755,-0.10381950739494439,0.04757929066991601,0.031088611465074238,0.061563305245817296,-0.03282697154715855,0.15079128378311613
2025-01-07 14:30:00,405.8299865722656,414.3299865722656,390.0,394.3599853515625,75699500,394.3599853515625,-0.040603340073111505,399.793994140625,425.2584991455078,359.86659942626954,425.2584991455078,477.7103044161574,372.80669387485824,0.24668198460956564,36.17509462084621,95989595.0,0.7886219334501828,-0.11479655972823954,0.04733630333555035,-0.012699188360838132,0.062384580954527244,-0.07265819226665939,0.09585047898383817
2025-01-08 14:30:00,392.95001220703125,402.5,387.3999938964844,394.94000244140625,73038800,394.94000244140625,0.0014707807875757872,398.0139953613281,425.51599884033203,362.38159942626953,425.51599884033203,477.2807149412057,373.75128273945836,0.243303265879305,31.703011332507998,94823575.0,0.7702599274494766,-0.03514818459831304,0.0473363015930896,-0.0035753453618634573,0.03897781709193945,-0.07185627915814025,0.08984562976344244
2025-01-10 14:30:00,391.3999938964844,399.2799987792969,377.2900085449219,394.739990234375,62287300,394.739990234375,-0.0005064369418008585,401.1059936523437,425.20349884033203,365.02619903564454,425.20349884033203,477.66243955508975,372.7445581255743,0.24674745554930888,38.21222465549839,93059760.0,0.6693258181624367,-0.14720258273684672,0.046907568902297685,-0.008963408424162034,0.05828405135662842,-0.07164453888324275,0.08140180424646433
2025-01-13 14:30:00,383.2099914550781,403.7900085449219,380.07000732421875,403.30999755859375,67580500,403.30999755859375,0.021710512074366584,399.67999267578125,424.1304992675781,367.901999206543,424.1304992675781,477.49681644923896,370.76418208591724,0.2516504579313113,41.66581912835909,91224405.0,0.7408160129956451,0.08498040531536932,0.045136663109868046,-0.029209097290727987,0.0624095581435048,-0.04908984792402063,0.09624301696760401
2025-01-14 14:30:00,414.3399963378906,422.6400146484375,394.5400085449219,396.3599853515625,84565000,396.3599853515625,-0.017232432245921525,396.7419921875,423.04349822998046,370.67819915771486,423.04349822998046,477.7946698406656,368.2923266192953,0.2588441701137816,43.46491512794998,91065045.0,0.9286219536815691,0.25132249687409836,0.04516306476794983,0.027348686732454264,0.07122219672258204,-0.06307510454613326,0.06928323880984608
2025-01-15 14:30:00,409.8999938964844,429.79998779296875,405.6600036621094,428.2200012207031,81375500,428.2200012207031,0.08038151439752794,403.5139953613281,422.6429977416992,374.24559906005857,422.6429977416992,477.10444778182085,368.1815477015776,0.2577184542563086,49.436818662368495,90683810.0,0.8973542245302663,-0.0377165493998699,0.04778936388862555,0.03416088668212102,0.05950792267646515,0.013195542121372906,0.14422187541070536
2025-01-16 14:30:00,423.489990234375,424.0,409.1300048828125,413.82000732421875,68335200,413.82000732421875,-0.03362756026209679,407.2899963378906,420.18299865722656,377.5423992919922,420.18299865722656,471.30771127886237,369.05828603559075,0.2433449843759238,37.51160216614664,88396380.0,0.7730542811821027,-0.16024847773592787,0.04607131772089719,-0.011045749784794133,0.036345403514090165,-0.01514338122518508,0.0960888316127095
2025-01-17 14:30:00,421.5,439.739990234375,419.75,426.5,94991400,426.5,0.030641323404759335,413.6419982910156,417.51499938964844,381.21559936523437,417.51499938964844,460.43829574188885,374.591703037408,0.20561319432829278,43.042055379515304,86584800.0,1.0970909443689885,0.3900800758613423,0.04582030606872613,0.018558775650893426,0.04762356220220369,0.021520186396863445,0.11878947427694225
2025-01-21 14:30:00,432.6400146484375,433.20001220703125,406.30999755859375,424.07000732421875,87320900,424.07000732421875,-0.00569752092797482,417.79400024414065,416.7119995117188,384.66819946289064,416.7119995117188,458.4381190249724,374.9858799984651,0.20026358522022944,47.87407018511417,83483805.0,1.0459621479878642,-0.08074941521021906,0.04200539047157405,0.014396282880275498,0.06618103125695228,0.017657297656707042,0.10243063480772406
2025-01-22 14:30:00,416.80999755859375,428.0,414.5899963378906,415.1099853515625,60963300,415.1099853515625,-0.021128638710367298,421.54400024414065,415.6589981079102,387.1997991943359,415.6589981079102,456.3681174546741,374.94987876114624,0.19587748386091888,49.33609932920196,80603665.0,0.7563340947337817,-0.3018475531058429,0.042213508444556215,-0.01711983785751306,0.0323452176380547,-0.0013208249041805863,0.07208212973069862
2025-01-23 14:30:00,416.05999755859375,420.7300109863281,408.95001220703125,412.3800048828125,50690600,412.3800048828125,-0.006576523247056931,418.3760009765625,415.2249984741211,389.50919921875,415.2249984741211,455.87670984693824,374.57328710130395,0.1958057030390995,52.6296362492668,76527385.0,0.6623851056716494,-0.16850629805145068,0.041519479625037874,0.002288579510383667,0.028805473597426478,-0.006851691496811235,0.058716984630748544
2025-01-24 14:30:00,414.45001220703125,418.8800048828125,405.7799987792969,406.5799865722656,56427100,406.5799865722656,-0.014064741844588391,416.92799682617186,414.0239974975586,391.2163989257813,414.0239974975586,454.17939323533983,373.86860175977733,0.19397617519993168,59.50423935359366,75713835.0,0.7452680213596365,0.113166938248906,0.041264932616203974,0.005019659779108328,0.03228351851477208,-0.017979660527616768,0.03927132832026046
2025-01-27 14:30:00,394.79998779296875,406.69000244140625,389.0,397.1499938964844,58125500,397.1499938964844,-0.023193450212053546,411.05799560546876,410.76749725341796,392.1593988037109,410.76749725341796,444.49444897361633,377.0405455332196,0.1642143156199671,44.548361793278225,75642520.0,0.7684236326341323,0.030099012708432626,0.037422764297097885,-0.0289733857256722,0.045475584682278275,-0.033151365305158095,0.012725935188592557
2025-01-28 14:30:00,396.9100036621094,400.5899963378906,386.5,398.0899963378906,48910700,398.0899963378906,0.0023668700890153715,405.86199340820315,407.9654968261719,393.55139892578126,407.9654968261719,435.2130843669624,380.7179092853814,0.13357790182143908,44.69809161610994,74269735.0,0.6585549281951794,-0.15853282982511974,0.03738844113221527,-0.000604281097981214,0.03645535921834573,-0.024206705138324645,0.011532413363280382
2025-01-29 14:30:00,395.2099914550781,398.5899963378906,384.4800109863281,389.1000061035156,68033600,389.1000061035156,-0.02258280870425211,400.6599975585938,405.8374969482422,394.72859924316407,405.8374969482422,431.9161504235955,379.7588434728888,0.1285177129834272,47.70346797534398,73538075.0,0.9251479590674627,0.3909757987516025,0.036203841189575856,-0.007234557284298124,0.03669887887114174,-0.041241854117933165,-0.014259400384062546
2025-01-30 14:30:00,410.7799987792969,412.5,384.4100036621094,400.2799987792969,98092900,400.2799987792969,0.028732954254456988,398.2399963378906,404.9809967041016,396.5105993652344,404.9809967041016,430.5801242161949,379.38186919200825,0.12642137641237164,52.133949506004114,75195670.0,1.3045019746482742,0.4418302133063663,0.03628308174949771,0.055718304640718856,0.07307301077050354,-0.011607946948284794,0.0095064278737992
2025-01-31 14:30:00,401.5299987792969,419.989990234375,401.3399963378906,404.6000061035156,83283600,404.6000061035156,0.010792463618949588,397.8440002441406,405.0189971923828,398.1881994628906,405.0189971923828,430.6132490380685,379.42474534669714,0.12638543882191522,53.81461400724498,75518595.0,1.1028224240665494,-0.15097219064784506,0.0356198848144449,0.0031228140397022808,0.046469312968206715,-0.001034497373633484,0.016102452682610336
2025-02-03 14:30:00,386.67999267578125,389.1700134277344,374.3599853515625,383.67999267578125,93732100,383.67999267578125,-0.05170542044525339,395.15,405.238996887207,399.0869995117188,405.238996887207,429.9625261998745,380.5154675745395,0.12201949714898226,43.0680128682897,74719665.0,1.2544502173557657,0.12545687266160455,0.03484171205814115,-0.04429068995898531,0.03956092706399627,-0.05320071458331644,-0.03860563449771085
2025-02-04 14:30:00,382.6300048828125,394.0,381.3999938964844,392.2099914550781,57072200,392.2099914550781,0.022232065633156273,393.9739990234375,404.32749633789064,400.0111993408203,404.32749633789064,429.5821536121883,379.072839063593,0.12492178990069323,48.550676291380285,72802110.0,0.7839360699847848,-0.3911136099585948,0.02970633750239489,-0.002736623782872136,0.03303619901718034,-0.02996952963269678,-0.019502473677231624
2025-02-05 14:30:00,387.510009765625,388.3900146484375,375.5299987792969,378.1700134277344,57223300,378.1700134277344,-0.035797094243459227,391.7880004882812,402.6834976196289,400.73399963378904,402.6834976196289,430.26879701057726,375.09819822868053,0.13700734971267772,30.035900462279926,71387450.0,0.8015876740239356,0.0026475236630092436,0.03064074322652072,-0.011983329828025146,0.03424497619615896,-0.0608753135820076,-0.05630664287700763
2025-02-06 14:30:00,373.0299987792969,375.3999938964844,363.17999267578125,374.32000732421875,77918200,374.32000732421875,-0.010180622383618276,386.59600219726565,401.6814987182617,401.4275994873047,401.6814987182617,431.87258564318245,371.49041179334097,0.15032351264003166,32.79616541805099,71498385.0,1.089789650493504,0.3616516349109542,0.029445124218626058,-0.013591809149140061,0.033647231309936694,-0.06811738026608548,-0.0675279731580669
2025-02-07 14:30:00,370.19000244140625,380.54998779296875,360.3399963378906,361.6199951171875,70298300,361.6199951171875,-0.0339282217314959,378.0,400.01549835205077,401.6087994384766,400.01549835205077,435.06012665259976,364.9708700515018,0.1752163525909512,21.747082065754455,71361360.0,0.9851031426531108,-0.09779358352734024,0.030265463332259226,-0.011033353285963365,0.056085895710914165,-0.09598503906234068,-0.09957153423231968
2025-02-10 14:30:00,356.2099914550781,362.70001220703125,350.510009765625,350.7300109863281,77514900,350.7300109863281,-0.030114441341470455,371.4100036621094,397.81499938964845,401.85159973144533,397.81499938964845,439.20653866175667,356.42346011754023,0.20809441240583484,20.254705927930686,72122740.0,1.0747636598387693,0.10265682100420626,0.030806508425329743,-0.014960466055966279,0.034777901063531166,-0.11835900726609336,-0.12721509328140393
2025-02-11 14:30:00,345.79998779296875,349.3699951171875,325.1000061035156,328.5,118543400,328.5,-0.06338211812502892,358.6680053710937,394.0744995117187,401.65699951171877,394.0744995117187,445.64464608697386,342.5043529364636,0.26172790494768655,18.286344527955265,74670885.0,1.5875451322158562,0.5292982381451825,0.03267738439483832,-0.01405646234690636,0.07465391743469862,-0.16640127588303572,-0.18213799236824785
2025-02-12 14:30:00,329.94000244140625,346.3999938964844,329.1199951171875,336.510009765625,105382700,336.510009765625,0.0243835913717656,350.33600463867185,391.0820007324219,401.7293994140625,391.0820007324219,448.68659875767145,333.4774027071723,0.29459089355872764,23.253195383482606,75711770.0,1.3918932287542611,-0.11102009896797294,0.033487660398886177,0.0043835690758181126,0.05250364315648493,-0.1395410447542816,-0.16234656896797314
2025-02-13 14:30:00,345.0,358.69000244140625,342.8500061035156,355.94000244140625,89441500,355.94000244140625,0.05773971683431944,346.6600036621094,387.468000793457,401.94499938964844,387.468000793457,444.3268013293028,330.60920025761123,0.2934890128702774,33.71285638932628,76115070.0,1.1750826741668896,-0.15126961066664646,0.03061555206763233,0.025229532519071785,0.046200951016194834,-0.08136929575471451,-0.11445595048601316
2025-02-14 14:30:00,360.6199951171875,362.0,347.5,355.8399963378906,68277300,355.8399963378906,-0.0002809633725618932,345.50400390625,384.5690002441406,401.9199993896484,384.5690002441406,441.68237507411226,327.455625414169,0.2970253701869555,35.86532670284865,76112175.0,0.8970614753815668,-0.23662617465046987,0.030093241984681697,0.013148262751253017,0.041726618705035974,-0.0747044194618173,-0.11464968929571658
2025-02-18 14:30:00,355.010009765625,359.1000061035156,350.0199890136719,354.1099853515625,51631700,354.1099853515625,-0.004861766535893763,346.17999877929685,380.9494995117187,401.973798828125,380.9494995117187,436.0125842187161,325.88641480472137,0.2890833812753363,35.032668470330435,73944190.0,0.6982522900041234,-0.24379405746858762,0.028768541066398902,-0.0023324712814955877,0.025941424418161108,-0.0704542575710369,-0.11907197338756893
2025-02-19 14:30:00,354.0,367.3399963378906,353.6700134277344,360.55999755859375,67094400,360.55999755859375,0.018214714280444966,352.5919982910156,377.7739990234375,402.0263989257812,377.7739990234375,429.59638433438903,325.951613712486,0.2743565488620957,40.11635907077612,72932865.0,0.9199474064264443,0.2994807453560506,0.02939701996623021,-0.000310596583299694,0.038651800806260454,-0.045566930252856776,-0.10314347883120645
2025-02-20 14:30:00,361.510009765625,362.29998779296875,348.0,354.3999938964844,45965400,354.3999938964844,-0.01708454543992588,356.1699951171875,374.7384994506836,401.72459899902344,374.7384994506836,424.4206285668781,325.0563703344891,0.26515625797200904,33.53903931852274,72182970.0,0.63679009051581,-0.3149145085133782,0.02931333928006578,0.0026348241997557306,0.0410919189453125,-0.05427386186370697,-0.11780360281759622
2025-02-21 14:30:00,353.44000244140625,354.9800109863281,334.4200134277344,337.79998779296875,74058600,337.79998779296875,-0.046839747148427646,352.5419921875,371.0094985961914,400.6961987304687,371.0094985961914,419.9862987840475,322.0326984083353,0.26401911742514544,27.974149823875962,73351370.0,1.0096416740409893,0.6111814538761764,0.030603344489904528,-0.002708779547435675,0.061479566811382266,-0.0895112144807054,-0.15696732621066758
2025-02-24 14:30:00,338.1400146484375,342.3999938964844,324.70001220703125,330.5299987792969,76052300,330.5299987792969,-0.021521578674915554,347.47999267578126,367.20699920654295,399.51099853515626,367.20699920654295,416.36432623431966,318.04967217876623,0.26773632928563645,30.741363177260027,74332630.0,1.0231347928897443,0.026920573707847506,0.030707416684525035,0.0010065922668924016,0.0545117986573018,-0.09988099493336824,-0.17266358125003956
2025-02-25 14:30:00,327.0199890136719,328.8900146484375,297.25,302.79998779296875,134228800,302.79998779296875,-0.0838955952220366,337.2179931640625,362.4894989013672,397.5471984863281,362.4894989013672,417.32837736525255,307.65062043748185,0.3025680944142711,21.559900466005004,78137795.0,1.7178472978409487,0.7649538541240699,0.034820113057223906,-0.010619337968075694,0.10644243784167368,-0.16466549041918555,-0.23832946390796356
2025-02-26 14:30:00,303.7099914550781,309.0,288.0400085449219,290.79998779296875,100118300,290.79998779296875,-0.039630120487999076,323.2659912109375,357.12499847412107,394.86779846191405,357.12499847412107,417.96321464341725,296.2867823048249,0.34071104755611104,21.84337908444151,80698175.0,1.2406513530200651,-0.25412206620337807,0.03511695277066273,0.0030052962311595773,0.07276763933232999,-0.18571931666653838,-0.26355101903550865
2025-02-27 14:30:00,291.1600036621094,297.2300109863281,280.8800048828125,281.95001220703125,101748200,281.95001220703125,-0.030433204805490277,308.7759948730469,351.7674987792969,392.14479858398437,351.7674987792969,419.2577584810549,284.27723907753887,0.3837208379737334,21.161417097768293,82383905.0,1.235049491766626,0.016279741066318465,0.035249963402071614,0.0012380188591924342,0.05820993242412219,-0.19847622880040422,-0.2810053500004618
2025-02-28 14:30:00,279.5,293.8800048828125,273.6000061035156,292.9800109863281,115697000,292.9800109863281,0.03912040539724382,299.81199951171874,346.4024993896484,389.27979858398436,346.4024993896484,414.70952096004874,278.0954778192481,0.394379496053033,28.344277078331075,83264110.0,1.3895182450157697,0.13709136869251748,0.03600259008010663,-0.008689526869863181,0.0741228009023655,-0.1542208514587777,-0.24737936041877662
2025-03-03 14:30:00,300.3399963378906,303.94000244140625,277.29998779296875,284.6499938964844,115551400,284.6499938964844,-0.02843203214376444,290.63599853515626,340.4049987792969,385.71239868164065,340.4049987792969,408.25903027832874,272.550967280265,0.39866648105849545,28.809646464369692,84877500.0,1.361390238873671,-0.0012584595970509538,0.03559780774236845,0.025121117740370187,0.09606929614554056,-0.1637902060273842,-0.2620149238929993
2025-03-04 14:30:00,270.92999267578125,284.3500061035156,261.8399963378906,272.0400085449219,126706600,272.0400085449219,-0.04429996705409467,284.4840026855469,334.82299957275393,381.5559991455078,334.82299957275393,405.97543496526896,263.6705641802389,0.42501521988219493,30.704038144673333,86526225.0,1.4643722177871508,0.09653885630117842,0.0352526864675067,-0.04819954862072659,0.08596856889875994,-0.18751098672416586,-0.2870246853563993
2025-03-05 14:30:00,272.9200134277344,279.54998779296875,267.7099914550781,279.1000061035156,94042900,279.1000061035156,0.025952056083059283,282.1440063476563,329.1675003051758,378.33539916992186,329.1675003051758,399.0843979998381,259.2506026105135,0.4248104544333286,30.25111756059266,88374760.0,1.0641375433438236,-0.2577900440861013,0.03547662184246051,0.003234836256326558,0.044226949743403146,-0.1521033946402421,-0.26229476090297493
2025-03-06 14:30:00,272.05999755859375,272.6499938964844,260.0199890136719,263.45001220703125,98451600,263.45001220703125,-0.056073068986891905,278.4440063476562,323.43150024414064,374.8809991455078,323.43150024414064,395.21960626092664,251.64339422735463,0.4439153636092781,17.334186109577004,90436175.0,1.0886307387502845,0.04687966874692284,0.03634332260331827,-0.025223964138183504,0.048573207508859684,-0.1854534514783893,-0.2972436244900886
2025-03-07 14:30:00,259.32000732421875,266.25,250.72999572753906,262.6700134277344,102369600,262.6700134277344,-0.0029607088371812473,272.3820068359375,317.84900054931643,371.7131994628906,317.84900054931643,390.3361099027283,245.36189119590455,0.45611034943094003,17.25132410890818,91658745.0,1.1168557893739435,0.039796204429384696,0.036453215539861486,-0.0156766167828717,0.061899272272656486,-0.17360126042938637,-0.29335301031203326
2025-03-10 13:30:00,252.5399932861328,253.3699951171875,220.0,222.14999389648438,189076900,222.14999389648438,-0.1542620682219512,259.8820068359375,310.87550048828126,367.54419921875,310.87550048828126,391.9578052659993,229.79319571056323,0.5216384350028542,13.555019546319073,97597675.0,1.9373094697184128,0.8470024304090278,0.04762701863276675,-0.038565575146584166,0.1516817959872159,-0.2854052714107057,-0.3955829139225018
2025-03-11 13:30:00,225.30999755859375,237.05999755859375,217.02000427246094,230.5800018310547,174896400,230.5800018310547,0.037947369642955975,251.59000549316406,304.8680000305176,362.91019927978516,304.8680000305176,391.1543038359184,218.5816962251167,0.5660568101392309,14.490221644285796,102466750.0,1.7068600302049202,-0.0749985852317232,0.04948235240595514,0.014224639878143987,0.09234168690261986,-0.24367266552090278,-0.36463620397372926
2025-03-12 13:30:00,247.22000122070312,251.83999633789062,241.10000610351562,248.08999633789062,142215700,248.08999633789062,0.0759389121683911,245.38800354003905,300.8474998474121,358.7893991088867,300.8474998474121,389.94505892816653,211.7499407666577,0.5923104504836778,22.65267267859464,103650365.0,1.3720713863380993,-0.18685747676910447,0.05268693192146864,0.07216583943754376,0.044545789972994916,-0.1753629448018672,-0.3085358793931384
2025-03-13 13:30:00,248.1300048828125,248.2899932861328,232.60000610351562,240.67999267578125,114813500,240.67999267578125,-0.02986820819658198,240.83399963378906,296.0559989929199,354.96979888916013,296.0559989929199,387.3581879434652,204.7538100423746,0.6167899941978799,23.77686603346288,104121905.0,1.1026834363047815,-0.19268055495982506,0.05207762370526903,0.0001612662562475298,0.06745480125066962,-0.18704571603179357,-0.32197050726860865
2025-03-14 13:30:00,247.30999755859375,251.5800018310547,240.72999572753906,249.97999572753906,100242300,249.97999572753906,0.038640532386444715,238.29599609375,290.75799865722655,351.62119873046873,290.75799865722655,379.69553340791606,201.82046390653704,0.6117632887928742,28.486726092886983,104661945.0,0.957772187398199,-0.12691190495891158,0.050828368414465086,0.027546971433324515,0.04507126779412975,-0.14024722662147815,-0.28906449147521845
2025-03-17 13:30:00,245.05999755859375,245.39999389648438,232.8000030517578,238.00999450683594,111900600,238.00999450683594,-0.04788383640805238,241.4679962158203,284.86649856567385,348.30459869384765,284.86649856567385,371.2249245025932,198.50807262875452,0.606308052169989,31.105280128499558,106843110.0,1.0473356681586674,0.1163012021871006,0.05115563906657941,-0.019681567537539166,0.05412367130392709,-0.1644858356274404,-0.31666134929202683
2025-03-18 13:30:00,228.16000366210938,230.10000610351562,222.27999877929688,225.30999755859375,111477600,225.30999755859375,-0.05335909096824687,240.41399536132812,278.4264991760254,345.2251986694336,278.4264991760254,362.21481481176323,194.63818354028757,0.6018702665421627,30.978799722248368,109835405.0,1.0149514175324432,-0.0037801405890585116,0.05161691747365782,-0.04138477825326641,0.035180886121847076,-0.19077387308544438,-0.3473535581209507
2025-03-19 13:30:00,231.61000061035156,241.41000366210938,229.1999969482422,235.86000061035156,111993800,235.86000061035156,0.046824389357219776,237.9679962158203,272.1914993286133,341.7335986328125,272.1914993286133,348.46770035969877,195.91529829752784,0.5604598322815231,36.7443181095078,112080375.0,0.9992275632553871,0.004630526670828861,0.0531360386202299,0.02796148914838741,0.05327228131082586,-0.13347771259527538,-0.3098132534993157
2025-03-20 13:30:00,233.35000610351562,238.0,230.0500030517578,236.25999450683594,99028300,236.25999450683594,0.0016958954271570903,237.08399658203126,266.28449935913085,338.2377987670898,266.28449935913085,333.5166392212558,199.05235949700588,0.5049647277549622,32.62467505429434,114733520.0,0.8631156788356183,-0.11576980154258543,0.05334846289626864,-0.010641882898077876,0.034557691122714555,-0.11275348330284016,-0.3014973626010252
2025-03-21 13:30:00,234.99000549316406,249.52000427246094,234.5500030517578,248.7100067138672,132728700,248.7100067138672,0.05269623506518384,236.8299987792969,261.83000030517576,335.3247991943359,261.83000030517576,320.35270748428496,203.30729312606655,0.4470282787373342,39.26138858253482,117667025.0,1.1280025138733643,0.3403108000440278,0.055192841405677054,-0.005375387468042666,0.06382434886346906,-0.05010882471839198,-0.2583011834751641
2025-03-24 13:30:00,258.0799865722656,278.6400146484375,256.3299865722656,278.3900146484375,169079900,278.3900146484375,0.11933580126800525,244.9060028076172,259.22300109863284,332.9937994384766,259.22300109863284,308.8254731325575,209.62052906470817,0.382701163274097,51.72170840154182,122318405.0,1.3822932043628267,0.2738759590050983,0.06262725449626544,0.037674317902207675,0.08703635643456853,0.07394025016519166,-0.16397838302730194
2025-03-25 13:30:00,283.6000061035156,288.20001220703125,271.2799987792969,288.1400146484375,150361500,288.1400146484375,0.03502280788451673,257.4720062255859,258.49000244140626,330.86179992675784,258.49000244140626,305.759485228515,211.2205196542975,0.36573548176451165,52.41582222755768,123125040.0,1.2212097555460693,-0.11070742294027858,0.06051677026250294,0.018714721006274308,0.062371031789556504,0.11470467688108059,-0.12912274940104168
2025-03-26 13:30:00,282.6600036621094,284.8999938964844,266.510009765625,272.05999755859375,153629800,272.05999755859375,-0.05580626179068926,264.7120056152344,257.5530029296875,328.23679992675784,257.5530029296875,302.826602222564,212.27940363681103,0.351567240745675,52.295628060930994,125800615.0,1.221216605340125,0.021736282226500814,0.06116901841932931,-0.01901856981930934,0.06900297721287071,0.05632624921428955,-0.1711471790509147
2025-03-27 13:30:00,272.4800109863281,291.8500061035156,271.82000732421875,273.1300048828125,162572100,273.1300048828125,0.0039329829222258805,272.0860076904297,257.11200256347655,325.77220031738284,257.11200256347655,301.54908657443497,212.67491855251814,0.34566324067261434,52.78457769354657,128841810.0,1.261796151420102,0.05820680623160346,0.06079532699777289,0.001543826477628033,0.07368846383484087,0.062299706585581816,-0.16159204310031303
2025-03-28 13:30:00,275.5799865722656,276.1000061035156,260.57000732421875,263.54998779296875,123809400,263.54998779296875,-0.03507493471452938,275.05400390625,255.6405014038086,322.47880004882813,255.6405014038086,296.9129871552042,214.36801565241302,0.32289473322696816,63.194791082677156,129247430.0,0.9579254303160999,-0.23843390101991668,0.06055916749626579,0.008970020304083028,0.059600101096721404,0.030939879814530488,-0.182737011694836
2025-03-31 13:30:00,249.30999755859375,260.55999755859375,243.36000061035156,259.1600036621094,134008900,259.1600036621094,-0.016657121359109794,271.2080017089844,254.36600189208986,319.38559997558593,254.36600189208986,293.3790500246721,215.3529537595076,0.3067473470698558,59.349644712113225,130170305.0,1.0294890220930188,0.08238065930373617,0.060360954992868115,-0.05403145852376666,0.07067717334444554,0.018846865282150748,-0.18856703720543522
2025-04-01 13:30:00,263.79998779296875,277.45001220703125,259.25,268.4599914550781,146486900,268.4599914550781,0.035885119854736525,267.2719970703125,254.18700103759767,316.2247998046875,254.18700103759767,292.8902290992035,215.48377297599185,0.3045256280110178,57.04210403489001,131159320.0,1.1168623015123897,0.09311321859966015,0.06012984623754684,0.017903936044502248,0.0702025543183462,0.05615153551998236,-0.15104700320503245
2025-04-02 13:30:00,254.60000610351562,284.989990234375,251.27000427246094,282.760009765625,212787800,282.760009765625,0.05326685079977622,269.41199951171876,254.37000122070313,313.39859985351563,254.37000122070313,293.600235456325,215.1397669850813,0.30845016352053145,63.88595670219329,137096565.0,1.5521016153832885,0.4526063422736095,0.06102761257264421,-0.051627750103246633,0.1341982146239401,0.11160910645390684,-0.0977623706749529
2025-04-03 13:30:00,265.2900085449219,276.29998779296875,261.510009765625,267.2799987792969,136174300,267.2799987792969,-0.05474611137253549,268.24199829101565,254.5615005493164,310.44200012207034,254.5615005493164,294.01511506976095,215.10788602887186,0.30997314547021354,55.48509723870204,138982700.0,0.9797931685022668,-0.3600464876275802,0.06096131037182567,-0.06178384714013737,0.05655606850613129,0.04996237923855459,-0.13903402672899134
2025-04-04 13:30:00,255.3800048828125,261.0,236.0,239.42999267578125,181229400,239.42999267578125,-0.10419786826814681,263.4179992675781,253.39949951171874,306.9829998779297,253.39949951171874,293.2148659982163,213.5841330252212,0.3142497642119947,50.40903262318778,142925690.0,1.2679973768186812,0.3308634595514719,0.06547690207466692,-0.04452257539222247,0.1059322033898305,-0.05512839158268132,-0.22005455425548176
2025-04-07 13:30:00,223.77999877929688,252.0,214.25,233.2899932861328,183453800,233.2899932861328,-0.025644236634809525,258.24399719238284,253.95649948120118,303.517200012207,253.95649948120118,292.2123056460375,215.70069331636483,0.30127841770529823,52.388933243691866,142644535.0,1.2860906308117588,0.012273946721668816,0.055318537796687155,-0.06536354832402498,0.176196032672112,-0.08137813459111007,-0.23137801325015442
2025-04-08 13:30:00,245.0,250.44000244140625,217.8000030517578,221.86000061035156,171603500,221.86000061035156,-0.048994783337158565,248.9239990234375,253.520499420166,300.0114001464844,253.520499420166,293.0748045996264,213.9661942407056,0.3120402907845811,45.83085306145372,142479890.0,1.2044050567416917,-0.06459555484814161,0.05591484044175379,0.050195066444640564,0.14986225405098774,-0.12488338766382236,-0.26049476619213274
2025-04-09 13:30:00,224.69000244140625,274.69000244140625,223.8800048828125,272.20001220703125,219433400,272.20001220703125,0.22689989839624536,246.81199951171874,254.72600021362305,297.4936004638672,254.72600021362305,295.04564076538213,214.40635966186395,0.316572635050568,58.24917501770583,146340775.0,1.4994686204169685,0.278723336062493,0.07402562176998008,0.012755800158970364,0.22695192268371478,0.06859924773581738,-0.08502229364731512
2025-04-10 13:30:00,260.0,262.489990234375,239.3300018310547,252.39999389648438,181722600,252.39999389648438,-0.07274069589492627,243.83599853515625,255.3120002746582,294.75960021972656,255.3120002746582,295.10938388017763,215.51461666913877,0.3117549003784108,50.81930500742747,149686230.0,1.214023494345472,-0.17185533287093036,0.07575303007678422,-0.04482002814074859,0.09677010080695678,-0.011405677661219077,-0.1437089963877869
2025-04-11 13:30:00,251.83999633789062,257.739990234375,241.36000061035156,252.30999755859375,128948100,252.30999755859375,-0.00035656236159631316,246.41199951171876,255.42850036621093,291.8002001953125,255.42850036621093,295.1737710578045,215.6832296746173,0.31120466693896986,43.33333125306288,151121520.0,0.8532742391685844,-0.2904124198090936,0.07534110201978976,-0.0022186908563215702,0.06786538607309286,-0.012208907005859334,-0.13533302105442882
2025-04-14 13:30:00,258.3599853515625,261.79998779296875,245.92999267578125,252.35000610351562,100135200,252.35000610351562,0.00015856900364230597,250.2240020751953,256.14550094604493,288.7552001953125,256.14550094604493,295.0767549582568,217.2142469338331,0.3039776522985849,40.37334069252826,150533250.0,0.6652032026147047,-0.22344571187943052,0.07439311781724407,0.023978391072528808,0.06453053954305407,-0.014817729878178887,-0.12607632370662972
2025-04-15 13:30:00,249.91000366210938,258.75,247.5399932861328,254.11000061035156,79594300,254.11000061035156,0.0069744183248166,256.6740020751953,257.5855010986328,286.1638003540039,257.5855010986328,293.74638442431905,221.42461777294653,0.2807680026356747,44.76890150004247,148939085.0,0.5344084126742151,-0.2051316619929855,0.07309668255092121,-0.009669119803410446,0.04528563875700473,-0.013492609147090207,-0.11201207037367981
2025-04-16 13:30:00,247.61000061035156,251.97000122070312,233.88999938964844,241.5500030517578,112378700,241.5500030517578,-0.049427403598542585,250.54400024414062,257.8700012207031,283.1506005859375,257.8700012207031,293.395132617184,222.34486982422217,0.27552744583171607,41.3744143026149,148958330.0,0.7544304504487933,0.41189381651701185,0.07360216517113773,-0.025579473394937345,0.07730130351120466,-0.06328769570593634,-0.1469203930632446
2025-04-17 13:30:00,243.47000122070312,244.33999633789062,237.67999267578125,241.3699951171875,83404800,241.3699951171875,-0.0007452201709629014,248.33800048828124,258.1255012512207,280.41460021972654,258.1255012512207,293.0649022325368,223.18610026990467,0.2707163826274667,43.613961675018615,148177155.0,0.5628721917356289,-0.25782376909503313,0.07360753227714577,0.007948657191835793,0.028020884665686908,-0.06491224637943047,-0.13923884516692273
2025-04-21 13:30:00,230.25999450683594,232.2100067138672,222.7899932861328,227.5,97768000,227.5,-0.05746362595919796,243.3760009765625,257.0650009155273,277.4782000732422,257.0650009155273,294.41228952196076,219.71771230909386,0.2905668875453484,41.356340544360535,146429120.0,0.6676814010765072,0.17221071209330874,0.0738527819303224,-0.046028921718118065,0.04228203111275334,-0.11500982557031367,-0.18011577147339905
2025-04-22 13:30:00,230.9600067138672,242.7899932861328,229.85000610351562,237.97000122070312,120858500,237.97000122070312,0.04602198338770602,240.5,255.04400024414062,275.0052001953125,255.04400024414062,291.9038165273728,218.18418396090846,0.28904672329439735,41.7286146868468,144018050.0,0.839189948759895,0.2361764585549464,0.06918421213890191,0.01520882072029533,0.056297528122707614,-0.06694530750416958,-0.1346709042167438
2025-04-23 13:30:00,254.86000061035156,259.45001220703125,244.42999267578125,250.74000549316406,150381900,250.74000549316406,0.0536622440095611,239.8260009765625,253.17399978637695,273.0054000854492,253.17399978637695,286.59888473342454,219.74911483932937,0.2640467423609914,41.24083694412561,144019070.0,1.044180468600443,0.24428070843176108,0.06988344911646523,0.07097533009626689,0.06144916737436953,-0.009613918867129504,-0.08155660871659018
2025-04-24 13:30:00,250.5,259.5400085449219,249.1999969482422,259.510009765625,94464200,259.510009765625,0.0349764859229853,243.41800231933593,252.5465003967285,271.6256002807617,252.5465003967285,284.93362563634304,220.15937515711397,0.2564844508931004,47.793494819188545,141060790.0,0.6696701471755546,-0.37183796720217,0.06933901770820525,-0.0009571886731517432,0.041492823929798306,0.027573177050394405,-0.044604008247431826
2025-04-25 13:30:00,261.69000244140625,286.8500061035156,259.6300048828125,284.95001220703125,167560700,284.95001220703125,0.09803091011549903,252.13400573730468,253.13750076293945,270.59440032958986,253.13750076293945,287.4785740017405,218.79642752413838,0.27132347546530544,63.10607237476127,141310220.0,1.1857649078743209,0.7738010801975774,0.07274401334211138,0.008400418456883794,0.10484150794893386,0.12567285111139606,0.05305213951196308
2025-04-28 13:30:00,288.9800109863281,294.8599853515625,272.4200134277344,285.8800048828125,151731800,285.8800048828125,0.0032637046356942534,263.8100067138672,254.25400161743164,269.19320037841794,254.25400161743164,291.36107126557584,217.14693196928744,0.2918897591549265,65.60997418280343,142706340.0,1.0632449826686046,-0.09446666193206399,0.07214920877726677,0.014142827186014886,0.082372699573267,0.12438743565172106,0.06198820951248809
2025-04-29 13:30:00,285.5,293.32000732421875,279.4700012207031,292.0299987792969,108906600,292.0299987792969,0.021512501019458785,274.62200622558595,255.89750137329102,267.9170004272461,255.89750137329102,296.6518998093494,215.1431029372326,0.3185212690029969,71.50211001793518,141451225.0,0.7699233428342526,-0.2822427467412896,0.07201167058871169,-0.0013292461043865975,0.04955811372605246,0.14119910203147118,0.0900017479801502
2025-04-30 13:30:00,279.8999938964844,284.45001220703125,270.7799987792969,282.1600036621094,128961100,282.1600036621094,-0.03379788089732105,280.906005859375,256.5825019836426,266.47800079345706,256.5825019836426,298.6648599927839,214.50014397450133,0.32802204112752836,54.05867582077851,140574935.0,0.9173833158806013,0.18414402800197593,0.07229281926043339,-0.04153684530190959,0.050483837393308785,0.09968529217981266,0.058849146353387706
2025-05-01 13:30:00,280.010009765625,290.8699951171875,279.80999755859375,280.5199890136719,99659000,280.5199890136719,-0.005812356915055328,285.1080017089844,256.4705009460449,264.8772006225586,256.4705009460449,298.27048470613727,214.6705171859526,0.3259632870517613,63.44939392515166,134918495.0,0.738660774417918,-0.22721657926304906,0.07141122954156441,-0.007619768459668094,0.03952681339156842,0.09377097162798607,0.0590567566946004
2025-05-02 13:30:00,284.8999938964844,294.7799987792969,279.80999755859375,287.2099914550781,114454700,287.2099914550781,0.023848576584252656,285.55999755859375,257.467000579834,263.5334005737305,257.467000579834,301.25499305573146,213.67900810393655,0.3401445030025889,65.7009129461074,133832515.0,0.8552084670903779,0.14846325971563035,0.07028481927653948,0.015613877992127788,0.05350059451527755,0.11552156512586384,0.08984284659857937
2025-05-05 13:30:00,284.57000732421875,284.8500061035156,274.3999938964844,280.260009765625,94618900,280.260009765625,-0.024198258752220814,284.4359985351563,259.50850143432615,262.3826010131836,259.50850143432615,303.5621229544065,215.45487991424582,0.33951582531279034,61.82126495051266,129501990.0,0.7306366489040053,-0.17330699394607652,0.06582999595055944,-0.009191825526279746,0.03808313571236248,0.07996465709833571,0.06813488654891081
2025-05-06 13:30:00,273.1099853515625,277.7300109863281,271.3500061035156,275.3500061035156,76715800,275.3500061035156,-0.017519458684867262,281.1,261.6115020751953,261.279001159668,261.6115020751953,304.3925070083268,218.8304971420638,0.32705752303532054,58.76237872441305,124165090.0,0.6178532146193427,-0.18921272599871697,0.06562445010032614,-0.025512110771857537,0.023512086748870873,0.05251490824884091,0.05385432767805488
2025-05-07 13:30:00,276.8800048828125,277.9200134277344,271.0,276.2200012207031,71592600,276.2200012207031,0.003159597232260225,279.91199951171876,264.3295021057129,260.74740142822264,264.3295021057129,303.2058085550494,225.4531956563764,0.29415033993283685,65.8296045603313,119164545.0,0.6007877594799694,-0.06678154956345372,0.06416787732907091,0.005556559816169694,0.025535104899388837,0.04498362468157219,0.0593394208637577
2025-05-08 13:30:00,279.6300048828125,289.79998779296875,279.4100036621094,284.82000732421875,97539400,284.82000732421875,0.031134624811778533,280.7720031738281,264.96050186157225,260.6278018188477,264.96050186157225,304.7730808733281,225.14792284981638,0.30051708637354424,68.42195154140563,113069845.0,0.8626473309484063,0.3624229319790033,0.04027717260605099,0.01234524526478711,0.03718544073111994,0.0749527017163563,0.09282281221166937
2025-05-09 13:30:00,290.2099914550781,307.0400085449219,290.0,298.260009765625,132387800,298.260009765625,0.04718770485146129,282.9820068359375,267.2535026550293,260.95400177001954,267.2535026550293,309.24317729931056,225.26382801074803,0.3142310519947162,80.11064245345744,110603105.0,1.1969627796615656,0.3572751113908841,0.03721300018466114,0.01892417664579231,0.05875865015490302,0.1160190860084587,0.1429600915968458
2025-05-12 13:30:00,321.989990234375,322.2099914550781,311.5,318.3800048828125,112826700,318.3800048828125,0.06745790403815088,290.606005859375,270.55700302124023,261.4620016479492,270.55700302124023,317.6788591225823,223.43514691989816,0.34833218564032326,81.62013665827344,109797035.0,1.0275933225337095,-0.1477560621144849,0.039341314185618335,0.07956138835842325,0.03438199504037921,0.17675758279233264,0.21769130074779167
2025-05-13 13:30:00,320.0,337.5899963378906,316.79998779296875,334.07000732421875,136992600,334.07000732421875,0.049280740626853614,302.3500061035156,274.6430030822754,262.4504019165039,274.6430030822754,328.7690320972592,220.51697406729164,0.39415552850453733,82.0327542532396,111639905.0,1.227093484180231,0.21418600384483466,0.04006221494445043,0.0050882438983056695,0.06562502950128997,0.21637909422415053,0.27288815290326723
2025-05-14 13:30:00,342.5,350.0,337.0,347.67999267578125,136997300,347.67999267578125,0.04073991993646375,316.6420043945312,279.3215026855469,263.9632015991211,279.3215026855469,341.54479975773467,217.09820561335906,0.44553173653971945,82.67734062021431,114510055.0,1.196377907599468,3.430842249874111e-05,0.040421496596582084,0.025234209869070486,0.03857566765578635,0.24473049633844568,0.31715326443039676
2025-05-15 13:30:00,340.3399963378906,346.1400146484375,334.7200012207031,342.82000732421875,97882600,342.82000732421875,-0.013978329078298546,328.24200439453125,284.38500289916993,265.23760162353517,284.38500289916993,350.052990832938,218.7170149654019,0.4618245495670597,75.30832561918703,113785250.0,0.8602397938221342,-0.28551438604994406,0.03808513395334797,-0.021111356685788136,0.03411810882554461,0.2054785021338387,0.29250153532454315
2025-05-16 13:30:00,346.239990234375,351.6199951171875,342.3299865722656,349.9800109863281,95895700,349.9800109863281,0.0208856061756566,338.58600463867185,289.815503692627,266.9682015991211,289.815503692627,358.40422372679456,221.2267836584594,0.4733267831448487,76.58428318983707,114409795.0,0.838177360600987,-0.020298806938107483,0.03782090322045317,0.00997603067816819,0.027137583353250186,0.20759588954740849,0.31094268489644855
2025-05-19 13:30:00,336.29998779296875,343.0,333.3699951171875,342.0899963378906,88869900,342.0899963378906,-0.022544186527114873,343.3280029296875,295.5450035095215,268.55660125732425,295.5450035095215,361.3018389252189,229.78816809382414,0.4449869538300545,70.46606809288325,113964890.0,0.77980069124798,-0.07326501605390023,0.03476761363543839,-0.03908801292624047,0.028886837519457392,0.15748868116753525,0.2738096726585712
2025-05-20 13:30:00,347.8699951171875,354.989990234375,341.6300048828125,343.82000732421875,131715500,343.82000732421875,0.005057180873010214,345.2780029296875,300.83750381469724,270.9900015258789,300.83750381469724,364.07340398409167,237.60160364530282,0.42039904844008397,77.00595728982744,114507740.0,1.1502759551450408,0.4821159920287972,0.034431234253880734,0.01689613505560633,0.039106592397073855,0.14287614730375123,0.2687553245073685
2025-05-21 13:30:00,344.42999267578125,347.3500061035156,332.20001220703125,334.6199951171875,102354800,334.6199951171875,-0.026758222357769146,342.66600341796874,305.03150329589846,273.07080139160155,305.03150329589846,365.3358285857763,244.72717800602058,0.3953973582287934,72.22313734840559,112106385.0,0.9130149009799933,-0.22290998401858553,0.034877632455747654,0.0017741415233793827,0.045605037145641965,0.09700142936576117,0.2253964664545747
2025-05-22 13:30:00,331.8999938964844,347.2699890136719,331.3900146484375,341.0400085449219,97113400,341.0400085449219,0.019185982671137136,342.31000366210935,309.1080032348633,274.9298016357422,309.1080032348633,367.4463166781153,250.7696897916113,0.37746232923594647,72.16138809359762,112238845.0,0.8652387682713591,-0.05120815047266958,0.03458138652573012,-0.008128627279880724,0.04791929045321719,0.10330371577534445,0.2404621343915633
2025-05-23 13:30:00,337.9200134277344,343.17999267578125,333.2099914550781,339.3399963378906,84654800,339.3399963378906,-0.004984788190348977,340.1820007324219,311.82750244140624,276.9030017089844,311.82750244140624,370.49409964603404,253.1609052367784,0.37627596504674266,75.4216716220507,108093550.0,0.7831623626016538,-0.1282891959297069,0.028611189681022466,-0.009148472434361125,0.029921075226963103,0.08822985041755291,0.2254832711944574
2025-05-27 13:30:00,347.3500061035156,363.7900085449219,347.32000732421875,362.8900146484375,120146400,362.8900146484375,0.06939947711644767,344.3420043945313,315.6780029296875,279.16120208740233,315.6780029296875,377.21273625219516,254.1432696071799,0.38985759382299157,82.4606835128877,106514280.0,1.1279839660935604,0.41925088713221226,0.03156385339148313,0.023604673342570565,0.047420248973243255,0.1495574961846985,0.2999299757092341
2025-05-28 13:30:00,364.8399963378906,365.0,355.9100036621094,356.8999938964844,91404300,356.8999938964844,-0.016506435862546853,346.9580017089844,318.9215026855469,281.5390020751953,318.9215026855469,382.026435847847,255.8165695232468,0.3957395950471289,78.82250100954775,105639165.0,0.8652501181735013,-0.23922564471344954,0.03212992440992355,0.005373478494144399,0.025540154096147304,0.11908413478279592,0.26767514009004395
2025-05-29 13:30:00,365.2900085449219,367.7099914550781,356.0,358.42999267578125,88087800,358.42999267578125,0.004286911755287504,351.7200012207031,322.7350021362305,284.20140197753904,322.7350021362305,385.7041043495812,259.7658999228798,0.3902217100503444,77.69581737872778,103595500.0,0.8503052738777264,-0.03628385097856446,0.03044699781919056,0.023508026875648947,0.032893234424376756,0.11060154709988182,0.2611830560361157
2025-05-30 13:30:00,355.5199890136719,363.67999267578125,345.2900085449219,346.4599914550781,123474900,346.4599914550781,-0.03339564619395741,352.8039978027344,326.0320022583008,286.4134017944336,326.0320022583008,386.55190033198124,265.51210418462034,0.37125127382883844,68.33813513135067,104786295.0,1.1783497068963074,0.4017253240516847,0.03190819912544164,-0.00811875044380459,0.05325953162779356,0.06265639279359189,0.20965006973989841
2025-06-02 13:30:00,343.5,348.0199890136719,333.3299865722656,342.69000244140625,81873800,342.69000244140625,-0.01088145559849063,353.4739990234375,328.8060028076172,288.542001953125,328.8060028076172,386.869606163853,270.74239945138135,0.35317848737821594,60.56312814670069,103157250.0,0.7936795523339368,-0.3369194872804109,0.032121457730654904,-0.008543530358719404,0.04407044980401567,0.0422255053595008,0.18766072225796032
2025-06-03 13:30:00,346.6000061035156,355.3999938964844,343.0400085449219,344.2699890136719,99324500,344.2699890136719,0.004610541775392996,349.7499938964844,332.00650177001955,290.4532015991211,332.00650177001955,385.6949249495683,278.3180785904708,0.32341790232010964,55.05149385220444,103392530.0,0.9606545076322245,0.21314144451582795,0.031169677224739976,0.011409739514586261,0.03603073998275024,0.0369374912186124,0.18528557137004076
2025-06-04 13:30:00,345.1000061035156,345.6000061035156,327.3299865722656,332.04998779296875,98912100,332.04998779296875,-0.03549540073392177,344.7799926757813,334.8415008544922,291.5264010620117,334.8415008544922,381.4550774069389,288.2279243020455,0.2784217394408525,42.151253313194665,104502345.0,0.9465060329507439,-0.004152047078011978,0.03226878457042299,0.002410948140503725,0.0558152942923745,-0.008336819224617358,0.1390048605660834
2025-06-05 13:30:00,322.489990234375,324.54998779296875,273.2099914550781,284.70001220703125,287499800,284.70001220703125,-0.14259893789082123,330.03399658203125,335.26550140380857,291.4576010131836,335.26550140380857,379.73906386500937,290.79193894260777,0.265303541670605,29.54386486514356,115297705.0,2.4935431282001668,1.9066191092899656,0.04697710709893611,-0.028790838458197306,0.1879140512558161,-0.15082222592259503,-0.02318549518921853
2025-06-06 13:30:00,298.8299865722656,305.5,291.1400146484375,295.1400146484375,164747700,295.1400146484375,0.036670186138995975,319.77000122070314,335.78150177001953,291.9192013549805,335.78150177001953,377.9715381026769,293.59146543736216,0.2512945835923612,31.13390164793597,118658120.0,1.38842331228575,-0.42696412310547693,0.04716996024076867,0.04963109855773096,0.04932329679553916,-0.12103551537933688,0.01103323549292816
2025-06-09 13:30:00,285.9599914550781,309.8299865722656,281.8500061035156,308.5799865722656,140908900,308.5799865722656,0.04553761352840424,312.947998046875,336.29750061035156,292.62820098876955,336.29750061035156,376.7729148712798,295.82208634942333,0.24071195407321658,38.89588226109567,119084175.0,1.183271412847257,-0.14469883342832712,0.04708975979326861,-0.031103959943535143,0.09927259131750288,-0.08241962544408148,0.054512126751954
2025-06-10 13:30:00,314.94000244140625,327.8299865722656,310.6700134277344,326.0899963378906,151256500,326.0899963378906,0.05674382827003055,309.31199951171874,336.6830001831055,293.87900115966795,336.6830001831055,376.58265141488647,296.7833489513245,0.23701613214852846,44.68110351055573,121005665.0,1.2499951965058826,0.07343468013730847,0.04637092043492169,0.020610590919353702,0.05523537001591841,-0.03146284142488289,0.10960631774000776
2025-06-11 13:30:00,334.3999938964844,335.5,322.5,326.42999267578125,122611400,326.42999267578125,0.0010426457165473302,308.18800048828126,336.3009994506836,295.2244009399414,336.3009994506836,376.4514880498149,296.1505108515523,0.2387770994716838,47.40510659397059,120286605.0,1.0193271312296162,-0.1893809522235408,0.04503182062342146,0.025483754950835807,0.040310077519379844,-0.029351702168669513,0.10570126194341271
2025-06-12 13:30:00,323.0799865722656,332.55999755859375,316.8599853515625,319.1099853515625,105127500,319.1099853515625,-0.022424432461661592,315.0699951171875,334.8724990844727,296.2374008178711,334.8724990844727,375.34999238389236,294.395005785053,0.24174868590334198,43.09116490011074,118693115.0,0.8857084928641396,-0.14259603919374542,0.044220865931301756,-0.010262556072299821,0.04954873740087999,-0.047070194703967116,0.07721032006945545
2025-06-13 13:30:00,313.9700012207031,332.989990234375,313.29998779296875,325.30999755859375,128964300,325.30999755859375,0.019429076154419578,321.10399169921874,333.9969985961914,297.0884005737305,333.9969985961914,374.50815100268096,293.4858461897019,0.2425839308542307,45.70185665282677,120247200.0,1.072493164081991,0.22674181351216371,0.04442704848820472,-0.01610724943375454,0.06284712163607734,-0.026009218867563577,0.09499393759689821
2025-06-16 13:30:00,331.2900085449219,332.04998779296875,326.4100036621094,329.1300048828125,83925900,329.1300048828125,0.011742668079331553,325.2139953613281,332.9544982910156,298.3254006958008,332.9544982910156,372.8015051368071,293.1074914452241,0.23935406820041585,38.23528911304182,119648710.0,0.7014358951300018,-0.3492315315168616,0.04422969814182385,0.018382499865381558,0.01727883357612327,-0.011486534730221197,0.10325840211783652
2025-06-17 13:30:00,326.0899963378906,327.260009765625,314.739990234375,316.3500061035156,88282700,316.3500061035156,-0.03882963749794621,323.2659973144531,331.66749877929686,299.86380096435545,331.66749877929686,371.9326679132365,291.4023296453572,0.2428044308359168,36.507619953184836,119619350.0,0.7380302601543981,0.051912460873222654,0.04477257640887711,-0.009236497735915257,0.0397789283844319,-0.04618327913394382,0.054978977409546936
2025-06-18 13:30:00,317.30999755859375,329.32000732421875,315.45001220703125,322.04998779296875,95137700,322.04998779296875,0.0180179597897272,322.38999633789064,330.57899780273436,301.63900085449217,330.57899780273436,370.6374147031505,290.5205809023182,0.24235306638759982,38.221957172621586,117790460.0,0.8076859535144018,0.07764828216626807,0.0449872218279768,0.003034586491406603,0.04396891608957859,-0.025800217395707363,0.06766693590900287
2025-06-20 13:30:00,327.95001220703125,332.3599853515625,317.7799987792969,322.1600036621094,108688000,322.1600036621094,0.0003416111576173275,323.0,329.9559982299805,303.64500091552736,329.9559982299805,370.137171788036,289.77482467192493,0.24355473925980353,41.47846988266417,118107120.0,0.9202493465254254,0.14242829078272856,0.04461711951320115,0.018320213127458202,0.04588075595780857,-0.02362737640683007,0.06097581942978472
2025-06-23 13:30:00,327.5400085449219,357.5400085449219,327.4800109863281,348.67999267578125,190716800,348.67999267578125,0.0823193093872907,327.6739990234375,330.33799743652344,305.17460052490236,330.33799743652344,371.1038657214294,289.5721291516175,0.2468130738895053,51.81152598637165,122787290.0,1.5532291656571295,0.7547180921536876,0.04820267460025136,0.0166997914752174,0.09179185461749821,0.055524933194469536,0.14255902056085049
2025-06-24 13:30:00,356.1700134277344,356.260009765625,340.44000244140625,340.4700012207031,114736200,340.4700012207031,-0.023545920693855638,329.94199829101564,330.3944976806641,306.9360006713867,330.3944976806641,371.2159929258915,289.57300243543665,0.24710759732253526,48.895095180223414,124291360.0,0.9231228944634607,-0.39839489756539537,0.0485269144496952,0.021481074077335124,0.046469296236541884,0.030495373290923625,0.10925404799686161
2025-06-25 13:30:00,342.70001220703125,343.0,320.3999938964844,327.54998779296875,119845100,327.54998779296875,-0.037947582404945,332.18199462890624,328.62749633789065,308.44080047607423,328.62749633789065,366.47778449742134,290.77720817835996,0.2303537505614777,48.69686067996979,124276295.0,0.964344004622925,0.04452735928155205,0.04649505461581042,0.0065498016810079055,0.0705368493571735,-0.003278814332121549,0.061954149021140346
2025-06-26 13:30:00,324.6099853515625,331.04998779296875,323.6099853515625,325.7799987792969,80440900,325.7799987792969,-0.0054037218123500486,332.92799682617186,327.0714965820313,309.90940032958986,327.0714965820313,362.50984010307457,291.633153060988,0.21670089806896498,66.16304332425506,123728125.0,0.650142398908898,-0.32879274997475905,0.04640462115871407,-0.008975736684394286,0.02299064546269671,-0.003948671211740651,0.051210445481255404
2025-06-27 13:30:00,324.510009765625,329.3399963378906,317.5,323.6300048828125,89067000,323.6300048828125,-0.006599526995335614,333.2219970703125,325.3314971923828,311.29980041503904,325.3314971923828,357.5588100285242,293.10418435624143,0.1981198446154997,61.99174825498201,123777085.0,0.7195758407139738,0.10723524972992604,0.046372446936327624,-0.0038983025920269667,0.03729132704847441,-0.0052300263708070826,0.03960877729871419
2025-06-30 13:30:00,319.8999938964844,325.5799865722656,316.6000061035156,317.6600036621094,76695100,317.6600036621094,-0.018446995428822777,327.01799926757815,323.89149780273436,312.8220004272461,323.89149780273436,354.6856022226443,293.0973933828244,0.19015074263335593,54.07834014212659,121438095.0,0.6315571732247611,-0.13890554301817737,0.04599319642221124,-0.011525541297318134,0.028363803839643334,-0.01923944957771096,0.015465674499413775
2025-07-01 13:30:00,298.4599914550781,305.8900146484375,293.2099914550781,300.7099914550781,145085700,300.7099914550781,-0.05335897504131726,319.0659973144531,321.792497253418,314.0088003540039,321.792497253418,352.9126295496499,290.67236495718606,0.19341738891894802,38.54279403887823,124598690.0,1.1644239598345696,0.8917205923194571,0.04732391789475278,-0.06044201972450407,0.04324553583741721,-0.06551584010902832,-0.04235170760798133
2025-07-02 13:30:00,312.6300048828125,316.8299865722656,303.82000732421875,315.6499938964844,119483700,315.6499938964844,0.04968242780731846,316.6859985351563,320.3614974975586,315.7718002319336,320.3614974975586,349.7114191069703,291.0115758881469,0.18323001882980874,45.7003839284171,125606650.0,0.9512529790421128,-0.17646122257396835,0.048873995922029054,0.03963956558295822,0.04282133807653883,-0.014706834740994887,-0.00038574165064689416
2025-07-03 13:30:00,317.989990234375,318.45001220703125,312.760009765625,315.3500061035156,58042300,315.3500061035156,-0.0009503811144286889,314.6,319.52649841308596,317.3194003295898,319.52649841308596,348.422991694993,290.6300051311789,0.18087071604652633,48.41136582541748,123563160.0,0.469737905699401,-0.5142241159254359,0.04827773553006113,0.007413262737644828,0.018192870775487584,-0.013070879349013922,-0.0062063467409450915
2025-07-07 13:30:00,291.3699951171875,296.1499938964844,288.7699890136719,293.94000244140625,131177900,293.94000244140625,-0.06789282780315342,308.66199951171876,319.9884979248047,318.1834002685547,319.9884979248047,346.7576889851906,293.21930686441874,0.16731345803983574,38.25533583506659,115747065.0,1.1333151298480009,1.2600396607301918,0.03872540647998713,-0.07604252583542534,0.025556689280696314,-0.08140447438682519,-0.07619315717503305
2025-07-08 13:30:00,297.0,304.04998779296875,294.3500061035156,297.80999755859375,103246700,297.80999755859375,0.013165935514200422,304.69199829101564,320.1219970703125,318.94940002441405,320.1219970703125,346.39138237176365,293.8526117688613,0.1641210884716634,38.27843823067456,112672015.0,0.9163473290151064,-0.21292611026704955,0.03797708496795798,0.01041027942157593,0.0329539034765363,-0.06969842658709288,-0.06627823242245377
2025-07-09 13:30:00,297.54998779296875,300.1499938964844,293.54998779296875,295.8800048828125,75586800,295.8800048828125,-0.0064806174796113725,303.7260009765625,319.4869979858398,319.1679998779297,319.4869979858398,347.48803019120356,291.4859657804761,0.17528746009629345,41.661911890074045,109405910.0,0.6908840665006123,-0.2679010564018026,0.03652946268679373,-0.000873072656245677,0.022483414675426232,-0.07389030931416377,-0.07296469258830458
2025-07-10 13:30:00,300.04998779296875,310.4800109863281,300.0,309.8699951171875,104365300,309.8699951171875,0.0472826483827995,302.57000122070315,318.6759979248047,319.6477996826172,318.6759979248047,346.8110380991089,290.54095775050047,0.17657457955740363,45.352566117937045,107061350.0,0.9748177096589946,0.3807344668645849,0.035789686141443317,0.014093493447817913,0.034933369954427085,-0.02763309086646386,-0.03058930665294176
2025-07-11 13:30:00,307.8900146484375,314.0899963378906,305.6499938964844,313.510009765625,79236400,313.510009765625,0.01174690904506881,302.202001953125,318.0299987792969,320.07739990234376,318.0299987792969,346.00827609652544,290.0517214620683,0.1759474101475857,46.78606101384959,104892600.0,0.7554050524059848,-0.2407783046663977,0.03591649495951399,-0.006389713428049739,0.02761329170601802,-0.014212461186117884,-0.020518131360484936
2025-07-14 13:30:00,317.7300109863281,322.6000061035156,312.6700134277344,316.8999938964844,78043400,316.8999938964844,0.010813001260769006,306.79400024414065,317.919499206543,320.77219970703123,317.919499206543,345.89727363635603,289.9417247767299,0.1760054007359688,35.74120298548743,103538395.0,0.7537628915341019,-0.015056211539141051,0.03566090099505589,0.01346049915234901,0.03175869846590297,-0.0032068033341870056,-0.012071513098963798
2025-07-15 13:30:00,319.67999267578125,321.20001220703125,310.5,310.7799987792969,77556300,310.7799987792969,-0.01931207079538977,309.38800048828125,317.1929992675781,321.37739990234377,317.1929992675781,345.1172852526967,289.2687132824595,0.17607126291940767,36.42432141282325,100967995.0,0.768127563590819,-0.006241399016444715,0.035616688769925284,0.008772479750204613,0.034460586818136074,-0.0202179761315329,-0.032974942003597955
2025-07-16 13:30:00,312.79998779296875,323.5,312.6199951171875,321.6700134277344,97284800,321.6700134277344,0.03504091219258654,314.54600219726564,316.8199996948242,322.06660034179686,316.8199996948242,344.2681566880989,289.37184270154955,0.1732728806244177,47.26054060940193,101635940.0,0.9571889628806503,0.25437649810524743,0.03645015976989977,0.006499739434989791,0.034802651950442465,0.015308420357243594,-0.001231381688264475
2025-07-17 13:30:00,323.1499938964844,324.3399963378906,317.05999755859375,319.4100036621094,73922900,319.4100036621094,-0.007025863995037018,316.45400390625,316.9729995727539,322.84960021972654,316.9729995727539,344.4442297997507,289.5017693457571,0.1733348282915271,47.045730794249636,100917950.0,0.7325049706221738,-0.24013926122066342,0.03536847965397795,0.004600927680448799,0.022960950089427497,0.007688364916381814,-0.010653866553578594
2025-07-18 13:30:00,321.6600036621094,330.8999938964844,321.4200134277344,329.6499938964844,94255000,329.6499938964844,0.03205907804067243,319.6820007324219,317.3529998779297,323.93559997558594,317.3529998779297,345.32560941103196,289.3803903448274,0.17628703395816012,52.5970618337774,100873815.0,0.9343852019476016,0.2750446749248203,0.03585851199020142,0.007044237732704771,0.02949405784553427,0.038748630147768436,0.017640524602202126
2025-07-21 13:30:00,334.3999938964844,338.0,326.8800048828125,328.489990234375,75768800,328.489990234375,-0.0035188948387289143,322.0,317.669499206543,324.9809997558594,317.669499206543,346.0119149998464,289.32708341323956,0.17843964160295847,54.8744202580245,99227855.0,0.7635839754875282,-0.19612964829452018,0.03587701611477743,0.014409222168806045,0.034018584652108205,0.03406210245194718,0.010797525028083881
2025-07-22 13:30:00,329.739990234375,335.4100036621094,321.54998779296875,332.1099853515625,77370400,332.1099853515625,0.0110201078413521,326.2659973144531,316.840998840332,325.92679931640623,316.840998840332,342.17576052011833,291.5062371605457,0.1599209810126463,66.05973842159531,93560535.0,0.8269555106755214,0.021137988195669033,0.030584083889152545,0.0038052909895614625,0.04310376736218212,0.04819132172640666,0.01897108813428287
2025-07-23 13:30:00,330.8999938964844,336.20001220703125,328.6700134277344,332.55999755859375,92553800,332.55999755859375,0.0013550095657464123,328.443994140625,316.44549865722655,326.6127990722656,316.44549865722655,340.4385545334647,292.4524427809884,0.15164099965427158,60.15372036336703,92451415.0,1.0011074465436791,0.19624300766184488,0.030164067395896464,-0.0036433456037079444,0.022910513498830394,0.05092345749819753,0.018208712283232613
2025-07-24 13:30:00,310.0,310.1499938964844,300.4100036621094,305.29998779296875,156966000,305.29998779296875,-0.08197020076301287,325.6219909667969,315.33299865722654,326.35119873046875,315.33299865722654,339.2212321725428,291.4447651419103,0.15151115561668982,45.44134205348424,94307460.0,1.664407036304445,0.69594333241855,0.03433941715304828,-0.06783737588468951,0.03242232321041545,-0.031817192957860646,-0.06450477589600048
2025-07-25 13:30:00,308.739990234375,323.6300048828125,308.010009765625,316.05999755859375,148227000,316.05999755859375,0.03524405566934252,322.90399169921875,314.8469985961914,325.9909985351562,314.8469985961914,338.23048972249603,291.46350746988674,0.1485387583846417,61.10664356345222,97696765.0,1.5172150275395506,-0.05567447727533348,0.035373221903832686,0.011267614081069004,0.05071262173938201,0.0038526616668120264,-0.030464034348149257
2025-07-28 13:30:00,318.45001220703125,330.489990234375,315.69000244140625,325.5899963378906,112673800,325.5899963378906,0.030152499060024596,322.32399291992186,314.9449981689453,325.54919860839846,314.9449981689453,338.49928080413986,291.3907155337507,0.14957711836756585,63.198400466289016,98877105.0,1.1395337677008242,-0.23985643641171983,0.03601082206943418,0.007561901749348776,0.04688139528813779,0.03379954668540271,0.0001253197048758357
2025-07-29 13:30:00,325.54998779296875,326.25,318.25,321.20001220703125,87358900,321.20001220703125,-0.013483166498468035,320.1419982910156,315.1219985961914,325.1167987060547,315.1219985961914,338.81497982400526,291.4290173683776,0.15037338766167752,61.754876719765925,99410295.0,0.8787711574540645,-0.22467423660158792,0.035887135501280365,-0.00012288014180986983,0.02513747054202671,0.01928781119032066,-0.012047321192297678
2025-07-30 13:30:00,322.17999267578125,324.45001220703125,311.6199951171875,319.0400085449219,83931900,319.0400085449219,-0.006724793213012448,317.43800048828126,316.0384994506836,324.49799865722656,316.0384994506836,338.78327482873,293.29372407263725,0.14393673819854083,54.78252371740737,96352605.0,0.8710911344846359,-0.03922897380804935,0.03359921195791511,0.003050997607429567,0.0411719956706209,0.009497289410800504,-0.016819795915197815
2025-07-31 13:30:00,319.6099853515625,321.3699951171875,306.1000061035156,308.2699890136719,85270900,308.2699890136719,-0.03375758288237862,318.03200073242186,315.669499206543,323.8215985107422,315.669499206543,338.6787350065671,292.6602634065189,0.14578054489178965,47.456301359513255,94641965.0,0.9009840402193678,0.015953409847745625,0.03273347968536352,0.0017865370842991637,0.049885621395603416,-0.02344068784431275,-0.04802523849117011
2025-08-01 13:30:00,306.2099914550781,309.30999755859375,297.82000732421875,302.6300048828125,89121400,302.6300048828125,-0.01829559909125389,315.34600219726565,315.0334991455078,322.99779846191404,315.0334991455078,338.7715647001053,291.2954335909103,0.15070184992379707,43.220909797604,96195920.0,0.9264571719881675,0.045156084901179616,0.03297044728937493,-0.006682446011643347,0.03858031680815365,-0.039371985189950734,-0.06305861425709745
2025-08-04 13:30:00,309.0799865722656,312.1199951171875,303.0,309.260009765625,78683900,309.260009765625,0.021907956170373222,312.0800048828125,315.79949951171875,322.4905987548828,315.79949951171875,337.5795835456595,294.019415477778,0.13793615295538186,49.281397298260444,93571220.0,0.8408985155905844,-0.11711553005226583,0.029375871630056928,0.021313093828719175,0.03009899378609736,-0.02070772675765777,-0.04102627810032392
2025-08-05 13:30:00,308.95001220703125,312.45001220703125,305.5,308.7200012207031,57961300,308.7200012207031,-0.0017461311772288823,309.58400268554686,316.3449996948242,321.8441986083984,316.3449996948242,336.72978759391503,295.96021179573336,0.12887694080042927,43.21349566721554,91306950.0,0.6347961464050655,-0.26336518652481633,0.02929234831436968,-0.00100238488263867,0.022749630792246317,-0.02410342658008457,-0.040778107682046684
2025-08-06 13:30:00,307.8900146484375,320.4700012207031,306.92999267578125,319.9100036621094,78523600,319.9100036621094,0.03624644466558724,309.75800170898435,317.54649963378904,321.4555987548828,317.54649963378904,335.54552997373156,299.5474692938465,0.11336311602048789,50.23960124176152,91453790.0,0.85861504482209,0.35475912376016416,0.030169700809241987,-0.002688476836563206,0.044114322053969375,0.007443017104726551,-0.0048081137760863975
2025-08-07 13:30:00,319.7900085449219,322.3999938964844,316.1600036621094,322.2699890136719,66658700,322.2699890136719,0.007377028928595486,312.55800170898436,318.16649932861327,320.6431982421875,318.16649932861327,335.9045276442089,300.42847101301766,0.11150154622203119,46.174578477234576,89568460.0,0.7442206776805139,-0.15109979674900287,0.028451686404457905,-0.0003750902310458521,0.019736810988412953,0.012897302807547882,0.005073523406710851
2025-08-08 13:30:00,321.42999267578125,335.1499938964844,320.9800109863281,329.6499938964844,91200300,329.6499938964844,0.02290006868278205,317.9619995117188,318.97349853515624,320.0981982421875,318.97349853515624,337.2790434445749,300.6679536257376,0.11477784200558633,50.56486336194381,90166655.0,1.0114637168252498,0.3681679960755311,0.028753133431450372,-0.002606498794571248,0.04414599795985367,0.033471418191036356,0.02984020437087858
2025-08-11 13:30:00,335.0,346.6400146484375,334.1499938964844,339.0299987792969,105320200,339.0299987792969,0.02845443669493286,323.91599731445314,320.0799987792969,319.7101983642578,320.0799987792969,340.4200994533581,299.7398981052357,0.1270938562336487,53.190709758614595,91530495.0,1.1506569477199922,0.15482295562624238,0.029274082622705873,0.016229352957899998,0.03737848565043632,0.059203949238535475,0.060429102712035825
2025-08-12 13:30:00,345.0,345.260009765625,332.94000244140625,340.8399963378906,80522100,340.8399963378906,0.005338753399730889,330.3399963378906,321.58299865722654,319.59779846191407,321.58299865722654,343.4171866214391,299.748810693014,0.1357919296441756,53.770490618625665,91678785.0,0.8783067969323546,-0.23545435728378794,0.028764444636332098,0.01760906480900972,0.037003686051173545,0.05988188977984501,0.06646540739080828
2025-08-13 13:30:00,341.5,348.9800109863281,338.20001220703125,339.3800048828125,67838900,339.3800048828125,-0.004283509772223915,334.23399658203124,322.46849822998047,319.5315985107422,322.46849822998047,345.70875164115887,299.22824481880207,0.14413968210069156,70.28572445824032,90206490.0,0.7520401248291558,-0.15751203706808437,0.02793708774080324,0.0019364032073720672,0.031874625636316746,0.05244390303443209,0.0621171942448848
2025-08-14 13:30:00,335.760009765625,340.4700012207031,330.3999938964844,335.5799865722656,75000700,335.5799865722656,-0.011196942235471519,336.89599609375,323.2769973754883,319.35779846191406,323.2769973754883,347.1847273238035,299.3692674271731,0.1479086365093042,62.66873497443202,90260380.0,0.8309371177032492,0.1055706976380808,0.02803177064163383,-0.010666494976442351,0.030478230963205535,0.038057112929959974,0.05079627987317238
2025-08-15 13:30:00,337.6600036621094,339.29998779296875,327.0199890136719,330.55999755859375,74319800,330.55999755859375,-0.014959143019665277,337.0779968261719,323.32249755859374,319.32799865722654,323.32249755859374,347.2846979244097,299.36029719277775,0.14822476349004118,53.42616938118699,89263620.0,0.8325877888438762,-0.009078581933235297,0.027418446028114916,0.006198275144742065,0.0375512176375967,0.02238477079278532,0.03517386182419874
2025-08-18 13:30:00,329.6199951171875,336.2699890136719,329.5899963378906,335.1600036621094,56956600,335.1600036621094,0.013915797850586165,336.3039978027344,323.65599822998047,320.33719848632813,323.65599822998047,348.10180332272813,299.2101931372328,0.15106041739648027,59.59581212018233,88323010.0,0.6448670623883855,-0.2336281852211658,0.027560632545144743,-0.0028436666515875954,0.020267583209452218,0.03554392779692746,0.046272506739219274
2025-08-19 13:30:00,335.7900085449219,340.54998779296875,327.8500061035156,329.30999755859375,75956000,329.30999755859375,-0.017454368181154756,333.997998046875,323.51599884033203,321.0205981445313,323.51599884033203,347.7894124969015,299.24258518376257,0.150060051086063,56.7185567821234,88252290.0,0.86066888462611,0.33357679355860426,0.027770813995759012,0.001879713796183263,0.038737170819033696,0.017909465803950197,0.025822017222491073
2025-08-20 13:30:00,329.2200012207031,331.3699951171875,314.6000061035156,323.8999938964844,77481800,323.8999938964844,-0.016428300696053943,330.90199584960936,323.08299865722654,321.3269982910156,323.08299865722654,346.9832173582509,299.1827799562022,0.14795095254381482,60.99620323064622,87498690.0,0.8855195432068754,0.020087945652746297,0.02800718246565638,-0.00027328759696890783,0.0533057491682117,0.002528747234157693,0.008007405599757501
2025-08-21 13:30:00,322.0799865722656,324.8999938964844,318.67999267578125,320.1099853515625,55744400,320.1099853515625,-0.011701168929731831,327.80799560546876,323.82349853515626,321.20739807128905,323.82349853515626,346.2778202977121,301.36917677260044,0.13868247279230753,62.626388654978705,82437610.0,0.6762010689053213,-0.28054846428451585,0.020782588200852384,-0.005619040933975468,0.01951801607774992,-0.01146770756412725,-0.003416523798380846
2025-08-22 13:30:00,321.6600036621094,340.25,319.69000244140625,340.010009765625,94016300,340.010009765625,0.062166209505171155,329.697998046875,325.0209991455078,321.47899841308595,325.0209991455078,348.2724155451167,301.7695827458989,0.1430763948221052,68.63861127902942,79727075.0,1.1792267557790124,0.6865604437396402,0.02367987303428031,0.004842142955473755,0.06431229441515629,0.04611705292742272,0.057642992058621334
2025-08-25 13:30:00,338.8999938964844,349.5299987792969,335.0299987792969,346.6000061035156,86670000,346.6000061035156,0.019381771561470362,331.9859985351562,326.0714996337891,322.028798828125,326.0714996337891,351.2497838852051,300.89321538237306,0.15443413042657056,71.39145480615453,78426885.0,1.1051057300057245,-0.0781385780976277,0.023168881104236178,-0.0032646564432199476,0.04327970645265102,0.06295707074301839,0.07630127294455089
2025-08-26 13:30:00,344.92999267578125,351.8999938964844,343.7200012207031,351.6700134277344,76651600,351.6700134277344,0.01462783391499567,336.4580017089844,327.5949996948242,322.5559991455078,327.5949996948242,355.11102358045554,300.07897580919285,0.16798805788405982,69.267163814362,77891520.0,0.9840814507150457,-0.11559247721241495,0.022943428795444726,-0.0048182729322734305,0.02379841919798221,0.07349017462213282,0.0902603404040021
2025-08-27 13:30:00,351.94000244140625,355.3900146484375,349.1600036621094,349.6000061035156,65519000,349.6000061035156,-0.0058862207330171445,341.59800415039064,329.1229995727539,322.96539916992185,329.1229995727539,357.9991843356418,300.24681480986595,0.17547351476726403,66.638253472937,76970875.0,0.851218074369039,-0.14523636819061836,0.02292203749861532,0.00076773396469118,0.017842854052542222,0.06221688109716933,0.08246891772942061
2025-08-28 13:30:00,350.9100036621094,353.54998779296875,340.260009765625,345.9800109863281,67903200,345.9800109863281,-0.010354676927882056,346.7720092773437,331.00850067138674,323.5579992675781,331.00850067138674,359.0645356437074,302.95246569906607,0.16951851638501386,60.41853093616508,76102490.0,0.8922598984606154,0.03638944428333768,0.02139496639496015,0.003747132539253627,0.039058301433947645,0.04522998740085094,0.06929827656712426
2025-08-29 13:30:00,347.2300109863281,348.75,331.70001220703125,333.8699951171875,81145700,333.8699951171875,-0.03500206799409333,345.54400634765625,332.5705001831055,323.7943994140625,332.5705001831055,357.2493745709719,307.89162579523907,0.1484128891424754,46.81874266929622,75703705.0,1.071885451313116,0.19502026414071794,0.022680970927028355,0.0036129254879103275,0.0514018304657974,0.003907426946667093,0.031117263675214106
2025-09-02 13:30:00,328.2300109863281,333.3299865722656,325.6000061035156,329.3599853515625,58392000,329.3599853515625,-0.01350828116207925,342.09600219726565,333.5754989624023,323.9383990478516,333.5754989624023,355.76938378184974,311.3816141429549,0.13306663641953462,43.15035792569523,74689110.0,0.7818007203459781,-0.28040549283572636,0.02268754018622106,-0.016892755303991168,0.023740725810344317,-0.012637359829940497,0.016736473106141528
2025-09-03 13:30:00,335.20001220703125,343.3299865722656,328.510009765625,334.0899963378906,88733300,334.0899963378906,0.014361219324440011,338.5799987792969,334.84399871826173,323.64659912109374,334.84399871826173,353.7063119826535,315.98168545386994,0.11266328998933361,46.96221285311868,76227710.0,1.1640556957568318,0.5196139882175641,0.02278115517683107,0.01773144011175201,0.045112710012136056,-0.002251801983184187,0.03226790346370808
2025-09-04 13:30:00,336.1499938964844,338.8900146484375,331.4800109863281,338.5299987792969,60711000,338.5299987792969,0.01328983953448204,336.3659973144531,335.7749984741211,323.6077990722656,335.7749984741211,353.32621537722355,318.22378157101866,0.10454153515217812,51.68168362511326,75337080.0,0.8058581511255812,-0.31580364981354236,0.021630787185643062,0.0061659959327555495,0.02235430015843399,0.008204900060145794,0.04611199034699086
2025-09-05 13:30:00,348.0,355.8699951171875,344.67999267578125,350.8399963378906,108989800,350.8399963378906,0.036363092201525005,337.33799438476564,337.20349884033203,324.07359924316404,337.20349884033203,354.7772315378439,319.6297661428202,0.10423220849101045,60.67367328169336,77453635.0,1.4071618459224025,0.7952232709064255,0.022871317952385242,0.027973890806873663,0.032464902748016417,0.04043996442639393,0.08259357490778753
2025-09-08 13:30:00,354.6400146484375,358.44000244140625,344.8399963378906,346.3999938964844,75208300,346.3999938964844,-0.01265534855703887,339.843994140625,338.040998840332,324.48599914550783,338.040998840332,355.69536072132,320.386636959344,0.10445101003459493,55.92575907739436,76654035.0,0.9811394794807605,-0.3099510229397613,0.022747431476923454,0.010831200405346925,0.03943859832949799,0.024727755168243947,0.06753448471947705
2025-09-09 13:30:00,348.44000244140625,350.7699890136719,343.82000732421875,346.9700012207031,53816000,346.9700012207031,0.001645517708609212,343.3659973144531,338.43799896240233,324.95279907226563,338.43799896240233,356.5374908102219,320.33850711458274,0.10695898157600381,59.8593044275319,74078825.0,0.7264694060684683,-0.28444068008451195,0.02192644317165894,0.005889170268090409,0.020214011812580073,0.025209941804580364,0.06775507769527207
2025-09-10 13:30:00,350.54998779296875,356.3299865722656,346.07000732421875,347.7900085449219,72121700,347.7900085449219,0.0023633378140295314,346.1059997558594,338.7854995727539,325.5553991699219,338.7854995727539,357.3403144270397,320.2306847184681,0.1095372433453348,64.05789606005101,73658805.0,0.9791320942553983,0.34015348595213313,0.021908277355993513,0.010317856182582314,0.029647120614051718,0.026578790956294333,0.06829746774801532
2025-09-11 13:30:00,350.1700134277344,368.989990234375,347.6000061035156,368.80999755859375,103756000,368.80999755859375,0.06043873744853956,352.16199951171876,340.25699920654296,326.9173992919922,340.25699920654296,363.16710408860257,317.34689432448334,0.13466353336145606,73.82582059976852,75454660.0,1.3750774306053464,0.43862388157794396,0.025530950834862825,0.006843223854445748,0.061536201827595526,0.08391597650785881,0.12814429075151315
2025-09-12 13:30:00,370.94000244140625,396.69000244140625,370.239990234375,395.94000244140625,168156400,395.94000244140625,0.07356092584909457,361.1820007324219,343.275,328.5231994628906,343.275,376.95992440682625,309.5900755931737,0.1962562051231594,75.5551335209621,80112445.0,2.099004717681504,0.6206908516134007,0.02951681924154249,0.005775344749091573,0.07144018178664995,0.15341927737646574,0.20521169612598678
2025-09-15 13:30:00,423.1300048828125,425.70001220703125,402.42999267578125,410.0400085449219,163823700,410.0400085449219,0.03561147147692467,373.9100036621094,347.2490005493164,330.41699951171876,347.2490005493164,391.66271014442566,302.83529095420715,0.2558032393173244,77.12500769854682,84587640.0,1.9367333099729465,-0.025765894131891454,0.029548692828659236,0.0686720267559477,0.057823770481236346,0.18082415758224155,0.24097733818437864
2025-09-16 13:30:00,414.5,423.25,411.42999267578125,421.6199951171875,104285700,421.6199951171875,0.028241113869250656,388.8400024414062,351.57200012207034,332.97059936523436,351.57200012207034,406.5952068646969,296.5487933794438,0.3130124510684683,78.3312910006425,86954095.0,1.1993190199955506,-0.36342726968076045,0.029789692326437026,0.010876966545057301,0.028729085226251987,0.19924224617089983,0.26623790785418233
2025-09-17 13:30:00,415.75,428.30999755859375,409.6700134277344,425.8599853515625,106133500,425.8599853515625,0.01005642588937583,404.45399780273436,356.3994995117188,335.53159912109373,356.3994995117188,419.541596679979,293.2574023434585,0.3543332538612842,80.35343244944448,88462970.0,1.1997505849057521,0.017718632564196257,0.028984614210005494,-0.013922478025635288,0.04549999638708597,0.1948950151024547,0.26920977477852737
2025-09-18 13:30:00,428.8699951171875,432.2200012207031,416.55999755859375,416.8500061035156,90454500,416.8500061035156,-0.021157139806429193,414.06199951171874,361.0470001220703,337.9509991455078,361.0470001220703,427.702361510783,294.3916387333576,0.3692337084433688,77.0475497421811,89111605.0,1.0150698104921352,-0.14772903937022708,0.029258128967703755,0.0070680737077002675,0.03759363297938041,0.1545588412660354,0.23346286046645817
2025-09-19 13:30:00,421.82000732421875,429.4700012207031,421.7200012207031,426.07000732421875,93131000,426.07000732421875,0.022118270566640064,420.08800048828124,366.3450012207031,340.2749993896484,366.3450012207031,436.07338807517414,296.6166143662321,0.38067060624344873,85.98189811149254,90980935.0,1.0236320389540952,0.029589462105257258,0.028722171838732196,0.011922756742071232,0.018377122208021884,0.16302940098678875,0.25213432690753335
2025-09-22 13:30:00,431.1099853515625,444.9800109863281,429.1300048828125,434.2099914550781,97108800,434.2099914550781,0.019104804353584193,424.9219970703125,371.0550003051758,342.6889990234375,371.0550003051758,445.8363249937711,296.2736756165805,0.403074070566849,89.7912828805265,91135560.0,1.0655423634857788,0.04271187896618733,0.026512265199906616,0.011828990402294544,0.036935208265951876,0.17020385414011469,0.26706720289372715
2025-09-23 13:30:00,439.8800048828125,440.9700012207031,423.7200012207031,425.8500061035156,83422700,425.8500061035156,-0.019253323313789705,425.76799926757815,375.01750030517576,344.8679992675781,375.01750030517576,452.6856049480757,297.3493956622758,0.4142105612655219,83.88980936086183,90973195.0,0.9170030798632498,-0.14093573393966352,0.027387504539313094,0.01305822882779282,0.04071084666832848,0.13554702315751718,0.23482029938389481
2025-09-24 13:30:00,429.8299865722656,444.2099914550781,429.0299987792969,442.7900085449219,93133600,442.7900085449219,0.03977927016229388,429.15400390625,379.57350006103513,347.5081994628906,379.57350006103513,462.01831902755237,297.1286810945179,0.43440766519928375,85.25157200256722,91797295.0,1.0145571282901091,0.11640596624180222,0.02814442613126422,0.009345967856538075,0.03538212413810764,0.1665461589750643,0.2741857867794171
2025-09-25 13:30:00,435.239990234375,435.3500061035156,419.0799865722656,423.3900146484375,96746400,423.3900146484375,-0.04381307961359793,430.4620056152344,383.26300048828125,349.5425994873047,383.26300048828125,466.6589263903075,299.867074586255,0.4351890257905351,73.40777128250875,93358665.0,1.0362873119490301,0.038791585421373176,0.030582052951118942,-0.017051013267795793,0.0388231842430023,0.10469837711710757,0.21126871308232323
2025-09-26 13:30:00,428.29998779296875,440.4700012207031,421.0199890136719,440.3999938964844,101628200,440.3999938964844,0.0401756741055197,433.3280029296875,387.98399963378904,351.9623992919922,387.98399963378904,473.1643534619809,302.80364580559717,0.43909209611010785,78.05301616700194,95044915.0,1.0692649890843713,0.05045975870936803,0.030892475873105837,0.011596809028687777,0.046197360492543374,0.1350983399113619,0.25127000720075016
2025-09-29 13:30:00,444.3500061035156,450.9800109863281,439.5,443.2099914550781,79491500,443.2099914550781,0.00638055766924972,435.1280029296875,393.4509994506836,354.23359924316406,393.4509994506836,478.0408621875757,308.86113671379144,0.4299893143237264,78.34257357260412,94962205.0,0.8370856595000085,-0.2178204474742247,0.028856096278820062,0.00896914682510122,0.02612061657867605,0.12646807880489702,0.25117999083660075
2025-09-30 13:30:00,441.5199890136719,445.0,433.1199951171875,444.7200012207031,74358000,444.7200012207031,0.0034069849388267404,438.902001953125,399.2190002441406,356.5581994628906,399.2190002441406,481.09672545994334,317.34127502833786,0.41018952086814897,78.43023524344437,95760505.0,0.7764996644493468,-0.0645792317417585,0.02822824962692209,-0.003813096441842154,0.027428899650772706,0.11397503863477587,0.24725781622920742
2025-10-01 13:30:00,443.79998779296875,462.2900085449219,440.75,459.4599914550781,98122300,459.4599914550781,0.033144428390707636,442.2359985351562,405.4875,359.1051995849609,405.4875,485.5468556772469,325.4281443227531,0.3948795249039584,77.60522659578916,96229955.0,1.0196648226635874,0.3195930498399635,0.02849949360346855,-0.0020687475832187633,0.04887126158802468,0.13310519178785563,0.2794579192562601
2025-10-02 13:30:00,470.5400085449219,470.75,435.57000732421875,436.0,137009000,436.0,-0.051059922281332826,444.75799560546875,410.36100006103516,361.17399963378904,410.36100006103516,484.93743584698717,335.78456427508314,0.3634674629161147,62.478203073965446,100044855.0,1.369475721665047,0.39630848441180033,0.032258399987369596,0.024115303390735067,0.08076771146823901,0.062479134067690206,0.2071743825471393
2025-10-03 13:30:00,443.2900085449219,446.7699890136719,416.5799865722656,429.8299865722656,133188200,429.8299865722656,-0.014151406944344913,442.643994140625,414.3104995727539,363.664599609375,414.3104995727539,483.8081455802186,344.8128535652892,0.33548580631739827,56.48469440203389,101254775.0,1.3153769785178033,-0.02788721908779712,0.03232869847351014,0.0167202030846832,0.07247108217996229,0.037458589670104375,0.18194068664907506
2025-10-06 13:30:00,440.75,453.54998779296875,436.69000244140625,453.25,85324900,453.25,0.054486690457546505,444.65199584960936,419.6529998779297,366.4083996582031,419.6529998779297,483.35582147097915,355.9501782848802,0.30359759902385824,59.61808004394919,101760605.0,0.8384865636362913,-0.35936591980370636,0.03324911587436144,0.0254054248630195,0.03860859020656128,0.08005900144129349,0.23700766800871753
2025-10-07 13:30:00,447.82000732421875,452.67999267578125,432.45001220703125,433.0899963378906,102296100,433.0899963378906,-0.044478772558432134,442.32599487304685,423.95899963378906,368.55839965820314,423.95899963378906,477.86464219941115,370.053357068167,0.2542964891047727,52.00443947559499,104184610.0,0.9818734264110601,0.1989009070037,0.035666813334309766,-0.01198012724937948,0.04677992807886682,0.021537452234741596,0.17509191688354775
2025-10-08 13:30:00,437.57000732421875,441.3299865722656,425.2300109863281,438.69000244140625,71192100,438.69000244140625,0.012930352007360923,438.1719970703125,428.5039993286133,370.90819946289065,428.5039993286133,469.03932173593967,387.96867692128694,0.18919460481506697,56.17158353209546,104138130.0,0.6836314422008538,-0.30405851249461124,0.035598682788927354,0.010344295698838733,0.037861804599805496,0.023771080617106335,0.18274549626206676
2025-10-09 13:30:00,431.80999755859375,436.3500061035156,426.17999267578125,435.5400085449219,69339900,435.5400085449219,-0.007180455170972544,438.0799987792969,431.8404998779297,373.23819946289063,431.8404998779297,461.10614556388043,402.57485419197894,0.13553914324489433,52.771113473012555,102417325.0,0.6770329141090142,-0.026016931653933484,0.03395690664277127,-0.015683067415541183,0.023863188330080217,0.00856684046085984,0.16692238139527737
2025-10-10 13:30:00,436.5400085449219,443.1300048828125,411.45001220703125,413.489990234375,112107900,413.489990234375,-0.05062684914805626,434.81199951171874,432.71799926757814,375.3425994873047,432.71799926757814,458.26781013158444,407.16818840357183,0.11808989183372133,44.39333224440289,99614900.0,1.1254129653294838,0.6167877369306849,0.03284607858978396,0.0022960003223144983,0.07699596970686363,-0.04443542691949171,0.10163352307778899
2025-10-13 13:30:00,423.5299987792969,436.8900146484375,419.70001220703125,435.8999938964844,79552800,435.8999938964844,0.054197209585187034,431.3419982910156,434.01099853515626,378.0079992675781,434.01099853515626,457.2405751976704,410.7814218726421,0.10704602759338819,52.52728132805711,95401355.0,0.8338749486314948,-0.29039077531556656,0.03406687569280371,0.024281140492012836,0.04095783164506247,0.00435241357408849,0.15315018396720922
2025-10-14 13:30:00,426.7900085449219,434.20001220703125,417.8599853515625,429.239990234375,72669400,429.239990234375,-0.015278742269702716,430.5719970703125,434.3919982910156,380.4075988769531,434.3919982910156,457.00771332022265,411.7762832618086,0.10412583619487346,46.406784143550276,93820540.0,0.7745574689721462,-0.08652618135376755,0.03379996972479097,-0.02089925551530496,0.039104071766338726,-0.011860273846916259,0.128368601209823
2025-10-15 13:30:00,434.8999938964844,440.510009765625,426.3299865722656,435.1499938964844,71558200,435.1499938964844,0.013768529951932784,429.86399536132814,434.8564987182617,382.93619873046873,434.8564987182617,457.11313245172647,412.59986498479697,0.10236311886365326,53.358841929046726,92091775.0,0.7770313906969434,-0.01529116794689378,0.03385991967372202,0.01318610518795996,0.033260675157682745,0.0006749242085325446,0.13635116068712674
2025-10-16 13:30:00,434.7300109863281,439.3500061035156,421.30999755859375,428.75,77189900,428.75,-0.01470755828163206,428.50599365234376,435.4514984130859,385.11299865722657,435.4514984130859,456.2711467594565,414.63185006671534,0.09562327112086434,46.45789271213701,91428545.0,0.8442647752952867,0.0787009734733406,0.03366166038614465,-0.0009651451592486006,0.04281884752191991,-0.015389770014589816,0.11330960392124534
2025-10-17 13:30:00,425.5,441.4599914550781,423.6000061035156,439.30999755859375,89331600,439.30999755859375,0.02462973191508744,433.6699951171875,436.1134979248047,387.453798828125,436.1134979248047,456.51491748610044,415.7120783635089,0.09356013816758045,48.86759787199315,91238575.0,0.9790990269192609,0.15729648568012133,0.03374544830853886,-0.007580174927113703,0.042162382186552744,0.00732951318635916,0.13383840573330455
2025-10-20 13:30:00,443.8699951171875,449.79998779296875,440.6099853515625,447.42999267578125,63719000,447.42999267578125,0.018483519979771268,435.9759948730469,436.77449798583984,389.80939880371096,436.77449798583984,457.7644024037959,415.7845935678838,0.09611323241054485,50.75778508740115,89569085.0,0.7113950086684485,-0.28671377205826387,0.033729226348287074,0.010379908456295835,0.02085745386381462,0.024395871872278714,0.14781735393990644
2025-10-21 13:30:00,445.760009765625,449.29998779296875,442.04998779296875,442.6000061035156,54412200,442.6000061035156,-0.010794954856246153,438.647998046875,437.6119979858398,391.8807989501953,437.6119979858398,458.09716752484286,417.1268284468368,0.0936225223864447,45.008886052547325,88118560.0,0.6174885290908068,-0.14606004488457136,0.033500415521905066,-0.003732389284341876,0.016400860084166524,0.011398243513966008,0.1294250886728602
2025-10-22 13:30:00,443.45001220703125,445.5400085449219,429.0,438.9700012207031,84023500,438.9700012207031,-0.008201547294971134,439.41199951171876,437.4209976196289,393.84339904785156,437.4209976196289,457.77369338875906,417.06830185049876,0.09305769901255806,50.99617644957436,87663055.0,0.9584824530698822,0.5442033220490994,0.03238709075946668,0.0019204837139492152,0.03855479847301136,0.003541219121861169,0.11458006477180725
2025-10-23 13:30:00,420.0,449.3999938964844,413.8999938964844,448.9800109863281,126709800,448.9800109863281,0.022803402824313368,443.4580017089844,438.70049743652345,396.0353991699219,438.70049743652345,458.550476783357,418.8505180896899,0.09049444649743388,56.261859961249804,89161225.0,1.4211312148302135,0.5080281111831808,0.03103422677318375,-0.04321480093844837,0.08576951080815547,0.023431734429004248,0.13368656419950467
2025-10-24 13:30:00,446.8299865722656,451.67999267578125,430.1700134277344,433.7200012207031,94727800,433.7200012207031,-0.03398817183887881,442.3400024414062,438.3664978027344,397.9981994628906,438.3664978027344,458.32059733964326,418.4123982658255,0.09103843307792306,43.25388785430163,88816205.0,1.0665598693391594,-0.2524035236422124,0.03083846747185807,-0.004788686269883784,0.05000343719137551,-0.01059957046289197,0.08975367679054841
2025-10-27 13:30:00,439.9800109863281,460.1600036621094,438.69000244140625,452.4200134277344,105867500,452.4200134277344,0.043115401997602554,443.3380065917969,438.8269989013672,400.4353997802734,438.8269989013672,459.65759161086214,417.9964061918722,0.09493760758406275,56.7450665853376,90135005.0,1.1745436747909428,0.11759694619742045,0.032316588376025156,0.014433297399258112,0.04894116825370501,0.030975793559644742,0.1298202248751881
2025-10-28 13:30:00,454.7799987792969,467.0,451.6000061035156,460.54998779296875,80185700,460.54998779296875,0.017969970655449252,446.9280029296875,439.61849822998045,402.9431994628906,439.61849822998045,462.4944608443753,416.7425356155856,0.10407188371963177,57.495537050330356,90426390.0,0.8867510911361164,-0.24258436252863247,0.03252462230519371,0.005216359315500227,0.034100960337353034,0.047612849885216336,0.14296503429482366
2025-10-29 13:30:00,462.5,465.70001220703125,452.6499938964844,461.510009765625,67983500,461.510009765625,0.0020845119924046696,451.4360046386719,439.7209991455078,405.58719970703123,439.7209991455078,462.98635267908975,416.45564561192583,0.10581870585572482,59.04058860262333,88919450.0,0.7645515126330629,-0.15217426548624002,0.03170313353919812,0.004234094579778471,0.028830262866481465,0.04955189918711847,0.13788110201453257
2025-10-30 13:30:00,451.04998779296875,455.05999755859375,439.6099853515625,440.1000061035156,72447900,440.1000061035156,-0.04639120107705208,449.6600036621094,439.9259994506836,407.91119995117185,439.9259994506836,463.12546185635625,416.72653704501096,0.10546984008510887,59.304850691399444,85691395.0,0.8454512848110362,0.06566887553597556,0.03131679070832283,-0.02266477812251203,0.03514481636415891,0.00039553618801638094,0.07891130754977276
2025-10-31 13:30:00,446.75,458.0,443.69000244140625,456.55999755859375,83135800,456.55999755859375,0.03740057084027071,454.2280029296875,441.2625,410.6402001953125,441.2625,465.08445916742795,417.440540832572,0.10797182705273148,57.53794599163974,83188775.0,0.9993631953349476,0.14752532509568939,0.032121070708230684,0.015110188148736891,0.03225224251133207,0.034667567623792556,0.1118248952280864
2025-11-03 14:30:00,455.989990234375,474.07000732421875,453.79998779296875,468.3699951171875,84595200,468.3699951171875,0.02586735066967427,457.4179992675781,442.01849975585935,413.20739990234375,442.01849975585935,468.2773035162046,415.7596959955141,0.11881314367995369,63.7597595509351,83152290.0,1.017352618911638,0.017554410975777035,0.030317475632061046,-0.0012484828440222618,0.044667298537913416,0.05961627256751223,0.13349856567883517
2025-11-04 14:30:00,454.4599914550781,460.2200012207031,443.6000061035156,444.260009765625,87756600,444.260009765625,-0.05147636612701911,454.1600036621094,442.5770004272461,415.1605999755859,442.5770004272461,468.50934322733366,416.64465762715855,0.11718793690161716,52.8399578435359,82425315.0,1.0646801895752536,0.03737091466182485,0.030917509593228677,-0.02969875057566199,0.03746617423018963,0.003802749209186616,0.07009193500479169
2025-11-05 14:30:00,452.04998779296875,466.3299865722656,440.7099914550781,462.07000732421875,85573000,462.07000732421875,0.040089130615176494,454.2720031738281,443.7460006713867,417.3685998535156,443.7460006713867,471.01405696966344,416.47794437310995,0.1228993895472646,59.697325288629166,83144360.0,1.0292099187485477,-0.02488245898314201,0.032012364273582485,0.017534727087980418,0.05813345649958781,0.04129390828336001,0.10710294805692631
2025-11-06 14:30:00,461.9599914550781,467.45001220703125,435.0899963378906,445.9100036621094,109622900,445.9100036621094,-0.03497306340156037,455.4340026855469,444.2645004272461,419.2947998046875,444.2645004272461,471.26865414316325,417.26034671132896,0.12156791141289675,51.860204715499265,85158510.0,1.2872806252716258,0.28104542320591785,0.033067418746818907,-0.0002380935083359146,0.07437545367972528,0.0037038818840596103,0.06347611243883672
2025-11-07 14:30:00,437.9200134277344,439.3599853515625,421.8800048828125,429.5199890136719,103471500,429.5199890136719,-0.03675632866235745,450.0260009765625,445.0660003662109,420.96559936523437,445.0660003662109,469.0014293202107,421.1305714122111,0.10755900893038409,45.17692616824196,84726690.0,1.2212385495054745,-0.056114187820245576,0.03204178223734017,-0.017918391982139643,0.04143353623408982,-0.034929676362039364,0.020320875770695992
2025-11-10 14:30:00,439.6000061035156,449.6700134277344,433.3599853515625,445.2300109863281,76515900,445.2300109863281,0.03657576451501576,445.39800415039065,445.5325012207031,423.1927996826172,445.5325012207031,469.0762180948725,421.98878434653375,0.10568798823727808,50.66904203242206,84574845.0,0.9047122699426762,-0.2605123149852858,0.030758881543206634,0.02346809775487049,0.03763621152732963,-0.0006789408933045619,0.05207369151894415
2025-11-11 14:30:00,439.3999938964844,442.489990234375,432.3599853515625,439.6199951171875,60533200,439.6199951171875,-0.01260026442672324,444.4700012207031,446.05150146484374,425.3979998779297,446.05150146484374,468.5158871233108,423.5871158063767,0.10072552422620919,50.16370163215885,83968035.0,0.7209076644463575,-0.20888076857228366,0.03068768029928269,-0.013094393787445688,0.023429561536726266,-0.014418752826826092,0.03343220993831397
2025-11-12 14:30:00,442.1499938964844,442.3299865722656,426.55999755859375,430.6000061035156,58513500,430.6000061035156,-0.02051769508633805,438.1760009765625,445.8240020751953,427.3282000732422,445.8240020751953,468.8386504151271,422.8093537352635,0.10324544319195272,45.34777734933088,83315800.0,0.7023097659747611,-0.03336516159727221,0.03093147192332361,0.005754967488734139,0.036970154500963616,-0.034147995399117004,0.007656424335470107
2025-11-13 14:30:00,423.1300048828125,424.5,396.3399963378906,401.989990234375,118948000,401.989990234375,-0.06644220962287406,429.3919982910156,444.4860015869141,428.59739990234374,444.4860015869141,473.9015213809044,415.0704817929238,0.13235746317755948,42.477119780274634,85403705.0,1.392773299472195,1.0328300306766813,0.03420958213234377,-0.01734788925875525,0.0710501183890162,-0.0956070859393071,-0.06208019384632585
2025-11-14 14:30:00,386.29998779296875,412.19000244140625,382.7799987792969,404.3500061035156,105506700,404.3500061035156,0.005870832424868633,424.3580017089844,442.73800201416014,429.66760009765625,442.73800201416014,477.17495550794047,408.3010485203798,0.15556357636848586,37.64585061433571,86212460.0,1.2237987409244557,-0.1130014796381612,0.03367508135739827,-0.039030828683715234,0.076832655195933,-0.0867058977002312,-0.05892367492542225
2025-11-17 14:30:00,398.739990234375,423.9599914550781,398.739990234375,408.9200134277344,102214300,408.9200134277344,0.011302107716671506,417.09600219726565,440.8125030517578,430.9180004882812,440.8125030517578,478.3148778222043,403.3101282813113,0.1701511391388243,36.48359802715183,88137225.0,1.1597177015727465,-0.03120560116087412,0.03346491369222538,-0.013874157992975108,0.06324923970098681,-0.07234933084527048,-0.05104912543829805
2025-11-18 14:30:00,405.3800048828125,408.8999938964844,393.7099914550781,401.25,80688600,401.25,-0.018756757252943457,409.4220031738281,438.74500274658203,432.0036004638672,438.74500274658203,480.18497548860114,397.3050300045629,0.18890231219775158,34.75974015148569,89451045.0,0.9020420052107831,-0.2105938210211291,0.033597678249854455,-0.008656970626720075,0.038581704226674195,-0.08545966908308936,-0.07118829665041052
2025-11-19 14:30:00,406.17999267578125,411.7799987792969,398.5,403.989990234375,72047700,403.989990234375,0.006828636098130891,404.1,436.9960021972656,433.1276000976562,436.9960021972656,481.25295307818544,392.7390513163458,0.20255082727709559,39.91509696568133,88852255.0,0.8108708102005965,-0.10708947732393426,0.03367502961713431,0.012286586107866043,0.03332496556912641,-0.075529322458175,-0.06727257708054542
2025-11-20 14:30:00,414.6300048828125,428.94000244140625,394.739990234375,395.2300109863281,113548800,395.2300109863281,-0.02168365419886953,402.7480041503906,434.3085021972656,433.65600036621095,434.3085021972656,481.9033880597249,386.7136163348064,0.21917547375501922,32.101800755698605,88194205.0,1.2874859521665851,0.5760225517261481,0.033306466691016966,0.026337322472432274,0.08663933995318071,-0.08997864654555578,-0.0886093801248757
2025-11-21 14:30:00,402.32000732421875,402.79998779296875,383.760009765625,391.0899963378906,100460600,391.0899963378906,-0.010474950113494086,400.09600219726565,432.177001953125,433.55900024414063,432.177001953125,483.5511190503958,380.8028848558542,0.23774572392837773,26.390086695172855,88480845.0,1.1353937679957735,-0.1152649785818961,0.03266888451959963,0.017938911876142632,0.049614283778479415,-0.09506985663177601,-0.09795438194648333
2025-11-24 14:30:00,402.1700134277344,421.7200012207031,401.0899963378906,417.7799987792969,96806400,417.7799987792969,0.0682451678419993,401.8679992675781,430.44500122070315,433.71380004882815,430.44500122070315,481.2784179480226,379.6115844933837,0.2361900664807837,42.03561177856042,88027790.0,1.0997254389778501,-0.03637445924073712,0.03500254203408568,0.028331118651960942,0.05143485270431214,-0.02942304453644361,-0.0367380546059116
2025-11-25 14:30:00,414.4200134277344,420.4800109863281,405.95001220703125,419.3999938964844,71915600,419.3999938964844,0.0038776272725380423,405.497998046875,428.3875015258789,433.6694000244141,428.3875015258789,477.38844262793697,379.38656042382087,0.22876923779298403,35.781409242235,87614285.0,0.820820486065714,-0.25711936400899116,0.03469033476838686,-0.008042475373114977,0.035792581210434084,-0.020979854914958594,-0.032903880530022134
2025-11-26 14:30:00,423.95001220703125,426.94000244140625,416.8900146484375,426.5799865722656,63463000,426.5799865722656,0.017119677587676296,410.0159973144531,426.64100036621096,433.6838000488281,426.64100036621096,473.09493752735796,380.18706320506396,0.2177659302377074,43.14878864288891,87388260.0,0.726218830767428,-0.11753499936036127,0.034992921735554114,0.010848875481075718,0.02410704847762757,-0.0001430096823628379,-0.01638016793747583
2025-11-28 14:30:00,426.5899963378906,432.92999267578125,426.20001220703125,430.1700134277344,36252900,430.1700134277344,0.008415835173881447,417.0039978027344,426.1445007324219,433.9502001953125,426.1445007324219,472.20333765683404,380.0856638080097,0.21616534694334924,50.2533811513925,85578510.0,0.4236215376967886,-0.4287553377558577,0.03356118852929242,2.346515528173818e-05,0.015790662308758543,0.009446356079671994,-0.008711107324934384
2025-12-01 14:30:00,425.32000732421875,433.6600036621094,425.2900085449219,430.1400146484375,57463600,430.1400146484375,-6.973703038437584e-05,424.8140014648437,424.82350158691406,434.0316003417969,424.82350158691406,468.6717784872538,380.97522468657434,0.20643056109911972,43.29869941894929,84294900.0,0.6816972319796334,0.5850759525444862,0.032352026527297205,-0.011274626199230395,0.019680676594835654,0.012514639707228483,-0.008966134471072595
2025-12-02 14:30:00,430.80999755859375,436.79998779296875,422.1199951171875,429.239990234375,69336600,429.239990234375,-0.0020923987153301793,427.1059997558594,422.86700134277345,433.9322003173828,422.86700134277345,461.7442426840075,383.9897600015394,0.18387455733260383,45.18909967541854,83531970.0,0.8300606342697293,0.20661775454374598,0.03165939145544517,0.001557592614822969,0.03477682376004444,0.015070906151023225,-0.010813233218405717
2025-12-03 14:30:00,432.1000061035156,447.9200134277344,431.1099853515625,446.739990234375,87483000,446.739990234375,0.04076973347810542,432.5739990234375,422.9910003662109,434.35,422.9910003662109,462.1701859573509,383.81181477507096,0.1852483176106347,56.93536157772313,83518290.0,1.0474711587126604,0.2617145922932478,0.031073758857609105,0.0066629762701722875,0.038992434987242516,0.056145378619410394,0.028525360272533617
2025-12-04 14:30:00,449.94000244140625,454.6300048828125,445.3900146484375,454.5299987792969,71906500,454.5299987792969,0.017437455153354264,438.16400146484375,422.61399993896487,434.5847998046875,422.61399993896487,460.32756812885043,384.9004317490793,0.1784776093330191,77.49632105976477,82834965.0,0.8680694197190764,-0.1780517357658059,0.029956655513276035,0.0071630305703154415,0.020745840567773975,0.07552044855338774,0.045894837977704675
2025-12-05 14:30:00,453.0299987792969,458.8699951171875,451.6600036621094,455.0,56427500,455.0,0.0010340378456106247,443.1299987792969,423.06849975585936,435.21699951171877,423.06849975585936,462.15815548935683,383.9788440223619,0.18479114259773527,77.0421592029263,80175195.0,0.7038024665858312,-0.21526565748576276,0.028830068649649526,-0.003300112212677837,0.015963316203823043,0.07547595782377413,0.04545548659743597
2025-12-08 14:30:00,447.45001220703125,449.75,435.25,439.5799865722656,69165800,439.5799865722656,-0.033890139401614006,445.0179931640625,423.5714996337891,435.2005993652344,423.5714996337891,463.2649378723076,383.87806139527055,0.18742261116641054,64.6698350416353,78459910.0,0.8815431983034393,0.22574631163882852,0.028636872002351314,-0.016593379764766485,0.03331418724870764,0.03779406063041812,0.010062916304386613
2025-12-09 14:30:00,437.5400085449219,452.3900146484375,435.70001220703125,445.1700134277344,62367400,445.1700134277344,0.01271674558948499,448.20399780273436,423.56849975585936,435.2397998046875,423.56849975585936,463.2550543935263,383.88194511819245,0.18739143567353025,71.44111574711249,77752485.0,0.8021274175352724,-0.09829135208441164,0.027578258213525483,-0.004640743640880893,0.03830617850310198,0.050998867206428024,0.022815499932458003
2025-12-10 14:30:00,446.07000732421875,456.8800048828125,443.6099853515625,451.45001220703125,63257500,451.45001220703125,0.014106967203253218,449.1460021972656,424.1600006103516,435.37440002441406,424.1600006103516,465.18396846562086,383.1360327550823,0.19343628723235204,72.39523631231819,77888700.0,0.8121524688433623,0.0142718792189509,0.027564552640432314,0.002021685803934935,0.0299137079178537,0.0643389559539096,0.03692365049877929
2025-12-11 14:30:00,448.95001220703125,449.2699890136719,440.3299865722656,446.8900146484375,55979500,446.8900146484375,-0.010100780674035192,447.6180053710938,424.97450103759763,435.12300048828126,424.97450103759763,467.16704180215817,382.7819602730371,0.19856504642770437,75.38323124329916,77762000.0,0.7198824618708367,-0.11505355096233649,0.027219096138163364,-0.005537711667739463,0.020302960765855187,0.05156900839304943,0.027042960604131857
2025-12-12 14:30:00,448.0899963378906,463.010009765625,441.6700134277344,458.9599914550781,95656700,458.9599914550781,0.027008830833098685,448.4100036621094,427.8230010986328,435.5822003173828,427.8230010986328,471.1587688149008,384.4872333823648,0.20258736722889334,80.93716648805172,76597435.0,1.2488238019980695,0.7087808930054753,0.022409787930667547,0.0026851834906115204,0.04831660671792982,0.07278007558379691,0.053670216828560345
2025-12-15 14:30:00,469.44000244140625,481.7699890136719,467.6600036621094,475.30999755859375,114542200,475.30999755859375,0.035624033484225714,455.556005859375,431.3710006713867,436.4918005371094,431.3710006713867,478.10138962599905,384.64061171677434,0.2166598537309234,78.9531755922203,77049210.0,1.4866109594115242,0.19742997615431013,0.023308590690398527,0.02283425828273723,0.030171460550552347,0.10185894930076503,0.08893224792245358
2025-12-16 14:30:00,472.2099914550781,491.5,465.8299865722656,489.8800048828125,107608100,489.8800048828125,0.030653694218629735,464.4980041503906,435.41900024414065,437.22440063476563,435.41900024414065,487.6618434831652,383.17615700511607,0.23996584076364086,81.38021424248657,77318900.0,1.3917438039082295,-0.06053751368491267,0.02383244526248028,-0.006522072162249169,0.05510597034901726,0.12507723504976911,0.12043153166108998
2025-12-17 14:30:00,488.2200012207031,495.2799987792969,466.20001220703125,467.260009765625,106490400,467.260009765625,-0.04617456293730249,467.6600036621094,438.71950073242186,437.9078009033203,438.71950073242186,490.2082995577616,387.2307019070821,0.23472309181325013,65.92296741329648,78608990.0,1.354684750433761,-0.010386764565120998,0.026204151375225537,-0.0033885924013299456,0.06237663194086686,0.06505411540986002,0.06702828495349174
2025-12-18 14:30:00,478.1600036621094,490.8599853515625,473.1199951171875,483.3699951171875,95168400,483.3699951171875,0.034477560704677446,474.95599975585935,442.6885009765625,438.80140075683596,442.6885009765625,495.1343154437925,390.24268650933254,0.23694229396758892,68.96476772074053,79765025.0,1.1931093859746174,-0.10631944287935813,0.026861977097466086,0.023327470078065852,0.03749575248871265,0.09189643293395325,0.10156894276882551
2025-12-19 14:30:00,488.1199951171875,490.489990234375,474.7200012207031,481.20001220703125,103305400,481.20001220703125,-0.00448927929345333,479.40400390625,446.9870010375977,439.7146008300781,446.9870010375977,497.0952261875663,396.87877588762905,0.22420439535669562,67.92836685551558,79252855.0,1.3034912117677022,0.0855010696827938,0.02608024471577482,0.009826840821694811,0.03321955884125517,0.07654140073428174,0.09434622206912943
2025-12-22 14:30:00,489.8800048828125,498.8299865722656,485.3299865722656,488.7300109863281,86916100,488.7300109863281,0.01564837611861325,482.0880065917969,451.8690017700195,441.2194012451172,451.8690017700195,497.90740154017294,405.8306019998661,0.20376878958200748,69.95907576972262,78575630.0,1.1061457604603362,-0.1586490154435296,0.0256402266156084,0.01803822206065692,0.027816125880344406,0.08157454720708895,0.10768023710457071
2025-12-23 14:30:00,489.3999938964844,491.9700012207031,482.8399963378906,485.55999755859375,58223600,485.55999755859375,-0.00648622625268469,481.2240051269531,455.25800170898435,442.21260131835936,455.25800170898435,500.7057261363708,409.8102772815979,0.19965700440972414,64.40980096740941,76646490.0,0.7596381778213197,-0.3301172049827362,0.022145021020978574,0.0013708650893038616,0.01890896560363516,0.06656005108281307,0.09802388288122882
2025-12-24 14:30:00,488.4800109863281,490.8999938964844,476.79998779296875,485.3999938964844,41285400,485.3999938964844,-0.00032952397832164415,484.852001953125,458.55800170898436,443.33580139160154,458.55800170898436,502.60593572584804,414.5100676921207,0.1921149946253382,62.14684557246573,75114980.0,0.5496293815161769,-0.2909163981615702,0.022203938418687622,0.006013702616393991,0.029572161209110572,0.05853565325970432,0.09488110902130201
2025-12-26 14:30:00,485.2300109863281,489.0899963378906,473.82000732421875,475.19000244140625,58521400,475.19000244140625,-0.021034181259704576,483.21600341796875,460.9885025024414,444.1366015625,460.9885025024414,502.92060463037546,419.05640037450735,0.18192255078080602,57.378847599481595,74867900.0,0.7816621008469584,0.41748414693814273,0.022966135910431167,-0.00035019141387237075,0.03222740445238976,0.03080662502833166,0.06991858083674811
2025-12-29 21:00:01,469.0,469.3999938964844,459.29998779296875,459.6400146484375,63214631,459.6400146484375,-0.03272372674735757,478.90400390625,462.4620025634766,444.75440185546876,462.4620025634766,501.8268165319453,423.0971885950078,0.17024020892642144,57.32438739191874,76215986.55,0.8294143244938421,0.08019683397868138,0.02449771849989294,-0.013026373470829732,0.021989998632589214,-0.006102096819622999,0.03346928716358405
