,Close,Open,High,Low,Volume,Adj Close
2020-01-02,100.49671415301123,98.57787402358589,102.66659012484624,96.44942871071048,9835930,100.49671415301123
2020-01-03,102.36130858989597,100.94101649602015,103.93392658664116,99.39021901855351,14393821,102.36130858989597
2020-01-06,103.64118930426945,102.18852624856186,104.9825689493686,100.86594774485441,15120430,103.64118930426945
2020-01-07,104.87612811630305,103.68284728990263,106.4024773750952,102.17386483648002,13759267,104.87612811630305
2020-01-08,105.01552698394025,105.20078636128001,106.7590358497195,103.46002158458938,9881328,105.01552698394025
2020-01-09,106.28840385630237,104.03097752435517,106.96269679766135,103.3710056809339,11941318,106.28840385630237
2020-01-10,109.17840622243112,105.95101086851612,111.63215718113925,103.56979462356509,17096367,109.17840622243112
2020-01-13,109.74665536383394,109.6987055334704,111.41553194390391,108.03055810864115,14241006,109.74665536383394
2020-01-14,108.08624258613543,108.9207309495276,110.79580249307314,106.22553676865485,13359164,108.08624258613543
2020-01-15,108.10083238780092,108.27662002935091,110.41592229452847,105.96500329069653,9128988,108.10083238780092
2020-01-16,108.31558651468752,107.22094665410931,109.38728125982072,106.16008248123393,8524761,108.31558651468752
2020-01-17,108.46814824190619,108.61871633737945,110.50513663191529,106.58434291761296,7700801,108.46814824190619
2020-01-20,108.00518454947344,108.44495244839376,109.92650510824089,106.52963990830908,12400718,108.00518454947344
2020-01-21,104.61477828270289,106.95852889038184,109.0157536058602,102.60263292393462,18272994,104.61477828270289
2020-01-22,102.30763836496462,105.34587197864494,105.80558692085555,101.86118185769693,16174663,102.30763836496462
2020-01-23,102.59220699845561,101.8567123886546,104.08025858861885,100.37932880101992,10288131,102.59220699845561
2020-01-24,102.55984265025188,102.09345348402051,103.78911433198803,100.86977189466263,13333258,102.55984265025188
2020-01-27,102.67769940087155,102.68326472210285,104.44544454788202,100.91561508332174,9285780,102.67769940087155
2020-01-28,100.88696466200004,103.38533604378308,105.17909446577228,99.13655353546707,16327640,100.88696466200004
2020-01-29,99.50443076796782,100.27206558227506,101.42137101534263,98.363923865753,12642416,99.50443076796782
2020-01-30,102.37660033162382,99.54125527806168,103.54769964130128,98.4025898509723,13966005,102.37660033162382
2020-01-31,103.573489588701,102.64000498444352,105.06978194054099,101.15719837957852,13890524,103.573489588701
2020-02-03,103.71492777248942,104.00421378708742,105.09800414439262,102.62417977512088,11150202,103.71492777248942
2020-02-04,101.46713212455967,103.82472551145928,105.81919002445838,99.51795678832545,15395393,101.46713212455967
2020-02-05,100.78208761060905,101.24368455110971,102.57544033269585,99.45640365855972,11536293,100.78208761060905
2020-02-06,101.90069842574034,100.28164998987044,101.94808825280509,100.23501311569584,12127600,101.90069842574034
2020-02-07,101.56796512045894,101.95336715682552,103.2915958103917,100.23479521151876,17176136,101.56796512045894
2020-02-10,101.24965473431116,100.91459525381711,102.2426385388913,99.92489747167897,13466831,101.24965473431116
2020-02-11,98.95220662640077,99.47494036744071,100.15570915062318,98.27501523478546,16799413,98.95220662640077
2020-02-12,97.60850578459198,99.2113979620755,100.08573479823876,96.74829502369788,13003385,97.60850578459198
2020-02-13,97.13843765185023,98.13789615958233,99.66365018821467,95.62822224697382,13409627,97.13843765185023
2020-02-14,99.03932437126535,95.76124826145772,101.18285268664324,93.68866801651492,15432533,99.03932437126535
2020-02-17,97.73164021909015,98.43930609051698,100.07004399330269,96.11262545419392,12707160,97.73164021909015
2020-02-18,94.59591080416034,98.0947059879502,99.26865272003087,93.46383584416833,15449949,94.59591080416034
2020-02-19,94.23576641545333,95.76369475175721,97.41844552394545,92.60741751300186,10588681,94.23576641545333
2020-02-20,93.27724345376464,94.2475234813298,95.44489570958766,92.09219819512597,6383244,93.27724345376464
2020-02-21,93.91592465165789,92.86980680826012,94.99849334176606,91.79929671660186,11858536,93.91592465165789
2020-02-24,91.26224612328467,93.81286332136673,94.6785859350961,90.42006108115446,14194449,91.26224612328467
2020-02-25,88.62569332564702,92.01509198420507,92.58934491999895,88.07259313869338,21696450,88.62569332564702
2020-02-26,88.51591500663974,88.28219918621636,89.67108146339488,87.13008281007266,10287458,88.51591500663974
2020-02-27,90.42804757750756,88.0914677362319,91.85593063370162,86.70047990064893,11289739,90.42804757750756
2020-02-28,91.90299541786133,90.1661262523579,93.23714032561607,88.85719526872018,13130500,91.90299541786133
2020-03-02,91.86125711457359,91.37731288956223,93.04811974669555,90.19670289685259,8185816,91.86125711457359
2020-03-03,90.85619195566794,91.92886901120113,92.87309521771088,89.92298350449283,13398620,90.85619195566794
2020-03-04,89.46986297973712,91.74186454300163,93.39700070977844,87.85571651790106,13833702,89.46986297973712
2020-03-05,90.0941163589433,89.64329812952083,90.85219892204871,88.88900890445642,13801565,90.0941163589433
2020-03-06,90.87739394551333,89.95770296423838,92.59317182689136,88.25928897694736,10021403,90.87739394551333
2020-03-09,91.73812558975662,90.71827965965547,92.65448991985052,89.81210248377394,11975446,91.73812558975662
2020-03-10,90.93558363057569,90.87770042138281,91.95750169776979,89.85643283549538,8942524,90.93558363057569
2020-03-11,88.70507185764708,91.41742024854416,92.11823296134806,88.02505220844886,17150758,88.70507185764708
2020-03-12,89.76126152211448,88.66364453272178,90.88264799877444,87.55597057332801,13735251,89.76126152211448
2020-03-13,90.0256802404655,89.6640608937747,91.8150812816799,87.88184760203094,11693017,90.0256802404655
2020-03-16,88.64383227616075,91.75045032572277,93.36325262718523,87.08563854307383,13074130,88.64383227616075
2020-03-17,87.74717302491045,88.80272789236784,90.56920157364486,86.00169655775919,13062964,87.74717302491045
2020-03-18,88.14201658680763,87.35136778880276,89.69426032033168,85.81304794413045,15023666,88.14201658680763
2020-03-19,89.8596542443012,87.91653647690767,90.71167211200768,87.08294257344632,13127184,89.8596542443012
2020-03-20,89.9561253501951,90.47884785038181,91.68638342864516,88.75556605458269,10501922,89.9561253501951
2020-03-23,89.4477273865938,90.01726155368792,91.0163635316446,88.45494667083767,8957113,89.4477273865938
2020-03-24,88.96315334773861,88.67582320752976,90.88946134409808,86.75573673464211,9316653,88.96315334773861
2020-03-25,90.13138452387442,89.45381837574836,90.94401420330826,88.64729767117002,12875762,90.13138452387442
2020-03-26,91.34009030868751,89.770060014928,93.11834380160516,88.02237263864576,15815303,91.34009030868751
2020-03-27,92.99296730852939,92.36673343701615,94.80305396841258,90.56883627500146,12938692,92.99296730852939
2020-03-30,92.51882451079614,93.59558855532924,95.85574428172087,90.28467059131431,10511867,92.51882451079614
2020-03-31,91.19884960389129,92.2705103350104,93.46555803513888,90.01768158956266,11848873,91.19884960389129
2020-04-01,92.69990638404359,91.89981291497533,94.42056596734604,90.19400435524766,11943634,92.69990638404359
2020-04-02,96.002666369185,92.73764758088477,98.53792966489215,90.28860774757541,18166417,96.002666369185
2020-04-03,97.76919222411038,96.49387764891209,98.93379846828327,95.34446268620296,10140071,97.76919222411038
2020-04-06,99.14627736436294,98.05354384005878,99.87250389409186,97.33532136349625,16559522,99.14627736436294
2020-04-07,98.88830019784176,98.64279869437355,99.44206971776924,98.09040397054878,9209462,98.88830019784176
2020-04-08,98.23964221356016,98.50646290377888,100.33509355249609,96.41596470677358,13068908,98.23964221356016
2020-04-09,99.7161800116163,98.8467401068391,100.27301998611213,98.29475530122706,10088644,99.7161800116163
2020-04-10,102.18990520719882,99.5158849079376,103.53251754167401,98.20840493442455,17102940,102.18990520719882
2020-04-13,101.6261089261684,101.94241241802443,103.69445241063964,99.87950510437152,12700518,101.6261089261684
2020-04-14,101.74229738080138,101.0437165784476,103.36263276419238,99.43450670746736,11045618,101.74229738080138
2020-04-15,98.42651597720271,102.0008850334124,103.74787707231211,96.74074295893446,13538872,98.42651597720271
2020-04-16,99.85782029787697,99.64455882870631,101.46667450471813,98.03914057320884,13568971,99.85782029787697
2020-04-17,100.5943683648825,99.21821123839494,102.74651738392426,97.09550417776457,9057348,100.5943683648825
2020-04-20,99.71313892919142,100.60898641055931,101.63906327767619,98.69223412313931,11172714,99.71313892919142
2020-04-21,98.52512884757877,100.5580405958362,101.72602468169227,97.38075708109415,15213687,98.52512884757877
2020-04-22,96.20369892481074,98.47804877757426,99.57476953653871,95.1323069241598,17253731,96.20369892481074
2020-04-23,97.10196423529544,96.46481796534164,98.96155997694447,94.6174241858233,11903514,97.10196423529544
2020-04-24,98.702993164337,96.48300124505188,100.62789824037974,94.60139043575029,10942169,98.702993164337
2020-04-27,100.21065701638159,98.95664431926454,101.93990480018398,97.24903593731733,14854234,100.21065701638159
2020-04-28,98.9722805719623,100.09813391786386,102.19193346442829,96.90203102711001,12519983,98.9722805719623
2020-04-29,98.27212474633498,99.55764024616607,100.46459000551087,97.37688577051541,7176790,98.27212474633498
2020-04-30,99.1586054621488,98.97224644742357,101.47258263355242,96.66261817245459,13804240,99.1586054621488
2020-05-01,101.37758713901465,100.69927057913709,103.67036222663062,98.42183642982806,14405633,101.37758713901465
2020-05-04,101.56567645924892,101.73015801417138,103.6302850944765,99.66862158351734,13190675,101.56567645924892
2020-05-05,99.91697746002322,101.76421479893853,104.19729485532606,97.52806299109301,10640679,99.91697746002322
2020-05-06,99.9341773849796,100.03351121129893,100.70542469837775,99.26293111168563,5315788,99.9341773849796
2020-05-07,100.65157431013203,99.72241708726678,101.89741527198976,98.48807700988289,12092195,100.65157431013203
2020-05-08,102.05003690355343,100.85598790046981,103.20559873061721,99.71394686663133,13546141,102.05003690355343
2020-05-11,100.29597671766058,101.86916255471714,103.76468246559642,98.42972969960647,9582379,100.29597671766058
2020-05-12,97.97332602967036,100.39735246658321,101.37615600371518,97.01815504451571,12030958,97.97332602967036
2020-05-13,96.31549863114654,98.74786250726243,100.60308557915485,94.50597353658377,23222499,96.31549863114654
2020-05-14,94.87212453587499,95.73382473673625,97.82586544281101,92.79891428916599,12226555,94.87212453587499
2020-05-15,95.21685334784574,95.52098074071823,97.28582776597807,93.45762538470657,12415304,95.21685334784574
2020-05-18,94.29521931921546,95.96932266110056,97.545019468743,92.74700920438617,10479443,94.29521931921546
2020-05-19,92.43602644326015,94.22841953333155,95.17641710827057,91.50606147792172,9179215,92.43602644326015
2020-05-20,91.31692913247566,91.25921142993903,92.30002392116562,90.27673801532636,12005497,91.31692913247566
2020-05-21,90.52187776622964,90.9839025085517,92.91713706944174,88.59846035073802,11133869,90.52187776622964
2020-05-22,90.91949271560514,91.22631605707326,92.95019649067454,89.20141024445364,10042360,90.91949271560514
2020-05-25,90.270138644202,90.90701779986352,92.2528873261485,88.93369805165918,11169364,90.270138644202
2020-05-26,88.51490034497267,89.72889573786168,90.88733636363017,87.37213294878148,14642679,88.51490034497267
2020-05-27,88.34286641217264,88.24681973387773,88.7731810368002,87.81697294883921,10081443,88.34286641217264
2020-05-28,90.1351550283855,88.78844310840196,91.00457510995805,87.93201305704522,10917424,90.1351550283855
2020-05-29,93.44400648715977,90.43083451795982,95.73871987235898,88.21011588437241,19112966,93.44400648715977
2020-06-01,93.71077731442823,93.31004585141095,94.5164765397685,92.50779200384446,7158050,93.71077731442823
2020-06-02,93.18579827187178,93.50452490981385,94.99567888677743,91.6997271558092,7379544,93.18579827187178
2020-06-03,93.04094093333757,92.96676049678283,94.90522272335613,91.10396507648126,11953662,93.04094093333757
2020-06-04,92.24010691636076,92.52600946438416,93.33333467306667,91.43527631795682,12972424,92.24010691636076
2020-06-05,93.19405981304223,93.13412147420128,94.67804030541208,91.65109541310916,11930670,93.19405981304223
2020-06-08,92.7868184054174,93.01382969452233,94.84523272030947,90.95988513604304,8225850,92.7868184054174
2020-06-09,93.85553919209518,93.46443600527205,95.26923793296231,92.05662825483041,10679330,93.85553919209518
2020-06-10,92.99835144578357,94.7122428221038,97.49129089803525,90.26959239680153,11221177,92.99835144578357
2020-06-11,93.90930060441623,93.55539905233228,94.53445516653099,92.93260041416117,8691197,93.90930060441623
2020-06-12,94.4928803154999,93.66610163425217,96.41048506153702,91.76527523932246,9698074,94.4928803154999
2020-06-15,92.6880463172816,94.72177803013555,96.06076426152313,91.37780889971992,15745993,92.6880463172816
2020-06-16,92.4905996492939,92.67459045636659,94.42239623428462,90.7462638645434,13870553,92.4905996492939
2020-06-17,92.86389353079936,91.98909608727523,94.46175943551025,90.40628241605779,9937604,92.86389353079936
2020-06-18,94.77006767039015,93.04462112562048,95.8442123733806,91.99003301166618,16409309,94.77006767039015
2020-06-19,95.17146976621679,94.09964158562437,96.70801142891763,92.58040456956587,7397088,95.17146976621679
2020-06-22,96.76695012616634,95.84966892428237,97.31953709262487,95.30232008547047,15235380,96.76695012616634
2020-06-23,94.92635206515233,96.49719253315376,98.23570887218997,93.21613636106673,11753867,94.92635206515233
2020-06-24,96.03741735516044,95.04092417904046,97.62115046066938,93.47362403555712,13123283,96.03741735516044
2020-06-25,100.174392937541,96.20065476846844,101.99689580504017,94.45044731495138,17715421,100.174392937541
2020-06-26,101.18671535046627,100.0187790461251,103.23985366956178,97.98933884562548,15654335,101.18671535046627
2020-06-29,101.30894857862161,101.54290906259284,103.25269863855183,99.60309845250086,8598352,101.30894857862161
2020-06-30,101.22849287939975,101.02027663785019,102.82187461647858,99.43017231750663,11517467,101.22849287939975
2020-07-01,101.24922542149142,101.75769355302869,102.83578154731784,100.17652447332082,9495057,101.24922542149142
2020-07-02,101.38644201308361,100.43154902114311,102.54619099750876,99.28272295851744,9950948,101.38644201308361
2020-07-03,102.96201881720098,101.46332106856353,105.11739206092761,99.33932107358392,12634822,102.96201881720098
2020-07-06,101.89617687379838,104.15983508171851,106.47027490284613,99.63594878794183,10192153,101.89617687379838
2020-07-07,101.35828447610122,101.28459724829192,102.7579864165405,99.88591288777994,11024634,101.35828447610122
2020-07-08,100.0602210906861,100.94611407095299,102.48352477487632,98.53630254902109,12404929,100.0602210906861
2020-07-09,102.39651303408101,100.36875148902875,103.4693139413929,99.31719529367908,15394912,102.39651303408101
2020-07-10,102.29143156144383,102.50684432373137,104.64552500542445,100.15724520514271,10379189,102.29143156144383
2020-07-13,101.27333374572926,102.50663029026317,104.38527792629259,99.41728883921452,14065436,101.27333374572926
2020-07-14,100.56962575851786,101.57058341470263,104.07999510370526,98.08494381663475,13700234,100.56962575851786
2020-07-15,98.67393466055343,100.95262796184278,102.0235722670663,97.62716361028758,11160278,98.67393466055343
2020-07-16,99.63350029023016,99.33092535874152,100.93969154400091,98.02870085037237,14211631,99.63350029023016
2020-07-17,101.78749920724454,99.87849029387432,103.43210320363116,98.26473059283357,11298368,101.78749920724454
2020-07-20,99.84615496451619,101.64015712727517,103.49330597516223,98.02571516721491,15538025,99.84615496451619
2020-07-21,99.02209900049061,100.24907835248827,101.64471211830254,97.64354682626548,13188033,99.02209900049061
2020-07-22,99.211570371971,100.15088078276924,101.21600488402065,98.15643601967913,7084265,99.211570371971
2020-07-23,101.3374908313492,99.1326175583934,103.30415133072431,97.20874711762816,14553768,101.3374908313492
2020-07-24,101.50706091520557,100.74495270448755,103.39566848480376,98.87052467395429,9410296,101.50706091520557
2020-07-27,100.29494207938718,102.18131994481772,103.24590925885572,99.25000623742078,10643985,100.29494207938718
2020-07-28,100.07849438352235,100.22250034819014,102.40506718644173,97.89906359398141,13667384,100.07849438352235
2020-07-29,100.36473083562147,98.77386940177426,102.45743519051935,96.71433608836611,9276417,100.36473083562147
2020-07-30,101.78888967683974,100.87503832681031,103.38407247870404,99.29417693037303,10925850,101.78888967683974
2020-07-31,103.14302611175816,101.46194690687395,104.73122132542198,99.89963693283934,12853804,103.14302611175816
2020-08-03,101.96693388202274,103.08699885155407,104.91888459840098,100.15495201322142,14085292,101.96693388202274
2020-08-04,100.69287993410802,102.17003998052633,103.2623893945371,99.61632355405723,12149831,100.69287993410802
2020-08-05,100.1014422299974,100.80797170240889,102.3352283404538,98.58488962466433,14110646,100.1014422299974
2020-08-06,99.64941150025332,100.52754513052726,100.95358913789065,99.22708909546519,12124721,99.64941150025332
2020-08-07,101.64682449088573,99.38903573699133,103.61697152411142,97.46264979357257,9061631,101.64682449088573
2020-08-10,100.8549381664059,101.9597579409605,102.6931069551418,100.12953560589298,10396760,100.8549381664059
2020-08-11,97.55714850118369,100.69787878169177,102.96530290162283,95.36044451635757,14781749,97.55714850118369
2020-08-12,96.94798286442585,97.98960596397272,99.2977083637895,95.65378550752477,12380678,96.94798286442585
2020-08-13,96.10493967368619,97.3059346821984,98.6625414348405,94.76507679122793,6944620,96.10493967368619
2020-08-14,97.15434496571096,95.56553799351562,98.30672475790458,94.43200356587157,20285679,97.15434496571096
2020-08-17,97.42843036730908,97.78739225255973,99.1133702846071,96.10731978865442,11747949,97.42843036730908
2020-08-18,95.10144040388164,97.11512190415877,99.26065295526577,93.00039692691524,15223420,95.10144040388164
2020-08-19,95.56874902496898,95.5625251671584,95.81349645475078,95.31779367640706,13910447,95.56874902496898
2020-08-20,96.9892181773269,95.77935615941603,99.06331582216781,93.73113120443784,20729861,96.9892181773269
2020-08-21,98.98494432819382,98.058922163399,100.6370146704091,96.42230723983425,16800567,98.98494432819382
2020-08-24,100.87098908971372,98.85222572124789,101.77528658869916,97.96602621735124,16696705,100.87098908971372
2020-08-25,99.88721171222909,100.65957350533316,101.62826467356646,98.92595331985211,12267047,99.88721171222909
2020-08-26,99.2418133251375,99.87557309052103,102.2108602584657,96.92134470593165,10977106,99.2418133251375
2020-08-27,99.75881969024643,99.06128465666552,100.78358873383965,98.04368101770974,10039618,99.75881969024643
2020-08-28,100.28710699288187,100.23762724999749,101.21308266749294,99.31210843409607,9374880,100.28710699288187
2020-08-31,100.13959386069975,99.31453630334981,102.21113885043161,97.26005892676952,8972604,100.13959386069975
2020-09-01,99.47205601295855,99.5065018836309,101.16754047399463,97.81159241939787,8650581,99.47205601295855
2020-09-02,99.41488580412138,98.83475670080179,100.43989027076256,97.81573358109193,9962618,99.41488580412138
2020-09-03,101.08892521588938,99.98173412853043,102.71475102382057,98.37371541311995,9544013,101.08892521588938
2020-09-04,101.83403280283989,102.12646961965478,103.13458416253425,100.82880497296442,11920756,101.83403280283989
2020-09-07,102.62274009846672,101.77021389195923,104.72692774126949,99.68350653770827,11465392,102.62274009846672
2020-09-08,100.84085806064769,102.51879041153529,104.60062460519191,98.79309739564566,13874482,100.84085806064769
2020-09-09,102.86499092772841,100.88324278207172,104.68158985572092,99.10164158775403,12624847,102.86499092772841
2020-09-10,104.16883009519248,103.58209053406992,105.9197315948258,101.84105113211518,23194165,104.16883009519248
2020-09-11,104.09803007715357,103.58922234875003,106.57618160028072,101.12318347219446,13304602,104.09803007715357
2020-09-14,102.64849842791119,104.24691252635867,105.81045271724744,101.1089319416055,9967791,102.64849842791119
2020-09-15,102.119486014822,103.24911386211693,104.18771328931737,101.19115561571063,11556618,102.119486014822
2020-09-16,101.89248499981966,102.42651488929769,104.1931028447625,100.13510765521698,9248689,101.89248499981966
2020-09-17,104.11349932322301,102.00838665197283,106.76113010347233,99.41428938217628,11722587,104.11349932322301
2020-09-18,106.27461697045493,104.73883379330903,107.32952034273445,103.69917491589428,10824409,106.27461697045493
2020-09-21,106.72599625400593,104.55090711133097,108.1339988283953,103.17159980538516,11829051,106.72599625400593
2020-09-22,105.69909547162804,107.16007776688356,108.99061088253013,103.89351919185329,10405224,105.69909547162804
2020-09-23,104.87277920470027,105.28428422316871,106.83517181929761,103.32795327326896,14033130,104.87277920470027
2020-09-24,106.42912299068921,103.72087784711894,107.5028312926987,102.67449162775767,15819540,106.42912299068921
2020-09-25,109.23204174158326,106.75556405671723,111.48323648860645,104.55540775469976,20095376,109.23204174158326
2020-09-28,109.97034368192135,110.13232690684679,113.0618692266215,107.04511014891108,9572547,109.97034368192135
2020-09-29,108.2858579049876,109.87965211956829,111.63560118379807,106.55537871989998,14366473,108.2858579049876
2020-09-30,108.65172487985224,108.90495493190578,110.04624167413905,107.51309190209942,12115249,108.65172487985224
2020-10-01,110.34783181020242,109.70278576215273,111.14842710985923,108.9068703988903,11934842,110.34783181020242
2020-10-02,110.57911656654906,111.2184195640158,113.03015426206053,108.7777960375567,8928917,110.57911656654906
2020-10-05,110.35420252131331,111.66719153969925,113.9585338264569,108.08980196397856,14358798,110.35420252131331
2020-10-06,109.07214175725653,110.84558384599161,112.77161883510682,107.17692181187658,12897200,109.07214175725653
2020-10-07,107.29301549882716,109.12150800858976,110.75701907498821,105.68490984304957,15061147,107.29301549882716
2020-10-08,108.26909433996438,106.26173704272031,109.57413121476664,104.98089613362532,10027511,108.26909433996438
2020-10-09,109.43928068263163,108.10924856351917,110.48324188110911,107.07797478327417,9529847,109.43928068263163
2020-10-12,109.85750514427643,108.88557487765475,111.96388621207021,106.79782936425607,9605592,109.85750514427643
2020-10-13,109.51678587050385,111.2884712488091,113.46625955161399,107.37366742747716,10360104,109.51678587050385
2020-10-14,107.67164488498086,109.40121117735698,110.19670579093291,106.88872655510967,10806413,107.67164488498086
2020-10-15,107.71428661719641,107.7512388702062,110.22404305077485,105.24233046108374,10059380,107.71428661719641
2020-10-16,109.3472590827273,108.0707037403565,111.30133354158338,106.13944178005566,9297171,109.3472590827273
2020-10-19,109.79063361087151,109.3758659307281,112.20580502947928,106.96981856044302,8641272,109.79063361087151
2020-10-20,109.52315186389836,110.90723797726146,111.82658813893477,108.61527489203033,11993240,109.52315186389836
2020-10-21,113.4680763689897,109.11398474027915,114.39521031665808,108.22242754943449,19411961,113.4680763689897
2020-10-22,115.46163243724658,113.6005667705467,117.10755572536137,111.98117325909342,12495151,115.46163243724658
2020-10-23,117.98543583682553,114.94727124207857,120.0518235730739,112.93409368397431,11724801,117.98543583682553
2020-10-26,118.92868937918466,117.05097524902075,121.78081391148653,114.24388168917177,9444497,118.92868937918466
2020-10-27,118.62711960048281,118.4921480020803,120.82532693327268,116.29644174626443,9751311,118.62711960048281
2020-10-28,118.00521080096604,118.60075818916432,120.23585864486068,116.37832091508982,12568570,118.00521080096604
2020-10-29,119.58244029360019,117.70125140395714,120.7624982255297,116.53975733362161,15258472,119.58244029360019
2020-10-30,119.42993445486701,119.08563195069738,121.95587791058651,116.56697049392702,9285604,119.42993445486701
2020-11-02,118.3086056707177,118.42219603981263,119.62731630516521,117.10464135467464,9430723,118.3086056707177
2020-11-03,115.95893579029087,118.2496130441907,120.98618612213585,113.27537435053975,14740980,115.95893579029087
2020-11-04,114.85812062886693,114.91202115088325,116.47230539379366,113.29856825138144,10091729,114.85812062886693
2020-11-05,117.22138773044664,115.38191222623982,119.9119597356605,112.73356153738911,12725337,117.22138773044664
2020-11-06,115.37426339071544,117.27936994390546,119.43668366273081,113.25199345243722,17143037,115.37426339071544
2020-11-09,114.79480433569832,114.36527980708665,116.43809454870669,112.72813824739232,12984107,114.79480433569832
2020-11-10,111.18709992311624,114.58183076270575,116.00299128826961,109.80804430573916,16808236,111.18709992311624
2020-11-11,109.66316096531125,110.68531938655896,112.15693169093012,108.20513872797031,9879463,109.66316096531125
2020-11-12,111.18192916516713,109.87317107958398,113.08776348340426,107.98977094730229,13321356,111.18192916516713
2020-11-13,111.86652856006698,112.07613236440211,113.80051135828249,110.14537448472731,13891168,111.86652856006698
2020-11-16,110.29271627398077,110.60791435228292,111.93863186074181,108.96579089562293,11886350,110.29271627398077
2020-11-17,108.45847376926213,110.36883550624985,111.93296530944353,106.92141731257969,17460653,108.45847376926213
2020-11-18,108.99740972877132,108.35426721761674,110.67519433822073,106.68638242697571,14237531,108.99740972877132
2020-11-19,109.57062265621803,109.43645570505261,110.04794839508854,108.95971444163312,15414970,109.57062265621803
2020-11-20,111.1753190051983,109.71078318004328,113.0976337218745,107.81379151883468,13742955,111.1753190051983
2020-11-23,111.32922862236802,110.67371642316917,112.45380901064013,109.55575762181198,11557964,111.32922862236802
2020-11-24,109.95752204861654,111.11610845108785,112.14208103588035,108.94224708366168,16538661,109.95752204861654
2020-11-25,112.13123594524494,109.43234786441211,112.86718444888989,108.71411291424627,15259861,112.13123594524494
2020-11-26,114.00907132509275,112.85516000726675,114.6966073062743,112.17458273157133,12076012,114.00907132509275
2020-11-27,113.10186593675736,114.02364965273372,114.961239041437,112.17185615661259,10596886,113.10186593675736
2020-11-30,112.95445924335966,114.39203522111886,115.70238399764676,111.66057774901608,10762074,112.95445924335966
2020-12-01,111.01290192044316,112.91334778682952,115.70979314519867,108.26352356633927,10380791,111.01290192044316
2020-12-02,111.2831131700141,110.5410481748343,112.65975223013204,109.17358890514828,10190608,111.2831131700141
2020-12-03,111.14009343034877,110.27240806965283,112.90597064889342,108.52031728734397,12772232,111.14009343034877
2020-12-04,111.63475880518091,109.93768675782644,113.53281840220161,108.06848147034869,7025942,111.63475880518091
2020-12-07,111.44370978465246,110.5736910017087,113.18839738429979,108.84262382967451,14057222,111.44370978465246
2020-12-08,110.86100977764151,111.62232729447886,113.25344010729617,109.2410219322607,13825555,110.86100977764151
2020-12-09,109.1327431286653,111.19939639628805,112.20280761708995,108.14798041806617,11965465,109.1327431286653
2020-12-10,109.73393052194085,108.09738505633146,112.17601939364617,105.6917169111106,12376274,109.73393052194085
2020-12-11,110.37412740332768,110.32322695496867,113.02707807731635,107.67149972330255,11173848,110.37412740332768
2020-12-14,109.71725994107749,110.05422275095512,110.7791176185354,108.99458454863719,14311186,109.71725994107749
2020-12-15,110.86310098978977,109.8138943033988,111.95841257919727,108.72894872606409,14714142,110.86310098978977
2020-12-16,111.64163494311124,111.9355156597584,113.45794481985025,110.12320283944938,8619210,111.64163494311124
2020-12-17,112.21928696528184,112.24238258813817,113.3847082259751,111.07719637878205,12410083,112.21928696528184
2020-12-18,115.08366886890731,112.03848105826394,117.10106576300586,110.07446578200499,14496372,115.08366886890731
2020-12-21,117.894356023678,114.46829884309788,119.2334754524698,113.16809476097242,15133237,117.894356023678
2020-12-22,118.80305300140496,116.37223467754869,121.87117515029925,113.36688909332126,9977361,118.80305300140496
2020-12-23,117.91587521172373,118.2904273419924,120.76893626210385,115.4452141861273,16304015,117.91587521172373
2020-12-24,119.2701771153632,117.76650157035355,121.1859984835118,115.87483354723692,15140495,119.2701771153632
2020-12-25,122.22496828720818,118.56373065307531,124.68595962884456,116.17645807973594,12898063,122.22496828720818
2020-12-28,121.70998487060287,122.12871101536619,124.63595264728721,119.21133947795923,8302595,121.70998487060287
2020-12-29,121.33796682849035,121.766106719676,123.24924987039518,119.86003853405809,9823590,121.33796682849035
2020-12-30,121.9134152941696,121.17426542251945,123.24457736406161,119.8511740663445,11942499,121.9134152941696
2020-12-31,121.92217345170802,121.43795108670032,123.79864291387081,119.56893415310645,10507213,121.92217345170802
2021-01-01,122.64900563402364,122.04554991672184,125.01713478797413,119.68907239475868,14380190,122.64900563402364
2021-01-04,118.77158233335574,122.9742271213373,124.90434475339529,116.90742648041554,19116400,118.77158233335574
2021-01-05,116.23885915193033,117.99453179053943,118.83406495964026,115.41181762453382,17317425,116.23885915193033
2021-01-06,115.28136503653836,117.22289017290369,118.5106865173904,114.01489804990706,12434304,115.28136503653836
2021-01-07,114.68308285334088,115.21317278974156,116.89875714001244,113.00525379076323,8360177,114.68308285334088
2021-01-08,117.04759985234512,114.69605325056051,118.75903146324173,113.01900518271707,13581453,117.04759985234512
2021-01-11,115.14998685681859,117.54496864288308,120.46745521411393,112.28704602530696,16369937,115.14998685681859
2021-01-12,113.56378212137224,115.31111586351734,116.24168352041306,112.6473155531189,12624263,113.56378212137224
2021-01-13,113.49813211668268,114.21323292752597,116.2151563306561,111.50874296209913,11186398,113.49813211668268
2021-01-14,116.18332176327857,113.6936604552985,118.79112212676185,111.14174194787996,13821858,116.18332176327857
2021-01-15,116.09155719970005,115.75639171193232,119.15141124793053,112.7053717038277,8267199,116.09155719970005
2021-01-18,117.34691396629167,116.3433622427462,118.86984372765325,114.83345658858262,11866332,117.34691396629167
2021-01-19,116.65318556399485,116.54163752118296,118.68961740315368,114.50715299263446,11895337,116.65318556399485
2021-01-20,115.74558689204741,116.7291685770112,118.81264436958605,113.6796668540078,10135789,115.74558689204741
2021-01-21,117.51126992547448,115.72250954343005,119.38879550696689,113.87356371755239,12449997,117.51126992547448
2021-01-22,118.88399561192035,117.3645334683285,120.6084999837472,115.66207007094874,10223162,118.88399561192035
2021-01-25,117.97713917988517,118.79230929424511,120.83314655022963,115.95030644615663,14417186,117.97713917988517
2021-01-26,116.73857451613598,116.64504817934792,117.01159914231498,116.37224228971978,11407681,116.73857451613598
2021-01-27,115.65925251478075,116.35423033494892,118.49635214272911,113.52992549014013,15844227,115.65925251478075
2021-01-28,116.20258746292052,115.72368274597548,118.01893726929518,113.91481864632121,14851987,116.20258746292052
2021-01-29,117.12703882572389,116.31404182115604,118.75365527874627,114.69871596607882,11404734,117.12703882572389
2021-02-01,117.5303663410591,116.40482754893509,120.49616415473791,113.46743193115522,8736393,117.5303663410591
2021-02-02,114.21453235625823,118.42292097836459,119.79962650317583,112.88675073755182,10306893,114.21453235625823
2021-02-03,115.05337880347726,113.62095382489281,116.54730321324699,112.14562890922683,8544017,115.05337880347726
2021-02-04,113.14989953886095,115.72261476263303,118.61079276192396,110.32593076542427,10111397,113.14989953886095
2021-02-05,113.129752923313,113.43992153363705,114.66957551097488,111.90346107863688,13221360,113.129752923313
2021-02-08,112.6660630377821,112.69110770794344,114.07150882055664,111.28596870794223,11073312,112.6660630377821
2021-02-09,111.25024548752556,113.86616677141252,115.49045316606365,109.66327487746062,13527341,111.25024548752556
2021-02-10,109.93353756321147,110.4534911441904,112.5746038047358,107.82240992090392,7932405,109.93353756321147
2021-02-11,110.54367558499507,110.5398127824371,112.31668698356307,108.76686333940776,8743000,110.54367558499507
2021-02-12,111.05836287575767,111.20732386796602,112.15668669788198,110.1102717069535,13053239,111.05836287575767
2021-02-15,110.32833632938808,110.61149498056896,111.9763476035317,108.96697764553038,11982594,110.32833632938808
2021-02-16,110.35489096469277,111.25010660910307,112.58101698101777,109.03469026149266,9756622,110.35489096469277
2021-02-17,110.78581642975831,110.18932782956475,112.40482869350171,108.5790325874584,12070350,110.78581642975831
2021-02-18,111.51557239206136,110.97771538626534,113.42574697465045,109.07675387373902,15697516,111.51557239206136
2021-02-19,113.82169306222909,111.68975202520173,115.76702289408023,109.7808592589705,13524644,113.82169306222909
2021-02-22,114.15876239040877,113.72996957214568,114.85740730709996,113.03394884230198,10740257,114.15876239040877
2021-02-23,114.08891384589742,114.71412760440772,117.04508482952691,111.7706607798742,10519885,114.08891384589742
2021-02-24,114.52215210584545,114.63208344355806,116.49632716035906,112.65969618526564,17360693,114.52215210584545
2021-02-25,114.67362386705399,113.32067823823876,117.18757476134815,110.83638751128558,6745144,114.67362386705399
2021-02-26,114.96029898958903,115.5710644014928,117.56131273496693,112.98056864216514,12037398,114.96029898958903
2021-03-01,115.1253705094871,113.81357553351476,117.48620213492907,111.47964438232678,10053672,115.1253705094871
2021-03-02,114.25861475280784,115.83860409554508,117.84640294510679,112.27820142648719,12886781,114.25861475280784
2021-03-03,113.53278719484486,115.0310293618206,117.5307834746949,111.06559157544625,9881992,113.53278719484486
2021-03-04,114.26840605894256,112.78962443749481,116.2808158885318,110.80325780543895,11185789,114.26840605894256
2021-03-05,116.22424277443004,113.9867474957177,117.910705789177,112.33275148564327,15475669,116.22424277443004
2021-03-08,115.10470114367376,115.45318464746846,118.49678154407584,112.07029102969094,22227861,115.10470114367376
2021-03-09,114.4608601330802,114.95627061790852,117.19161663726801,112.23514746255204,13068909,114.4608601330802
2021-03-10,114.05948189289622,114.24931291836994,116.290802141598,112.02138470750926,9031835,114.05948189289622
2021-03-11,115.15259024029034,114.5930479510741,116.14503029639714,113.60543029783072,10948381,115.15259024029034
2021-03-12,117.75838092158884,116.0579029170714,118.76621153960541,115.06462577528987,13266524,117.75838092158884
2021-03-15,118.95734951293743,118.74450171661142,120.91581304521648,116.78954242050389,8404775,118.95734951293743
2021-03-16,119.48276810456363,118.55610540240139,121.36194600376828,116.6915016890609,10188077,119.48276810456363
2021-03-17,121.42043908799072,119.33277765282551,122.86891051682481,117.90921074554173,15333922,121.42043908799072
2021-03-18,123.44430166767947,120.19401626112895,125.38298374719884,118.30637963276348,10334047,123.44430166767947
2021-03-19,126.12911337703034,122.84742126211842,129.02291060729087,120.02891633589805,17697705,126.12911337703034
2021-03-22,126.45103879670964,126.8592886631681,129.20326930939592,124.11460138831556,11587498,126.45103879670964
2021-03-23,126.4871141048237,127.67679155450841,128.8635418995179,125.31142176108969,8683529,126.4871141048237
2021-03-24,126.73052329281653,125.5503387452079,128.5608232821308,123.73708351913416,10095043,126.73052329281653
2021-03-25,128.33453308712052,126.2800234592481,129.74302609607236,124.89407903778923,17251507,128.33453308712052
2021-03-26,130.24047966317883,128.3142004641797,131.9416157427344,126.63822448118697,15019810,130.24047966317883
2021-03-29,129.22307339219526,130.45940960542478,132.14650047179816,127.55197072889145,11582680,129.22307339219526
2021-03-30,130.12452227611718,128.59535666175478,131.7656230939907,126.97354133209282,10866167,130.12452227611718
2021-03-31,128.590534652697,130.455606721078,131.5937435895548,127.46866927562438,12548523,128.590534652697
2021-04-01,128.05451785960827,128.224947122821,130.06647875572506,126.2154338851858,9779683,128.05451785960827
2021-04-02,129.83092021389734,128.0434137881325,131.41446299025168,126.48167315939865,8385440,129.83092021389734
2021-04-05,129.91765694386146,130.25646773359742,130.30241655576881,129.87182763941533,15245641,129.91765694386146
2021-04-06,129.06465073880094,129.92266314133803,133.2051410523477,125.80385039112474,11670107,129.06465073880094
2021-04-07,129.1107741628399,128.72671878351204,131.7502952399871,126.0950492762675,10906254,129.1107741628399
2021-04-08,129.9453835527249,129.0258633229957,131.65007159585804,127.33323800266334,11162823,129.9453835527249
2021-04-09,130.0285959533698,129.87648940097017,131.9912599657451,127.91612129938477,8743300,130.0285959533698
2021-04-12,129.9080099295879,129.7399238651528,131.09559365560483,128.5538767362618,9813685,129.9080099295879
2021-04-13,128.34813755472555,129.70629184071572,132.75161585067804,125.33470112552486,9006429,128.34813755472555
2021-04-14,129.35302709544635,129.57923787637404,132.75217256002045,126.18563150930031,18237442,129.35302709544635
2021-04-15,130.61249050867863,129.78836686673378,132.67400865677564,127.7398562482959,9333454,130.61249050867863
2021-04-16,131.20965886944984,130.38092998727413,133.8492892858215,127.75797165116822,8879017,131.20965886944984
2021-04-19,130.96218300689742,131.75834176743032,133.8501943705722,128.88297056568678,9502561,130.96218300689742
2021-04-20,130.5520669994567,130.69987663224524,131.78682553196757,129.4663473397449,13748755,130.5520669994567
2021-04-21,129.84768065722727,131.47099007716625,133.1723407980509,128.16733699387075,11111284,129.84768065722727
2021-04-22,130.03314848708231,130.1356637452071,132.17354136899732,127.9968762153118,8032730,130.03314848708231
2021-04-23,131.0950959707151,129.9494314733366,132.76357752621612,128.29553108937762,14950482,131.0950959707151
2021-04-26,130.6460541373304,131.44725693085599,133.27525891712995,128.82919426487587,12367188,130.6460541373304
2021-04-27,128.4423015439676,129.4146815124933,131.29675951205357,126.57436486844094,14894191,128.4423015439676
2021-04-28,126.91925614633381,127.57395390189772,129.43597326163447,125.06679249807539,14275537,126.91925614633381
2021-04-29,127.28294456317907,126.01006370409377,129.22544680437147,124.08698726994902,17067662,127.28294456317907
2021-04-30,125.88346875658794,127.39210987121805,128.62742793354448,124.6627799489332,18885094,125.88346875658794
2021-05-03,123.18181805477415,127.19203874343594,128.64392559548972,121.7757075480736,12458188,123.18181805477415
2021-05-04,120.38535534754783,124.8309517065775,125.90163660000306,119.35280068383541,20119847,120.38535534754783
2021-05-05,118.98921889502577,120.84622739900888,123.24974741135235,116.62263306919753,13300645,118.98921889502577
2021-05-06,119.56244714890605,119.34678945219497,120.09710235014944,118.81309862155442,12114346,119.56244714890605
2021-05-07,121.46762096874411,118.27041392799546,123.9902546561514,115.81417968203837,9400571,121.46762096874411
2021-05-10,121.63127218745277,121.07211719624956,124.2988584746915,118.41679415480404,9925398,121.63127218745277
2021-05-11,120.16296690875006,121.05635734773354,122.68929830234296,118.5420769844891,10551718,120.16296690875006
2021-05-12,119.83731114597096,119.7153495723259,120.07510606741265,119.47779666101069,12440798,119.83731114597096
2021-05-13,120.00844777220549,119.71641172734086,121.59177289026158,118.1369395714203,12742749,120.00844777220549
2021-05-14,121.29351419537699,119.66851862758159,123.07399129591562,117.91189496567179,8018428,121.29351419537699
2021-05-17,121.07876553555737,119.85305681749665,122.28313709398361,118.66087739459822,10308567,121.07876553555737
2021-05-18,120.69752263257904,121.62210183880993,123.1331236465872,119.19798771182731,13303516,120.69752263257904
2021-05-19,119.9624847034633,119.92065807881,122.67975206470004,117.20433813144422,10806873,119.9624847034633
2021-05-20,121.82592880530538,120.13468859312101,124.0583445830614,117.93326417632306,15164196,121.82592880530538
2021-05-21,124.60258407583777,123.34199109127306,125.89560744799884,122.06204911869864,15617640,124.60258407583777
2021-05-24,124.29743334540534,123.9152379006107,125.16900746410909,123.04634373795272,11231645,124.29743334540534
2021-05-25,123.55298481875484,122.41038387718571,125.2042597626456,120.77437969594342,10606412,123.55298481875484
2021-05-26,123.7756571929001,123.34096476705052,125.50018828506171,121.62249012105052,8122836,123.7756571929001
2021-05-27,124.10654241608688,124.59328920708892,126.77130398947264,121.9370364523789,8417931,124.10654241608688
2021-05-28,124.98013589666465,125.56480480444287,127.11219218389894,123.43995363563698,13146675,124.98013589666465
2021-05-31,124.28780233344757,124.05812024422654,126.46998515903039,121.87997006143759,11151222,124.28780233344757
2021-06-01,122.87714289190532,124.65820426270835,127.73424146467714,119.84505475103511,11934744,122.87714289190532
2021-06-02,121.46797714745104,122.53408677498416,124.8717314418553,119.15067119244937,11294345,121.46797714745104
2021-06-03,122.27884486008732,121.39076115377449,124.08362649735136,119.59908723900604,10663935,122.27884486008732
2021-06-04,123.71253178044934,124.21892835940751,125.96845850858483,121.97013384609653,15220286,123.71253178044934
2021-06-07,124.96448980049435,122.59691419334939,126.61609976631011,120.97659560857976,11244218,124.96448980049435
2021-06-08,125.1079231563208,125.15474048453925,127.77087562682424,122.49276664622462,7823002,125.1079231563208
2021-06-09,127.45379166284582,125.45899588468458,128.9658311515506,123.97062152158438,15955126,127.45379166284582
2021-06-10,128.37432412261606,128.28411716714095,130.32896615796963,126.33084863313398,10985031,128.37432412261606
2021-06-11,131.08518073584247,128.44979524922945,133.085014877987,126.49016652042194,14312954,131.08518073584247
2021-06-14,131.90071491785358,131.32746589972248,133.54829717278977,129.68704414357902,15508299,131.90071491785358
2021-06-15,133.96674956824708,131.59076256161666,135.0569270700486,130.51992006337048,13078819,133.96674956824708
2021-06-16,133.84698224065,134.1830739374862,136.41250860504275,131.62313169379075,10784867,133.84698224065
2021-06-17,134.9537803550399,133.5713707382282,136.9369234772727,131.60854209786078,9205948,134.9537803550399
2021-06-18,136.1929236861015,135.4570812128309,138.57646360178637,133.08641942516635,11327635,136.1929236861015
2021-06-21,134.44258020415228,135.89089381235917,137.56670010664172,132.78463451106703,14200101,134.44258020415228
2021-06-22,133.29721199090275,134.74677030386556,137.59048049408966,130.48409343368476,8574952,133.29721199090275
2021-06-23,132.53454109967254,133.27380808202744,134.68866030001496,131.12753703688313,11601085,132.53454109967254
2021-06-24,133.80007707869655,133.4299844191201,136.95243384469413,130.28634711072624,12152260,133.80007707869655
2021-06-25,135.07752168359016,133.75881817363154,135.9233524660872,132.92124487178566,12008232,135.07752168359016
2021-06-28,136.4257222808856,133.6405406935706,138.76867721551528,131.34541805064325,14761474,136.4257222808856
2021-06-29,135.92769091789066,137.45867359406571,139.84731405300684,133.5656545797855,11472373,135.92769091789066
2021-06-30,134.6547509627193,135.18900631641463,136.6790885637462,133.17055739257955,15956694,134.6547509627193
2021-07-01,134.36573810766996,134.12655450160793,136.66634420283057,131.8300437009005,8549714,134.36573810766996
2021-07-02,135.50715827794386,133.88551929105202,138.4066853466269,131.02069139396906,12021372,135.50715827794386
2021-07-05,133.60470298569803,136.62463547935104,137.15964468228876,133.08151955393757,13026110,133.60470298569803
2021-07-06,134.1563908934042,131.892686271501,136.50596890137209,129.5827541615834,8741536,134.1563908934042
2021-07-07,135.0019700059583,136.6820850062456,137.02838901029952,134.6599228183836,13634014,135.0019700059583
2021-07-08,135.65073155217584,135.85738850393105,137.23928583960588,134.27093626405374,17449109,135.65073155217584
2021-07-09,135.18151338061477,135.83242668425103,138.97638118859908,132.05262480612504,10655500,135.18151338061477
2021-07-12,136.56515556208328,135.1369894561418,138.21637712604746,133.50303597686104,13327468,136.56515556208328
2021-07-13,135.73050949068497,136.7991359820092,138.04819419735065,134.4912084765754,11413652,135.73050949068497
2021-07-14,137.07666357992431,136.15490276695067,138.99715031619417,134.24733018666552,10389747,137.07666357992431
2021-07-15,136.87047368052828,137.60732757879512,141.09423281686674,133.4022399751633,7156873,136.87047368052828
2021-07-16,137.57467821673828,137.32674875917374,138.37833291121592,136.52454236662965,9577094,137.57467821673828
2021-07-19,137.43926012703108,137.64862241712703,138.9897949480308,136.10012750722524,7719029,137.43926012703108
2021-07-20,136.36730192533722,137.27652784814103,140.36348687664662,133.30078880419356,16254384,136.36730192533722
2021-07-21,135.42116894570097,136.2435295480659,139.55268211195337,132.13199029694022,11128453,135.42116894570097
2021-07-22,136.6643382538528,135.26280070272563,138.6436265285485,133.3038106775728,11044827,136.6643382538528
2021-07-23,136.02653542735877,137.59401389397487,138.8054929285504,134.8288576276314,13061275,136.02653542735877
2021-07-26,134.83214885032191,136.51097221442768,139.98916496785037,131.39673120255253,9393544,134.83214885032191
2021-07-27,132.9574559406415,132.4533953419208,136.01178280000553,129.41064786947064,10963479,132.9574559406415
2021-07-28,132.20617552930847,133.48069733222283,135.93603937909674,129.7742779731729,11282672,132.20617552930847
2021-07-29,132.93793126025793,132.36064749455386,134.39200479106822,130.91288828679282,13644392,132.93793126025793
2021-07-30,131.86189770332626,132.9230086399877,134.88426813210836,129.9162947474066,12845144,131.86189770332626
2021-08-02,129.14509423178055,131.5545130202239,133.42235025367856,127.31146640719159,14839691,129.14509423178055
2021-08-03,128.55846472108118,130.01613609067897,132.18145817327255,126.41741907140324,11080248,128.55846472108118
2021-08-04,128.00626855565147,129.28934000459984,132.16667519607745,125.15748812849633,11764032,128.00626855565147
2021-08-05,127.87810139489932,127.4126694378029,130.35856382359768,124.9412350324338,10620041,127.87810139489932
2021-08-06,130.24751364256272,128.19041983677494,131.49959857077494,126.95810999737719,11154242,130.24751364256272
2021-08-09,130.05654872197923,129.4881783998344,132.9025088408969,126.65465563440253,10388533,130.05654872197923
2021-08-10,130.2828848760353,128.97997845957963,132.4411069419174,126.84333989931643,8348326,130.2828848760353
2021-08-11,130.33965513631136,129.7929817079088,132.7425095577971,127.40020539091995,10252061,130.33965513631136
2021-08-12,133.78864082059167,131.0140795430044,136.77650297425427,128.08818084590638,13890708,133.78864082059167
2021-08-13,136.9666472205986,134.55374464670925,138.25989982944503,133.28327490224547,24512243,136.9666472205986
2021-08-16,136.80987608655613,137.38830075896956,139.42451519344317,134.7822344101756,10147628,136.80987608655613
2021-08-17,136.9989176042313,137.40507767505346,139.1010310706279,135.3079773316281,7760120,136.9989176042313
2021-08-18,137.57388213104844,137.42321280398465,138.55900782409776,136.43916600921852,10552353,137.57388213104844
2021-08-19,140.060450886903,137.0443754508258,142.4041594291582,134.75113655734626,15105145,140.060450886903
2021-08-20,140.07599419845357,140.4234224850345,144.293180656001,136.21581038073262,14005847,140.07599419845357
2021-08-23,140.29457404088615,140.74870315852664,141.56499092465427,139.4809200471106,9165315,140.29457404088615
2021-08-24,139.95847720192825,140.92951192579972,143.02070815088737,137.88168976972747,7636199,139.95847720192825
2021-08-25,137.53491093397466,140.95686823190786,143.52266588586755,135.03140219234058,15852579,137.53491093397466
2021-08-26,136.96105423760787,138.1194099732086,140.27619856577329,134.82235382278125,8220365,136.96105423760787
2021-08-27,135.54011354063675,137.24986253969675,139.23097642950634,133.58367878294027,11066277,135.54011354063675
2021-08-30,134.6345507455934,136.41040324947843,137.57042615799077,133.48962954147876,10766931,134.6345507455934
2021-08-31,134.01182351888664,134.61312667864817,136.78900433541045,131.84566528654116,10773967,134.01182351888664
2021-09-01,135.13554141980137,133.30273373812997,136.65124599229316,131.80758626671184,13402719,135.13554141980137
2021-09-02,136.32477839276882,135.00332456504003,136.8769471130168,134.45650825011066,10257228,136.32477839276882
2021-09-03,139.26418348896146,135.71548626490426,142.18496579225643,132.86913065045422,13549875,139.26418348896146
2021-09-06,138.07676807976011,138.7000145819187,141.44515543658346,135.34396247567742,11671910,138.07676807976011
2021-09-07,135.93463864218322,137.95704005388262,140.0620306319542,133.8605064814497,13500763,135.93463864218322
2021-09-08,136.40329913949444,135.28833474849924,138.6055813426899,133.10405406176986,10900742,136.40329913949444
2021-09-09,138.73388454500443,136.15125732758958,141.560114368883,133.37763972667122,14639721,138.73388454500443
2021-09-10,140.7040485349662,137.1576334335371,142.9724367527688,134.94641944998915,15200817,140.7040485349662
2021-09-13,139.32513739268438,140.88411626389262,143.63418657929898,136.60549848168154,12937058,139.32513739268438
2021-09-14,139.05591028886215,139.32614511080718,141.20880204603512,137.17690492571546,11372764,139.05591028886215
2021-09-15,138.27564898456515,138.37418426858295,141.35752043060577,135.29443723525412,8105159,138.27564898456515
2021-09-16,140.63320155605342,138.82259472042168,142.9682651976512,136.5175942654991,13545320,140.63320155605342
2021-09-17,142.50681363146168,141.42432249688005,144.78268445674493,139.16573933615854,13939231,142.50681363146168
2021-09-20,141.56339561545792,141.1322842275034,142.78787574790408,139.91153307688285,13101352,141.56339561545792
2021-09-21,140.03804386978882,140.91555215801463,143.23146815365433,137.73654952917502,10583235,140.03804386978882
2021-09-22,138.60019119671855,139.39178872905907,140.90282713953752,137.0977338819267,10565021,138.60019119671855
2021-09-23,139.32386963782278,137.81856669959808,140.96908758547548,136.19112425170044,9846257,139.32386963782278
2021-09-24,140.95718377802305,140.0172635062937,142.49687627325002,138.48783787473204,13742646,140.95718377802305
2021-09-27,139.2754214321786,140.79325665803916,142.15456206578648,137.9287917081258,15231404,139.2754214321786
2021-09-28,138.26224274311542,139.054378936187,142.61748845936927,134.71943080448088,10558466,138.26224274311542
2021-09-29,137.0671583432124,136.59989171520704,140.03558002845094,133.64158948095974,14064207,137.0671583432124
2021-09-30,137.0063912060227,137.58972800577735,140.97468813731982,133.6357822316418,10340919,137.0063912060227
2021-10-01,137.74621700880013,135.98767328331886,138.97016445021873,134.77935142596468,10807965,137.74621700880013
2021-10-04,136.37711367821362,137.79574996736758,139.9117785364129,134.28287006928244,11491618,136.37711367821362
2021-10-05,134.8147745503086,136.60408087541146,137.7696499873109,133.66447262640895,14270667,134.8147745503086
2021-10-06,133.5464852349517,135.91539584133616,137.48134855586105,132.00782598465557,12680945,133.5464852349517
2021-10-07,136.85530795546907,132.4977550503147,138.2798848195126,131.11853754532905,23576056,136.85530795546907
2021-10-08,138.29709230217514,134.37589035970822,141.22870300548354,131.5274009816064,10209723,138.29709230217514
2021-10-11,137.70570457144848,138.44964744693823,140.2521028624363,135.91293443785236,12040409,137.70570457144848
2021-10-12,137.18129522070095,139.1933485364808,142.02480524934825,134.39076748847455,9680829,137.18129522070095
2021-10-13,137.05821894987605,138.20105681313214,140.69152339224922,134.5883469998408,8554968,137.05821894987605
2021-10-14,138.01091534121517,137.23063222613771,141.67071553530076,133.5915237308858,11365477,138.01091534121517
2021-10-15,139.6327702666801,137.60380838125153,140.69436734402012,136.5576370524911,12694301,139.6327702666801
2021-10-18,139.8942104685705,140.30897485135992,143.29701809899652,136.91500011216317,18596669,139.8942104685705
2021-10-19,137.8574016758842,139.0770496067965,141.96042341991836,134.99931385290353,12445042,137.8574016758842
2021-10-20,136.39707325783024,138.2514183419936,139.6523345924169,135.01494728235278,9666886,136.39707325783024
2021-10-21,136.3843422489609,136.8107411598072,139.55183556825253,133.65179102696703,10580918,136.3843422489609
2021-10-22,134.21405956371288,137.2519184342413,139.54137991599168,131.97527176980896,8705627,134.21405956371288
2021-10-25,131.43314925612285,136.43637062474093,138.32773600755536,129.6111416234144,13886242,131.43314925612285
2021-10-26,130.6935373555477,131.742608054431,133.17601012563603,129.27154951194018,11161172,130.6935373555477
2021-10-27,131.0727858236574,130.2944278157736,132.56759921544443,128.80849117110444,12402769,131.0727858236574
2021-10-28,130.95538826358862,131.05267324559023,134.36163011829356,127.64888774527957,12367404,130.95538826358862
2021-10-29,131.79426591492674,129.56536813163353,133.7716298617669,127.62144526121106,10200335,131.79426591492674
2021-11-01,131.22100589206093,131.24491067212668,133.7268372431335,128.73953137598343,10547381,131.22100589206093
2021-11-02,132.7935790554405,130.898767172722,134.26035094345025,129.45292443522092,10635705,132.7935790554405
2021-11-03,133.41708645871807,132.3760056108215,134.89811421584315,130.90653461658243,8729670,133.41708645871807
2021-11-04,134.29685709265874,133.53904691752527,137.03784574556994,130.81352511273,12042552,134.29685709265874
2021-11-05,134.51498264293068,133.63416661988302,135.6250162792138,132.53140158218832,8003153,134.51498264293068
2021-11-08,132.8977881015391,135.41975516747473,137.16991076102738,131.1802262367356,11417331,132.8977881015391
2021-11-09,132.3628624759246,132.89795321235684,134.91403337696528,130.3548997111249,8854943,132.3628624759246
2021-11-10,131.7148495079062,132.3554763731575,134.41451238761215,129.66577963783428,12255003,131.7148495079062
2021-11-11,131.69911659304287,131.45571788846658,133.55667120481664,129.60159630189358,14371645,131.69911659304287
2021-11-12,132.39664129640133,131.82174744884907,134.64461696372624,129.5835329610219,8524559,132.39664129640133
2021-11-15,131.2446818700189,133.05208273029024,135.50879347796072,128.821343475698,8104440,131.2446818700189
2021-11-16,131.92313368253355,130.56184449421374,134.38655912336077,128.12383866195117,10761689,131.92313368253355
2021-11-17,132.47091243131587,131.40220894513183,133.80502446772314,130.07885980118223,10864507,132.47091243131587
2021-11-18,133.30979595273118,132.22950324634874,135.12003960140308,130.43392913487372,11770155,133.30979595273118
2021-11-19,135.52184578669386,132.23328928360962,138.36425581508905,129.45985282865604,12181300,135.52184578669386
2021-11-22,134.93438731281105,134.85568176274558,137.56199647308526,132.2296052542174,10439523,134.93438731281105
2021-11-23,132.55587790690166,134.54883588202713,135.64348521512548,131.47744268746743,14557026,132.55587790690166
2021-11-24,133.38296568466242,133.25131045979168,135.61811732737,131.01836501628375,13849766,133.38296568466242
2021-11-25,134.60004754804618,133.59309293708074,135.2877021981339,132.91058269097556,7998079,134.60004754804618
2021-11-26,134.34915893209705,134.75639081569554,136.80936056795568,132.30239322503374,9634961,134.34915893209705
2021-11-29,133.78018110283207,135.03506348542288,138.34191488563837,130.5040603103333,11320911,133.78018110283207
2021-11-30,131.89307802111503,133.66991536644912,135.04144040047674,130.53978429137032,10670733,131.89307802111503
2021-12-01,130.5067400604742,132.20207568661206,133.63361062987542,129.09356286368924,17109304,130.5067400604742
2021-12-02,132.93993143731703,130.42591325360289,135.4418807427686,127.97127814472589,12090457,132.93993143731703
2021-12-03,136.53722810044565,133.15159495252843,137.53203730997285,132.1814534404672,15285157,136.53722810044565
2021-12-06,135.66286872283436,136.0598185898747,137.67025319583288,134.05713250475688,12607644,135.66286872283436
2021-12-07,136.04573089521543,133.67772713094087,138.4921332111351,131.27390674578015,9386156,136.04573089521543
2021-12-08,136.0836192838517,135.93612225463363,137.693294004039,134.3281922134936,6950579,136.0836192838517
2021-12-09,137.5993526381429,137.24529557799073,139.50099634030374,135.3485449975324,11223040,137.5993526381429
2021-12-10,138.95347867047468,138.36403247665442,141.55481681665748,135.77372931055115,14704338,138.95347867047468
2021-12-13,138.6136960970027,139.7583507031767,142.1492988906266,136.24233035197656,9805600,138.6136960970027
2021-12-14,138.22347072672585,139.64176398625438,141.92268540366155,135.96571584187652,8918022,138.22347072672585
2021-12-15,137.58520665932818,138.29699808629962,140.13695509155798,135.754719603819,13145153,137.58520665932818
2021-12-16,139.1664530357294,137.74809299361135,141.51145029535746,135.42699553411023,11511287,139.1664530357294
2021-12-17,140.23135711882802,138.65071449473905,142.24807146735873,136.65673189982886,10411960,140.23135711882802
2021-12-20,139.61376992078033,139.96541716553344,142.38528318888638,137.19998353650553,11210962,139.61376992078033
2021-12-21,137.36593677623597,140.12959071054834,141.88336016475282,135.64675539031464,15423409,137.36593677623597
2021-12-22,136.15300948506888,138.35817305712814,140.30724610422473,134.23500091929472,18945283,136.15300948506888
2021-12-23,137.52669219168365,136.03909330449616,138.90886447146363,134.6718717074712,14180111,137.52669219168365
2021-12-24,138.63701119560702,137.15521394895234,140.69229961143927,135.12189312091928,14647053,138.63701119560702
2021-12-27,136.99462916927803,138.63745036343448,140.15483665900575,135.49522354458284,11178882,136.99462916927803
2021-12-28,135.6994401488998,137.4888017430197,138.78528921157084,134.41982594460057,9685176,135.6994401488998
2021-12-29,135.9833556547056,134.52385840766613,138.19897404384056,132.33202005340283,10549139,135.9833556547056
2021-12-30,135.29441714571485,134.10990130751748,137.46774592279243,131.95560023618245,11251875,135.29441714571485
2021-12-31,136.95571453641708,134.84750977269965,139.54614541327172,132.29695425798784,10039084,136.95571453641708
2022-01-03,136.22267935470327,135.95261328120975,137.97237414389463,134.20638732117203,10689076,136.22267935470327
2022-01-04,136.01074859001722,135.8073580394352,138.32840768468026,133.49316477349683,11168414,136.01074859001722
2022-01-05,135.33968244791131,135.8901503192818,138.30274239852983,132.93686336856965,11807935,135.33968244791131
2022-01-06,134.9574659048105,134.97162747342813,137.29636110903246,132.63297618620942,11685955,134.9574659048105
2022-01-07,134.71816122632563,136.1335939313776,137.61360182443556,133.253541537715,10975081,134.71816122632563
2022-01-10,134.75549795185304,134.98227194959097,137.1078131397512,132.63352773042885,9085784,134.75549795185304
2022-01-11,134.0622594235668,134.99844138355976,137.26920986637478,131.807238178032,9951641,134.0622594235668
2022-01-12,132.85130324358596,134.56274639692646,136.5860173639906,130.85376535151212,9289315,132.85130324358596
2022-01-13,134.30815597450422,131.94353046034118,134.92162348023268,131.3408636457966,17423747,134.30815597450422
2022-01-14,133.26695528803964,135.14552310262295,137.28115322008446,131.1610111410077,11581578,133.26695528803964
2022-01-17,132.31636531198305,133.20637403332273,136.67808582979401,128.86784950593835,10924117,132.31636531198305
2022-01-18,129.2410427796229,132.848658661696,134.6022348720219,127.53508639060738,12165150,129.2410427796229
2022-01-19,127.4065173710105,128.40987510056894,129.86856178108152,125.95922844752202,23094923,127.4065173710105
2022-01-20,127.50252457723298,126.21876341173378,129.65307686544384,124.08986399291614,8189706,127.50252457723298
2022-01-21,126.66225206480962,128.12822255457579,130.25026821725373,124.56448564566912,10387769,126.66225206480962
2022-01-24,125.01197727518819,126.94831333445458,129.60961662199293,122.3912667090886,13699008,125.01197727518819
2022-01-25,124.02328154301024,124.33537378470184,125.41841685478835,122.94295700208646,13058955,124.02328154301024
2022-01-26,122.39438258147149,123.37613072795128,125.67794701713822,120.11088267051842,15293150,122.39438258147149
2022-01-27,123.65989229642511,123.22086395491644,125.87984832339042,121.00878941316546,17323647,123.65989229642511
2022-01-28,123.15050481757193,122.77739701701675,124.91023530092401,121.02299797076422,11976947,123.15050481757193
2022-01-31,123.18424148733031,124.3642808382338,126.44034807441912,121.12787316322255,8140429,123.18424148733031
2022-02-01,123.50687131252946,122.51858779493816,125.99519974572483,120.05017059381227,9996668,123.50687131252946
2022-02-02,120.89456502297678,123.97994604894788,126.38039330845008,118.55385560547516,15133856,120.89456502297678
2022-02-03,121.40124932667,120.65619589687167,122.52844820411875,119.53591476857596,16390869,121.40124932667
2022-02-04,123.36655921324898,121.84061557293924,125.72295806900073,119.51336344763777,10009237,123.36655921324898
2022-02-07,123.27185160447186,122.9638063796855,125.08105795793861,121.15912106951117,12914330,123.27185160447186
2022-02-08,122.92289125169754,123.15144490671423,125.04358933264938,121.03425840879494,10953287,122.92289125169754
2022-02-09,122.34867587228474,122.9530706717812,124.8423657058959,120.468667959566,12928936,122.34867587228474
2022-02-10,123.67918201728747,121.61297802314068,125.44146009775477,119.88014083926784,11929101,123.67918201728747
2022-02-11,124.6414419802176,124.22892931164779,127.25374431421116,121.6252726398817,9764206,124.6414419802176
2022-02-14,125.47536303371025,124.25763590640463,127.3049707721933,122.44578434667741,13175306,125.47536303371025
2022-02-15,124.45001301886339,125.30326108950966,126.48139610171958,123.27990047484295,13261269,124.45001301886339
2022-02-16,124.2053935957133,123.70753226317142,125.82408184638707,122.09533231599332,12623441,124.2053935957133
2022-02-17,124.44301762835818,122.29585963202801,126.42084944175424,120.3521536175274,10355040,124.44301762835818
2022-02-18,124.56481322058477,124.30038520098563,127.19886996896325,121.67192006705649,9043136,124.56481322058477
2022-02-21,123.43621873325621,126.36797515678265,128.6445540549584,121.21245681501632,8648307,123.43621873325621
2022-02-22,122.38221567445355,124.0173102522564,125.35016441831593,121.0669343989485,13792532,122.38221567445355
2022-02-23,121.43326095171277,122.36807290677379,125.7241335049321,118.1028384591039,12572765,121.43326095171277
2022-02-24,122.65872443772571,121.2417188077224,124.6609903138274,119.26258395660248,9907347,122.65872443772571
2022-02-25,125.84926742891892,122.67525826425978,128.53954139066673,120.05283494943652,13649905,125.84926742891892
2022-02-28,126.71685390267407,126.26239466796586,128.52148283264154,124.46423788639214,10364615,126.71685390267407
2022-03-01,125.7712171789375,125.81908059265069,128.04190065051262,123.54924271425222,8542890,125.7712171789375
2022-03-02,127.34598334346188,126.61211475414191,129.7906878045826,124.18149861969692,10617739,127.34598334346188
2022-03-03,128.776443946946,127.89258896594431,131.4924645212236,125.19520975370077,9761832,128.776443946946
2022-03-04,128.68483936833886,129.33135637004673,131.95508110118374,126.07423042515993,9339156,128.68483936833886
2022-03-07,128.36528401517953,129.0233904484327,131.52141037560102,125.88000567679406,9054994,128.36528401517953
2022-03-08,126.3707238113295,128.38039260219742,130.1038436999582,124.67425164558128,9466825,126.3707238113295
2022-03-09,126.65140250356092,126.88090357981177,128.42139886140112,125.11369365645548,15651492,126.65140250356092
2022-03-10,128.50835685925625,127.10112704391958,130.64969643529915,124.98323619113339,16613953,128.50835685925625
2022-03-11,131.8726741941898,128.23537371911036,134.46603477842908,125.71354297790144,13037814,131.8726741941898
2022-03-14,132.39228761696748,131.41881979590318,134.23073941584462,129.59388595716553,11392139,132.39228761696748
2022-03-15,131.35734961789993,132.47319754459502,135.16582918892917,128.68739854211378,12570358,131.35734961789993
2022-03-16,131.98756961133324,132.5782007075307,135.5298002903146,129.049119298096,13907502,131.98756961133324
2022-03-17,130.7121229314418,131.00628922291065,132.37116454452863,129.35031235056306,10130590,130.7121229314418
2022-03-18,131.73409502792788,129.56118287378962,133.15885149572313,128.15992731245984,14386527,131.73409502792788
2022-03-21,131.868804261216,131.86432274982587,133.75428086930455,129.97891021894608,9145385,131.868804261216
2022-03-22,128.88188247534507,131.90906726358813,134.09058777323844,126.75042573946746,11123419,128.88188247534507
2022-03-23,129.32071055455316,129.01592607543787,130.92133431810228,127.41907467965522,12345500,129.32071055455316
2022-03-24,130.30870796081493,129.50999975992664,133.1443575001488,126.69173092045047,14923375,130.30870796081493
2022-03-25,130.6255257419867,130.1341967763225,132.86187841179452,127.90625582266188,17595573,130.6255257419867
2022-03-28,130.79083599052726,131.79321091169368,133.79610334111226,128.80317688858554,8065821,130.79083599052726
2022-03-29,131.91536859958217,129.53453457241423,132.94700645799205,128.52151591314006,13477824,131.91536859958217
2022-03-30,131.90084427266498,131.2596196571369,133.0115708512844,130.15429278029544,9233373,131.90084427266498
2022-03-31,133.39298121649512,131.819127932432,135.58129924296503,129.65662904188005,14342377,133.39298121649512
2022-04-01,134.27771790455577,132.07784209116647,134.86008330365758,131.50501760157692,8440556,134.27771790455577
2022-04-04,133.52006654952766,134.13603793589215,136.82723435490715,130.84122847965364,8644765,133.52006654952766
2022-04-05,133.64644090275544,134.851104192116,136.76723465226854,131.74742778129135,8724741,133.64644090275544
2022-04-06,132.86426705594712,133.66318933169774,137.8355479197494,128.71684719811043,11348326,132.86426705594712
2022-04-07,134.23941285233028,133.04817849643186,137.80207065709052,129.51713555265144,10617534,134.23941285233028
2022-04-08,134.93542139643762,133.2244301832865,136.83703318427965,131.34693097482614,12591991,134.93542139643762
2022-04-11,135.10776166730767,134.43640747847977,137.0625433203452,132.49133918931426,12593582,135.10776166730767
2022-04-12,134.13305702385543,134.8036100085202,137.49670406937412,131.45335920854995,12900693,134.13305702385543
2022-04-13,134.47658856361977,133.87736044071218,137.63892160365793,130.72911876714778,14531175,134.47658856361977
2022-04-14,134.39638976765355,135.5106950754548,136.4335032209519,133.4811698794083,10996833,134.39638976765355
2022-04-15,134.3888355206425,134.84609975865644,135.66436243399812,133.57334758079116,7848553,134.3888355206425
2022-04-18,132.22738250405013,133.49263027726496,135.07983441983663,130.65522193731374,17359807,132.22738250405013
2022-04-19,129.70507075799998,132.42295059381098,134.7951340036471,127.38157459933541,12240276,129.70507075799998
2022-04-20,128.7881843236076,130.09280208085167,132.36739250040998,126.53640432095436,13693304,128.7881843236076
2022-04-21,129.59378147515903,129.66921067078437,132.3078309316756,126.95669611220394,15412942,129.59378147515903
2022-04-22,128.80325463046916,130.82275094124546,132.00035355057332,127.64383054214002,12293075,128.80325463046916
2022-04-25,128.62085345855937,128.01877001648566,129.06064425849846,127.58103790883091,7623854,128.62085345855937
2022-04-26,128.27968189937266,127.99509434780843,130.75420606805577,125.52605989319403,8763839,128.27968189937266
2022-04-27,127.99910839810288,127.3117517731411,129.3890531014835,125.92927108815994,13598347,127.99910839810288
2022-04-28,130.69416448280185,127.81938239822402,131.33555402526915,127.19210102327298,13738410,130.69416448280185
2022-04-29,130.92806350911968,131.0598663913888,133.120824563078,128.8691779797637,10524095,130.92806350911968
2022-05-02,129.54274701638286,131.70368228687602,134.2015583153733,127.08585502354482,14101822,129.54274701638286
2022-05-03,126.94097930576226,129.4837135909347,131.34694724111213,125.11433487558946,16111360,126.94097930576226
2022-05-04,128.51093359635192,126.69736875877929,130.1444049825277,125.08694915649649,13188798,128.51093359635192
2022-05-05,130.5879648102697,128.6279489639395,132.44273033460598,126.80102191479662,12691584,130.5879648102697
2022-05-06,131.93890093409368,129.93360713917207,133.67351303622368,128.22535880739616,11337399,131.93890093409368
2022-05-09,132.2486393677166,133.5930495884915,134.69649670895365,131.15629675898919,12429190,132.2486393677166
2022-05-10,130.24043965706798,130.9729734673114,132.4695488025957,128.75223469014017,14563317,130.24043965706798
2022-05-11,132.48980105470918,130.38480382237526,134.8224694250753,128.0891968742808,12779328,132.48980105470918
2022-05-12,133.59948900881503,134.098444167102,136.3256037892112,131.3806162299178,14496153,133.59948900881503
2022-05-13,134.55573996615198,133.60493974336634,136.68714312339642,131.48859754596845,11140281,134.55573996615198
2022-05-16,134.69928450482544,134.4023149082895,136.04954482998923,133.05503148285797,8613789,134.69928450482544
2022-05-17,133.70316771444942,134.4103986486129,136.3045750664489,131.81895793737132,9862376,133.70316771444942
2022-05-18,133.2221257747297,133.5584540787636,134.10800367978595,132.67396005529366,8813834,133.2221257747297
2022-05-19,133.04994280007324,134.3194885277077,136.4541453266594,130.93546210846665,9714539,133.04994280007324
2022-05-20,134.19958297690837,131.28421419536892,137.17133726417163,128.37701867560187,15010280,134.19958297690837
2022-05-23,135.55363723146297,135.4342999563286,136.58782192864453,134.40102572371492,10230608,135.55363723146297
2022-05-24,135.70811888585433,134.39550180380473,137.34616495739655,132.77329949512904,10620828,135.70811888585433
2022-05-25,137.10211992474365,135.49099756987272,139.38425790882863,133.23567757755242,10570771,137.10211992474365
2022-05-26,137.90169379893385,136.74901800481075,140.8340648126732,133.841157734876,10599922,137.90169379893385
2022-05-27,138.41910280798652,138.38866875568755,140.1851751038827,136.62298476411877,7948116,138.41910280798652
2022-05-30,138.66686813024748,137.09183717420646,140.266910226594,135.50996896371092,9911055,138.66686813024748
2022-05-31,138.43450199816178,139.05139634709343,139.7682597310345,137.72081894165447,9942405,138.43450199816178
2022-06-01,140.16088569290542,140.1159077657006,142.33578887739023,137.94170251228712,13919883,140.16088569290542
2022-06-02,140.4712798012466,139.01450363788177,144.01261417231754,135.50989514775657,10919820,140.4712798012466
2022-06-03,144.00368885876307,140.6311694101491,146.36344739994004,138.3266756447374,11826322,144.00368885876307
2022-06-06,144.47787313645688,143.43172160539424,146.62894713586317,141.296223343013,13239491,144.47787313645688
2022-06-07,143.76290102213508,144.84706080293768,147.25303009523785,141.37494006998418,11461825,143.76290102213508
2022-06-08,143.1243488892354,143.77941746231156,145.92813471491513,140.98542133511197,11329061,143.1243488892354
2022-06-09,142.97650604668092,142.5734745121678,144.53994386582372,141.01444381389254,10187866,142.97650604668092
2022-06-10,145.1104661812642,143.3950316948082,147.88445583579147,140.65383497137458,11707705,145.1104661812642
2022-06-13,144.98459856070264,146.6814449534508,149.04724175987718,142.64616986329804,10626433,144.98459856070264
2022-06-14,142.50369926919797,144.81852990305885,147.00356147786394,140.35359401237648,14761681,142.50369926919797
2022-06-15,140.68065025521383,143.11910828520496,144.56792732910432,139.2565161361574,8855391,140.68065025521383
2022-06-16,141.02303737562275,139.58901937118904,144.05750617528037,136.5854071108145,9415536,141.02303737562275
2022-06-17,143.31035038170106,140.21375999813029,145.9362995540934,137.64455124213717,12585515,143.31035038170106
2022-06-20,142.34583306633874,143.71655463693435,145.4749835678214,140.6041754564176,11942507,142.34583306633874
2022-06-21,139.36556409110779,143.6133794610331,146.4869574172752,136.57698120047178,18011562,139.36556409110779
2022-06-22,138.53759894179666,139.6629256208188,141.41040851016868,136.80419630393644,9587985,138.53759894179666
2022-06-23,139.11173153478092,138.2773770945279,140.65447820825534,136.74388339722591,9802341,139.11173153478092
2022-06-24,137.39531166397003,139.11114009186983,140.66939135922772,135.85628022200194,11252983,137.39531166397003
2022-06-27,137.14462621547668,136.3645107020752,137.98733293513257,135.52659752485252,8829696,137.14462621547668
2022-06-28,136.03098102191774,137.6420623863239,140.03121365083535,133.66979444358049,10844288,136.03098102191774
2022-06-29,136.75695719403413,136.7511288142533,137.5562025432297,135.95191752771552,12912056,136.75695719403413
2022-06-30,140.01243408371386,136.3859982042636,141.25263354021635,135.1779209220249,11955832,140.01243408371386
2022-07-01,142.56166467082542,139.6175636123354,143.22059323216263,138.972242862603,14860024,142.56166467082542
2022-07-04,142.36668595937113,142.78908892893898,144.86947619778306,140.29245295460146,7309616,142.36668595937113
2022-07-05,140.43711258891315,141.99363991029222,144.01682176241164,138.43610875709754,11360895,140.43711258891315
2022-07-06,142.86981060273752,140.3813877482371,144.77948263126575,138.50497727090954,12605789,142.86981060273752
2022-07-07,143.93671726217337,144.66973172875748,146.08563052771694,142.527992557549,16066828,143.93671726217337
2022-07-08,144.76890682622732,143.72338085150477,146.0919254334716,142.409917129693,10559715,144.76890682622732
2022-07-11,144.05077333462378,144.45764775374698,146.95992136093153,141.55554754481855,7077558,144.05077333462378
2022-07-12,142.55204867740017,143.4910999474143,145.2484699353304,140.8061794760809,8099821,142.55204867740017
2022-07-13,141.35568117346068,143.18856521827968,145.56288816733198,139.0117507256806,11758253,141.35568117346068
2022-07-14,140.9136576460681,141.20197877475863,142.69501412543752,139.42367093281777,12013152,140.9136576460681
2022-07-15,140.41540723973387,140.3646244660284,142.6487583421406,138.1320810795687,11542142,140.41540723973387
2022-07-18,139.08846704208065,141.52859590240857,144.57378039440363,136.09578531474992,12295255,139.08846704208065
2022-07-19,136.46702378497298,140.27316947631746,142.78838369176083,134.02005691707768,17372789,136.46702378497298
2022-07-20,134.57148870148552,135.97539568281263,137.7346359574696,132.83041207835552,11470833,134.57148870148552
2022-07-21,134.94023961745975,133.06439034163313,137.13787566516763,130.8973043655741,12615445,134.94023961745975
2022-07-22,135.11508000292747,135.75596444980653,137.62894525216447,133.2509412744364,7402115,135.11508000292747
2022-07-25,135.92506458701683,134.56005712084774,137.96929612889002,132.5363544735218,9344901,135.92506458701683
2022-07-26,131.96572802988442,136.5698596007989,138.39606421642895,130.20108960719293,11025722,131.96572802988442
2022-07-27,132.75059532693055,130.40581092229164,134.63277627476222,128.5568750873901,10591024,132.75059532693055
2022-07-28,135.1703465103005,133.46155229520934,137.34124536809287,131.31809747011732,13519890,135.1703465103005
2022-07-29,134.40053583705614,134.18805933411392,135.7490041671009,132.8417228247,11396141,134.40053583705614
2022-08-01,134.13175822207634,134.98982637209434,136.32900723532342,132.80108991476894,10529481,134.13175822207634
2022-08-02,133.05635589276423,134.1432450521811,135.224075707644,131.98428261544683,9638796,133.05635589276423
2022-08-03,131.74103721248295,132.29478967543997,133.22067387460157,130.81902852993812,11529939,131.74103721248295
2022-08-04,132.30731811249308,131.41929689619423,133.48665084221824,130.24787962042893,8049164,132.30731811249308
2022-08-05,132.44065862455702,132.85214783895935,134.95085473918732,130.34845214805335,13399087,132.44065862455702
2022-08-08,133.99653848600502,132.5248070112486,135.40833437989792,131.12851737204295,11621936,133.99653848600502
2022-08-09,133.78605663040312,134.46639438458263,136.828709725896,131.435693511958,9353405,133.78605663040312
2022-08-10,134.59014010783136,135.37257778220282,137.42666289720145,132.54792736467252,15392560,134.59014010783136
2022-08-11,136.04391786694717,133.32695112173522,136.74556150728284,132.63932018014913,9485151,136.04391786694717
2022-08-12,135.56436709449733,137.3639894752817,139.8742996136989,133.08694483539304,8547107,135.56436709449733
2022-08-15,134.33492086421884,135.64924877423465,138.23390864175659,131.77530419179368,9487981,134.33492086421884
2022-08-16,133.31595988535554,133.6104923601858,134.9506973389731,131.9787092695244,11361766,133.31595988535554
2022-08-17,131.45767611586473,132.25184765757177,134.5134809120251,129.20962395536418,13940761,131.45767611586473
2022-08-18,132.95703208441438,131.3085081533987,134.3820002475233,129.90120806004882,14239196,132.95703208441438
2022-08-19,133.65239531537293,133.69227126542486,135.7629442069204,131.58233998662348,18475899,133.65239531537293
2022-08-22,133.0783889200732,133.55011184261997,134.70899400189103,131.92360014021992,6924760,133.0783889200732
2022-08-23,132.973511418018,134.28500130122885,135.09533980918806,132.17108705344688,11472708,132.973511418018
2022-08-24,133.6104607785174,131.81570385487427,135.35887578470454,130.09077488353404,9802569,133.6104607785174
2022-08-25,134.9373746353568,133.60076951916514,136.87795695900354,131.67940938854824,10659766,134.9373746353568
2022-08-26,137.9352404152267,133.92340653495899,139.72999880072018,132.18084853332783,12759540,137.9352404152267
2022-08-29,137.48636926389963,138.2361863221418,139.4913497726861,136.23801403767877,8880742,137.48636926389963
2022-08-30,137.97853658801972,138.2179788271621,140.0148823090563,136.1847459760783,15008824,137.97853658801972
2022-08-31,139.26016880374613,137.63020000875414,141.5365814993141,135.38043155532787,14033385,139.26016880374613
2022-09-01,140.8971423210027,137.08418923609642,142.97897295754572,135.05869702073846,12408388,140.8971423210027
2022-09-02,143.0618113197505,141.06532967312478,145.33828312957297,138.8206268877921,17128243,143.0618113197505
2022-09-05,142.18424998572576,143.43669496945546,145.10764984598754,140.52788537184296,8296224,142.18424998572576
2022-09-06,142.48866381336387,142.5291560647701,145.502113233394,139.516551255993,7991450,142.48866381336387
2022-09-07,142.30022344724446,143.5451735330264,144.8541811075184,141.00256873855798,6639905,142.30022344724446
2022-09-08,142.89264261927306,141.38575637961614,145.38437615499694,138.9202996270005,9418541,142.89264261927306
2022-09-09,144.87734047422657,143.47582988043308,147.90664677273105,140.47582840527298,13197874,144.87734047422657
2022-09-12,143.64502654176334,145.91394437564665,148.45350952475715,141.14495086490157,11944388,143.64502654176334
2022-09-13,140.78811004421883,142.11211497749454,144.09989097094513,138.81885340938865,14401535,140.78811004421883
2022-09-14,138.53544457118593,141.05812910287872,142.80139807435762,136.82335223374363,9954368,138.53544457118593
2022-09-15,139.75085633883063,138.1163639089911,142.5710898662921,135.32911515508866,13802925,139.75085633883063
2022-09-16,139.11992798510167,139.6824991585687,140.7839131769446,138.0229499109602,11438185,139.11992798510167
2022-09-19,140.29250008186088,139.41014034921346,141.71638179369515,137.9952140404538,13530910,140.29250008186088
2022-09-20,136.93079981582895,139.88237300163615,141.70255197844966,135.14902733260038,10130616,136.93079981582895
2022-09-21,138.29339517595184,136.37564832949923,141.22359280448416,133.48608443661604,12760920,138.29339517595184
2022-09-22,139.62234984147653,138.32173349855915,141.98180533778753,135.98425690736164,9401102,139.62234984147653
2022-09-23,140.76955308713605,138.71152684443877,142.19973953947616,137.30224946786336,10753871,140.76955308713605
2022-09-26,140.2544038076302,139.85244637839236,142.1406097536663,137.9716461413572,11942387,140.2544038076302
2022-09-27,139.93343369583664,140.82611437621358,142.5059423850845,138.26425392516018,10649969,139.93343369583664
2022-09-28,140.00413677067766,138.96890553214234,141.6073318465029,137.37756494620749,8519278,140.00413677067766
2022-09-29,142.49567641209265,140.5638558097335,145.33054920717044,137.76741551877436,13576259,142.49567641209265
2022-09-30,143.9134836199184,142.89117996715805,145.08512421239718,141.72786223941222,8826539,143.9134836199184
2022-10-03,143.92312359195483,142.4232824695487,147.2396742754953,139.14129398126616,12603535,143.92312359195483
2022-10-04,142.44057258428234,143.33802026475698,146.08167458930612,139.7140964390121,11575072,142.44057258428234
2022-10-05,141.88755945240425,143.4611103468724,146.39550813457373,138.98534755990752,13478235,141.88755945240425
2022-10-06,142.8156805971007,141.05226835661085,144.62734069863131,139.262977672677,10177975,142.8156805971007
2022-10-07,141.53532980733263,142.41773533233726,144.44723027409557,139.5184094058547,10620561,141.53532980733263
2022-10-10,139.13513729321156,141.9277174528375,143.03961338563562,138.04511910619294,11493643,139.13513729321156
2022-10-11,137.8834128458416,139.78912016959094,141.51924649078518,136.1768728695454,14059163,137.8834128458416
2022-10-12,136.78855903857797,137.67531460541406,140.08026475677406,134.39909897664174,10055213,136.78855903857797
2022-10-13,136.62471655508585,136.2981636873216,139.55945854567912,133.3704361552929,11648498,136.62471655508585
2022-10-14,136.69175902305736,137.7907018302322,139.094782783569,135.39807870172697,9354531,136.69175902305736
2022-10-17,135.85665142760894,138.11791854591192,139.9372727279377,134.06708371957345,7558503,135.85665142760894
2022-10-18,133.45258541470182,136.65455768962195,138.60099741486798,131.55175299403757,12079630,133.45258541470182
2022-10-19,131.78977051189014,133.5209009749503,134.5918793303353,130.7326776474114,9867694,131.78977051189014
2022-10-20,132.60593514279216,131.15064358808402,134.9871062659308,128.79560476605306,11315048,132.60593514279216
2022-10-21,132.44582263731803,131.94520400009895,133.95306250153223,130.44366120017688,8071708,132.44582263731803
2022-10-24,132.54743583815616,132.8610515003872,134.72416843534094,130.68871675076397,12219190,132.54743583815616
2022-10-25,129.8918912039106,132.8801815061844,134.5731086559209,128.23703562908221,13754105,129.8918912039106
2022-10-26,130.91029862010222,130.9842289555899,132.43203791214052,129.46330683828123,11164407,130.91029862010222
2022-10-27,132.77113386191354,131.4212023152105,134.75802401629076,129.45451358279308,14643123,132.77113386191354
2022-10-28,134.44982915379111,131.5737398062126,136.32163323608603,129.74197650207057,15192529,134.44982915379111
2022-10-31,135.5247131521733,135.2984342186806,137.30560418530996,133.5205166515213,11552405,135.5247131521733
2022-11-01,136.4076581633567,134.71314187082172,137.95693431643056,133.18311151170374,9687421,136.4076581633567
2022-11-02,137.3516168056067,136.09339843130255,139.63132720839738,133.83457146318554,7983821,137.3516168056067
2022-11-03,136.62867977259722,137.5578092227293,140.7585162048036,133.44959185479192,9635585,136.62867977259722
2022-11-04,136.32956957799232,138.2646722589629,140.43534965485588,134.18927220311036,9225723,136.32956957799232
2022-11-07,135.23727938273078,138.87341272696926,141.64818559779482,132.535158605349,11853529,135.23727938273078
2022-11-08,133.86884910713414,135.72958883786885,136.82206141896452,132.7913534161461,11221754,133.86884910713414
2022-11-09,133.72168134607278,133.72170318408365,135.83300937364058,131.610375501312,11727310,133.72168134607278
2022-11-10,133.60533934921827,134.15053131009554,135.4267265645828,132.33433059221605,9000133,133.60533934921827
2022-11-11,134.41039759448432,134.31691237561256,135.43398322476776,133.2940386703617,11078024,134.41039759448432
2022-11-14,133.01885870153234,134.15179121620338,135.66812809102305,131.51532752489308,15295654,133.01885870153234
2022-11-15,131.0670714160375,134.45164049568126,137.26967920720455,128.31997156887536,13849804,131.0670714160375
2022-11-16,129.28177116800802,131.24799961979156,133.84015799968859,126.72844595564763,12572381,129.28177116800802
2022-11-17,129.47368011444485,129.66786581687424,131.77043332258845,127.37426133448031,9128966,129.47368011444485
2022-11-18,129.43278505944983,129.99099809599056,130.94467668961855,128.48320179420173,8866109,129.43278505944983
2022-11-21,128.64959785548595,129.76018783438346,131.57924358093746,126.84611102199302,9456477,128.64959785548595
2022-11-22,129.2644926538721,129.29717400354653,131.4316764063389,127.13052977114228,9832357,129.2644926538721
2022-11-23,128.839301961248,128.78575913388426,130.8849713171058,126.7409399139671,12396708,128.839301961248
2022-11-24,133.4182039826559,128.4077147116751,134.18949890028202,127.66538559327405,16365317,133.4182039826559
2022-11-25,135.91438062159284,132.5375203714539,137.34806133656687,131.1394601654771,10490747,135.91438062159284
2022-11-28,136.78774770304585,136.27278784684592,138.7957386534128,134.2723563069409,16072721,136.78774770304585
2022-11-29,135.74928285855518,137.4270415225605,139.85695151085085,133.34903808382424,12279549,135.74928285855518
2022-11-30,136.97380093417206,136.12213688830852,137.52434807321794,135.57501289442385,8908957,136.97380093417206
2022-12-01,138.0860431305926,138.3499704935588,140.3130708148425,136.12668777498678,10640888,138.0860431305926
2022-12-02,139.71506677454923,138.08140673800827,141.91072311834574,135.91142376005303,12636593,139.71506677454923
2022-12-05,142.2716130831416,140.2756664849454,145.01006561989362,137.57563204795764,19208736,142.2716130831416
2022-12-06,141.16406835508454,141.33970481522587,143.9494418196298,138.5575743528501,9259629,141.16406835508454
2022-12-07,141.93470253018887,140.83620094192256,144.47715850233044,138.31342227119993,13482826,141.93470253018887
2022-12-08,142.0178836434403,142.52702819850055,144.0948679056989,140.45564467780105,13385007,142.0178836434403
2022-12-09,142.6610669726425,142.74140975202982,143.52077632399593,141.8821390713933,9617283,142.6610669726425
2022-12-12,143.73583130876912,142.4094411421917,145.60938995447853,140.55317164242138,10885482,143.73583130876912
2022-12-13,141.59163904640033,143.67408304084768,146.54873695661723,138.75865100144273,10553091,141.59163904640033
2022-12-14,142.7392608228667,140.3021296564521,145.87485308145526,137.2200745226498,11157637,142.7392608228667
2022-12-15,144.1791184533949,142.4334883175748,146.85403694613154,139.79095605650522,11929842,144.1791184533949
2022-12-16,144.4635078402325,144.94936641100705,147.43477030836962,141.98643481602426,11860413,144.4635078402325
2022-12-19,144.76205457112087,144.9620846463568,147.41168269027435,142.315836675069,12950342,144.76205457112087
2022-12-20,144.72591919818976,145.19691896200374,146.9711391034004,142.9574543942584,8653344,144.72591919818976
2022-12-21,145.2773177376389,144.76914045396464,147.3620034507453,142.69174693167992,7261275,145.2773177376389
2022-12-22,145.0511906053493,145.28347443808042,148.67516765360546,141.66492013664796,10267584,145.0511906053493
2022-12-23,145.73057422425885,144.47650840057426,147.22973524050414,142.99024822277474,11598040,145.73057422425885
2022-12-26,145.59139336597335,146.34161822602093,149.71828920595894,142.2320329948974,10712267,145.59139336597335
2022-12-27,144.77857067539148,145.95913359123153,147.91350584299178,142.8400059948836,10413500,144.77857067539148
2022-12-28,145.3884945518081,145.205973388738,148.53283486494502,142.06558049009772,11116490,145.3884945518081
2022-12-29,146.73986154361373,144.92961806866467,147.9087802682122,143.77511960773342,16057464,146.73986154361373
2022-12-30,146.4122054103251,144.84397409210678,149.03730612273844,142.24699101605543,11275379,146.4122054103251
2023-01-02,146.2963357531742,147.37602469952378,149.04375380125018,144.6408245727841,9427352,146.2963357531742
2023-01-03,145.40061385338237,145.8760227617618,147.03189535767268,144.2485082379433,10155973,145.40061385338237
2023-01-04,145.07589412390396,144.64792509912422,147.41055264375893,142.32015374364602,10097737,145.07589412390396
2023-01-05,146.41899553774093,145.67953656311593,149.3543096973566,142.7590466029882,16441515,146.41899553774093
2023-01-06,147.38455617177743,146.07460695589057,148.97266791976287,144.50061029426865,10911462,147.38455617177743
2023-01-09,146.57801700561436,148.32186569297562,149.43500945857656,145.47796068524895,11050634,146.57801700561436
2023-01-10,144.40136512613623,147.12065405703206,149.25990255888416,142.30165719599245,11777288,144.40136512613623
2023-01-11,141.47468494722844,144.9936151867072,147.10513159243558,139.41441410098005,17508223,141.47468494722844
2023-01-12,142.03594164584865,140.31519602386467,144.55588624364938,137.82578020338647,15973095,142.03594164584865
2023-01-13,142.5059500212941,143.06877927696695,145.8940976467872,139.6917463883379,11667315,142.5059500212941
2023-01-16,141.89301868108015,142.72932855217638,144.8278670358149,139.80677639799515,11041501,141.89301868108015
2023-01-17,139.10996246018414,141.5786315929748,145.0158091679934,135.7327180409525,14025554,139.10996246018414
2023-01-18,137.53283841161888,139.22964304603937,141.47418830893082,135.31564763101238,7614756,137.53283841161888
2023-01-19,139.5936794903731,136.0670943720155,141.44578992949621,134.2617741968643,15085572,139.5936794903731
2023-01-20,140.72779032738902,139.93595158790515,141.7047456152484,138.96449337380687,11941030,140.72779032738902
2023-01-23,141.3985428036276,139.8586232607544,143.33382257855098,137.94441990633183,11932977,141.3985428036276
2023-01-24,140.6884719182763,140.25094915975535,142.56217017043468,138.38307786425332,9544819,140.6884719182763
2023-01-25,140.82656583503783,139.40340159255783,143.61514645563958,136.64300179283305,9441687,140.82656583503783
2023-01-26,143.17137043574832,141.76674233120423,145.65001306359326,139.31241721240875,12278093,143.17137043574832
2023-01-27,143.99942329513186,142.63081542110803,145.31027227772293,141.3324250872961,13685918,143.99942329513186
2023-01-30,144.0251326493049,145.32455872945027,147.62959107386402,141.74071085530394,9303563,144.0251326493049
2023-01-31,142.5541675380419,143.56211938856612,146.19758337063917,139.93720718916288,18264999,142.5541675380419
2023-02-01,141.78581030244246,141.09382158403722,144.99586327927082,137.89943534029524,12074942,141.78581030244246
2023-02-02,142.32349434170573,140.83596636779885,145.08991008625378,138.09846447775178,8335758,142.32349434170573
2023-02-03,143.2777338084121,143.37880451035053,146.0749329965602,140.58350587925864,11053093,143.2777338084121
2023-02-06,142.13415840521805,143.14371338257433,145.33387374527047,139.95944466775694,10179252,142.13415840521805
2023-02-07,141.8726893262106,141.66657628451225,144.27623400863916,139.266523478552,6684823,141.8726893262106
2023-02-08,140.28204572448223,142.00890262246827,145.02624026065868,137.30139952054586,16857501,140.28204572448223
2023-02-09,140.77334590001982,140.7043923769151,141.94684842060448,139.53146466069168,12316181,140.77334590001982
2023-02-10,141.11997238012307,141.71714572013568,143.59529518565995,139.24973713544816,11673232,141.11997238012307
2023-02-13,142.18831111329555,142.34644540801378,143.93178001304014,140.60473767461892,11901350,142.18831111329555
2023-02-14,141.37338106147484,141.88138173647795,144.2785763043979,138.98476955388116,8454520,141.37338106147484
2023-02-15,142.4016873712669,140.24857399249387,145.413641250107,137.28216085346165,10398692,142.4016873712669
2023-02-16,142.42314082754112,142.04841855158776,144.13437317541374,140.34168854003738,11869235,142.42314082754112
2023-02-17,144.37807111606875,142.64556063100343,144.81820451303201,142.21070875442044,10328572,144.37807111606875
2023-02-20,145.7919101079002,143.54319718734567,147.6782965105026,141.6859066479743,7207271,145.7919101079002
2023-02-21,145.69408703286612,144.95464094703576,148.54493694543302,142.11826004863457,9684185,145.69408703286612
2023-02-22,147.44809836568948,145.99461420207837,150.05618237524726,143.41223963772384,12060960,147.44809836568948
2023-02-23,148.9336686536449,147.40505618536898,151.4865304272169,144.87839625300683,12345257,148.9336686536449
2023-02-24,152.28953605040113,148.96297611472968,154.36067884095874,146.9370746507058,16781924,152.28953605040113
2023-02-27,155.11264237022837,151.59647063469393,156.44736281994284,150.2920063023946,15571900,155.11264237022837
2023-02-28,154.31105681156697,154.8982139887217,157.6207780490433,151.5988129026991,11619617,154.31105681156697
2023-03-01,154.05824033917963,153.45534045217306,155.72647400626272,151.79363534135004,13117314,154.05824033917963
2023-03-02,156.82241436691876,154.88109474380332,160.88732719712067,150.86650185718463,10028473,156.82241436691876
2023-03-03,159.51712870519722,157.79651616777753,162.36491399468682,154.97944817562612,14863402,159.51712870519722
2023-03-06,158.61562952686262,157.75013718418958,160.53436448954906,155.841871873345,12616146,158.61562952686262
2023-03-07,156.85517322726417,157.73101982541377,159.61481302991086,154.9818403232939,9536658,156.85517322726417
2023-03-08,155.93723265780474,155.44674309398323,158.2038238358173,153.18728131861116,8270508,155.93723265780474
2023-03-09,155.21107362755947,155.32905505684823,157.47298284654127,153.0687742754104,9416337,155.21107362755947
2023-03-10,154.90182349737424,155.13337064632466,158.32666214626767,151.7132982030484,9109813,154.90182349737424
2023-03-13,153.23285594909174,153.5545073696409,156.00095019573942,150.7915376994305,14131607,153.23285594909174
2023-03-14,151.07053705818012,152.38530067739242,154.1136305749598,149.35711900093602,11339309,151.07053705818012
2023-03-15,150.56838055322737,150.1605267818769,154.25010922400497,146.48877103448433,8986097,150.56838055322737
2023-03-16,151.78306205789443,150.75562799000252,154.09722883647837,148.45712602773514,10276278,151.78306205789443
2023-03-17,154.45149974903092,151.84621383276485,157.36201445036613,148.98479365607193,16905001,154.45149974903092
2023-03-20,153.38273428552412,153.7826590638021,155.6217255016194,151.5484504951253,11413685,153.38273428552412
2023-03-21,153.58452725072158,153.5454618986091,156.16713986960488,150.96350618620679,9901705,153.58452725072158
2023-03-22,153.4627314209325,153.08075763662927,156.00339133731237,150.54642150631722,9937544,153.4627314209325
2023-03-23,154.83593326884386,153.21259780952195,155.69554420941395,152.361999227334,15266055,154.83593326884386
2023-03-24,156.8989905204088,156.3905963659363,160.83344853047583,152.4688870386154,10902526,156.8989905204088
2023-03-27,155.76552027771254,158.16089243555578,161.55395322087168,152.4238479438011,14889268,155.76552027771254
2023-03-28,155.19496899388878,154.55094059263345,157.21467995492816,152.5396110322907,11194056,155.19496899388878
2023-03-29,155.05478164722552,155.96759077508466,157.44751285769505,153.5835208921308,9859208,155.05478164722552
2023-03-30,156.36549318337453,155.80964714074156,158.98270879689514,153.20173517159844,19278083,156.36549318337453
2023-03-31,157.27498120308672,155.28820065067353,159.70228281636176,152.89156199220037,9038582,157.27498120308672
2023-04-03,158.84577116558822,158.04762063427304,161.51094027514296,155.39584316948938,11178159,158.84577116558822
2023-04-04,156.34372484873913,160.31153505507072,162.86976841322542,153.84880935741901,10277500,156.34372484873913
2023-04-05,154.63003859292724,155.290707830832,158.01314105610598,151.91918769546484,14750678,154.63003859292724
2023-04-06,154.05550660140872,153.7787976131919,157.4811662640644,150.35929099783806,15060899,154.05550660140872
2023-04-07,153.52017033510893,154.99616471834855,157.76137627891947,150.78129127598595,14935786,153.52017033510893
2023-04-10,151.61706396241092,153.77025037328775,155.26977518452165,150.1385364275584,15940457,151.61706396241092
2023-04-11,150.81109195212605,152.11874324459137,155.43688113699216,147.5214776144893,10634434,150.81109195212605
2023-04-12,151.17958910810017,151.1192797419209,154.68742012268632,147.6128480899498,9749822,151.17958910810017
2023-04-13,151.03866041723919,151.53398060085294,156.19520883016745,146.39266837728138,7292331,151.03866041723919
2023-04-14,150.8266242199394,149.8365689771937,152.2417595214146,148.43072289857065,15447542,150.8266242199394
2023-04-17,150.80197226816898,151.77440458499228,154.2353370184186,148.3568072510888,11019256,150.80197226816898
2023-04-18,149.13081042842919,151.86023113378832,152.55719464924695,148.4463736069955,11071620,149.13081042842919
2023-04-19,149.62308045675925,148.92555506302332,152.28124606725822,146.2797815113459,13903313,149.62308045675925
2023-04-20,151.12958303677433,149.58404952579917,152.98228036991304,147.75029888566738,9889734,151.12958303677433
2023-04-21,151.00207668117542,149.7412092061,154.71932937840424,146.0549955722111,11030261,151.00207668117542
2023-04-24,152.65791965977138,151.46799789778663,154.35653290536618,149.78262482257168,11779345,152.65791965977138
2023-04-25,153.73369110672127,153.1818942536392,154.74127475641424,152.17792712731932,12963944,153.73369110672127
2023-04-26,153.15067222353997,153.67632597913936,155.61936046763472,151.21428393360273,10622554,153.15067222353997
2023-04-27,154.00688702113396,154.18384506082575,154.97366123455365,153.2179773257843,8317750,154.00688702113396
2023-04-28,155.41068961018098,153.6981858549268,158.32549437528775,150.8154999493309,12003104,155.41068961018098
2023-05-01,155.41128539200082,155.9371643879877,156.66610588151292,154.68480216442043,12334924,155.41128539200082
2023-05-02,154.79005880652556,154.46048131873366,157.13393444194762,152.12159624051907,10736541,154.79005880652556
2023-05-03,156.21804126006663,154.7681849736125,156.93835341594288,154.05455801938763,13831293,156.21804126006663
2023-05-04,156.69059503133988,156.05461757613702,158.79001568890956,153.96371806948218,8603929,156.69059503133988
2023-05-05,156.50169960310046,156.9024168255591,160.5452030999628,152.86821673668388,10187459,156.50169960310046
2023-05-08,154.4263440755773,156.15471004863127,158.77861503394476,151.83148123757866,11166605,154.4263440755773
2023-05-09,152.24695883445418,154.3045270818031,155.95289012626876,150.6205758285819,14888691,152.24695883445418
2023-05-10,151.6858616196599,153.0015378526888,155.2726900115089,149.43423933589133,10804927,151.6858616196599
2023-05-11,154.41610811229407,151.2883558617591,156.74626021028578,149.00540180908584,15612547,154.41610811229407
2023-05-12,155.01363900580577,152.92761981262367,157.70516433996164,150.27231434622908,13392177,155.01363900580577
2023-05-15,155.23388872776823,156.64089521222698,157.91997905214726,153.96629409221248,11809796,155.23388872776823
2023-05-16,154.5978526401267,156.52057966017202,159.33213322102574,151.82083671011674,11426892,154.5978526401267
2023-05-17,156.15979815593514,153.39916641386506,156.39060887164572,153.17243602737958,9845200,156.15979815593514
2023-05-18,160.52526655831466,156.80602594585713,162.42758362834354,154.94778402397355,15582341,160.52526655831466
2023-05-19,161.9409177419648,160.0408256036255,163.9746739373143,158.03093196390412,10574090,161.9409177419648
2023-05-22,162.14000925720475,162.1969339107487,165.14350626617082,159.19447103113654,9564545,162.14000925720475
2023-05-23,163.0604018514496,162.42624227521637,165.52475885888,159.97146941928918,10331670,163.0604018514496
2023-05-24,164.37448551734877,162.83106607074944,165.6849092809099,161.53294673213358,9545163,164.37448551734877
2023-05-25,168.05972881959042,163.60149904906723,169.75293636381443,161.95320832301468,9792082,168.05972881959042
2023-05-26,170.33153702757474,167.36341596764404,173.0557174400027,164.68670590271768,11114545,170.33153702757474
2023-05-29,170.16493098580122,169.3951987645178,172.65013250673016,166.9212389235047,10597675,170.16493098580122
2023-05-30,169.93974834623484,169.31564917386527,171.99676354416468,167.26618830913336,7838691,169.93974834623484
2023-05-31,170.84926633906755,169.87125077600294,173.0012548333078,167.73158120056172,11105176,170.84926633906755
2023-06-01,172.60543714938123,170.11554392498095,175.79533061401742,166.97166577860665,17629976,172.60543714938123
2023-06-02,173.8990687188661,173.31179251914702,176.05742346812593,171.16072677024889,14109759,173.8990687188661
2023-06-05,174.32958744785657,175.4508530470779,178.0053374232297,171.7914281872855,14579555,174.32958744785657
2023-06-06,173.9905474982111,173.72286479426157,178.48814798566693,169.23218381983148,11234278,173.9905474982111
2023-06-07,174.6677805252497,174.24047221894122,176.0444398013442,172.8671808103599,13613373,174.6677805252497
2023-06-08,175.96599141160675,175.19145386031846,176.97617457178126,174.18571715473982,9938128,175.96599141160675
2023-06-09,176.53097902636247,176.46432949691177,179.87058296516707,173.1259864304611,9355411,176.53097902636247
2023-06-12,176.21022109523,176.61142977320708,178.6613206130011,174.16498699817842,5992163,176.21022109523
2023-06-13,176.2705698129888,176.99543049408624,179.36872901038666,173.9069908175493,12764150,176.2705698129888
2023-06-14,175.25724356002604,176.78060759907325,178.74185021727982,173.31290147472862,15172444,175.25724356002604
2023-06-15,176.86983322642868,173.9557877324566,179.29312668697636,171.57241960717084,10600166,176.86983322642868
2023-06-16,177.82059200170227,177.7921981553663,181.9091658488791,173.7042771591121,10526632,177.82059200170227
2023-06-19,177.94152983907364,178.76726349346504,182.165743993454,174.5587470662177,8717419,177.94152983907364
2023-06-20,178.51602023836458,177.126608056579,181.9633640914301,173.70609530549444,11492416,178.51602023836458
2023-06-21,178.78102928548506,178.55665530676794,180.19677207108455,177.14268930835286,12894870,178.78102928548506
2023-06-22,180.13104539280496,179.51402684953732,181.79621844383152,177.85455766065175,8122866,180.13104539280496
2023-06-23,179.94485524269743,179.90482188998902,180.0896400793192,179.76006926447116,11077707,179.94485524269743
2023-06-26,180.3844692538484,181.1033165196005,183.0869585122673,178.40870086421697,9923994,180.3844692538484
2023-06-27,179.72158668625036,182.94290456580254,186.56215843291335,176.1660618127315,10981204,179.72158668625036
2023-06-28,181.1908330050621,178.87403474486,184.3770253491756,175.72858267859107,12753665,181.1908330050621
2023-06-29,181.31287237299765,179.68943727268663,183.83174942871977,177.19311368143784,9760322,181.31287237299765
2023-06-30,181.79434338894396,181.64338970649433,184.50098821259857,178.93899235652674,10315162,181.79434338894396
2023-07-03,180.8610377718447,182.5813992799449,184.69123183760837,178.77108497594807,10565045,180.8610377718447
2023-07-04,180.36047256563398,180.61050938008358,183.50457505103827,177.4704134331895,12813818,180.36047256563398
2023-07-05,178.9709901058099,181.93313724561975,185.35882749497497,175.60107528432687,12548977,178.9709901058099
2023-07-06,179.29862016648636,177.5335604737828,180.53946811234388,176.30492774013368,10833683,179.29862016648636
2023-07-07,180.0381551556906,180.04405628446972,183.01446605460924,177.06784274378072,8395203,180.0381551556906
2023-07-10,179.17275718683132,179.38368676898733,182.9107600946412,175.64983119539838,10162042,179.17275718683132
2023-07-11,177.0295141542893,181.021151267439,183.36075887545258,174.7414964543774,14832419,177.0295141542893
2023-07-12,176.52959574269417,179.1459183037872,182.46074535141585,173.26317982758223,10644737,176.52959574269417
2023-07-13,178.42148776469494,175.71757027760495,183.6087842487969,170.60888552267198,13855667,178.42148776469494
2023-07-14,178.4026606907052,177.83317095389188,180.985625441602,175.25845143829872,14267662,178.4026606907052
2023-07-17,178.39496857542656,179.32277728751342,182.36526350949467,175.36822405266417,12319313,178.39496857542656
2023-07-18,176.87180029877118,177.98059561480386,179.993505352287,174.87143071984187,11927813,176.87180029877118
2023-07-19,178.14075690679644,176.82360851555455,180.97430935687922,174.01100696472656,10323999,178.14075690679644
2023-07-20,178.04023555957627,178.167893181509,181.25043970780325,174.95989768351643,6068415,178.04023555957627
2023-07-21,178.88783450703917,175.98956119401532,181.7454266462508,173.1782666862743,10589449,178.88783450703917
2023-07-24,179.29481618940704,178.87298208043964,181.07010800766616,177.101867062482,9795069,179.29481618940704
2023-07-25,179.977629555291,178.55282850257765,182.8629965107903,175.6903036852142,11635532,179.977629555291
2023-07-26,179.7154887122423,179.44512309536026,183.7251173315244,175.44152659786624,9979352,179.7154887122423
2023-07-27,180.14075595767966,181.2721468983865,184.39785494290703,177.03455668946796,9823220,180.14075595767966
2023-07-28,182.86876918985234,178.78266734687065,186.49138779390998,175.24099415858868,9127385,182.86876918985234
2023-07-31,180.83853320421088,183.7610281794488,186.29967578563873,178.34025969119233,10126092,180.83853320421088
2023-08-01,177.16260122547817,180.53584972137355,183.92080685184726,173.8408908217164,15472282,177.16260122547817
2023-08-02,176.89768971153254,176.86522299045816,179.7981642341617,173.96528080320016,14515748,176.89768971153254
2023-08-03,177.01392696796896,177.7365794860794,179.55757007591447,175.200340275739,9935718,177.01392696796896
2023-08-04,176.6708659705373,177.37508985810206,180.31820466521307,173.73943607224112,11091464,176.6708659705373
2023-08-07,176.85125217591627,177.27573012465422,179.05584732615623,175.07539737681802,12345549,176.85125217591627
2023-08-08,175.90411449792384,177.87860019323278,179.9838999091992,173.82218400213904,9413646,175.90411449792384
2023-08-09,175.140850279437,175.55444345130624,178.3539472311573,172.34794192163966,11695086,175.140850279437
2023-08-10,175.17133543138743,174.49748430591302,178.05924884444488,171.62068015167847,8653485,175.17133543138743
2023-08-11,177.5508065889788,174.03081183010022,179.15832277083226,172.45516510940914,15117965,177.5508065889788
2023-08-14,178.57456000929818,176.67149275678997,182.19425363616284,173.09037416774166,11496085,178.57456000929818
2023-08-15,178.18729310114435,181.73435944585046,184.9801408104679,175.0048624527911,11075487,178.18729310114435
2023-08-16,180.66612227346462,179.51800961276288,182.7395113389783,177.45779669896336,10930309,180.66612227346462
2023-08-17,181.59889624519423,179.20156207358934,182.9267611792793,177.89122662920698,12708365,181.59889624519423
2023-08-18,182.07622981232575,180.15795481354237,184.6754548623022,177.58611405439137,15970808,182.07622981232575
2023-08-21,182.01651391871724,182.60264794707902,184.9345351513532,179.69211181094133,8227981,182.01651391871724
2023-08-22,181.6828368579873,182.61418130237223,185.4566992815924,178.85481590911348,9685613,181.6828368579873
2023-08-23,182.29972854967042,182.281173491823,184.70324413411285,179.877902544995,11185393,182.29972854967042
2023-08-24,183.56550632112547,182.02085831792837,184.47648974064,181.11754054730454,13328450,183.56550632112547
2023-08-25,185.22835126826115,183.42733187258003,187.6471122217771,181.03208910815866,10561157,185.22835126826115
2023-08-28,183.77762625632073,185.5927467703091,188.09303452042042,181.30179163632943,6563341,183.77762625632073
2023-08-29,184.03045246863022,183.87233753317236,187.3739738811642,180.5316888010304,13484833,184.03045246863022
2023-08-30,183.42033104831728,181.57993935806704,185.53131593676713,179.4901355405745,12414773,183.42033104831728
2023-08-31,185.21579869960448,183.16743150242797,189.548621032026,178.8825273886424,8438387,185.21579869960448
2023-09-01,186.17681552677107,184.26963516316744,187.18995200891172,183.2668771698785,9774777,186.17681552677107
2023-09-04,185.92864278192593,186.37253735086895,190.3899534784193,181.92079517356595,14048734,185.92864278192593
2023-09-05,185.02128404004551,189.25891371016542,191.88552559205306,182.45348369957688,14662203,185.02128404004551
2023-09-06,184.88677051483765,185.42923561768887,189.00763498109018,181.31883960196004,12240482,184.88677051483765
2023-09-07,186.37634943743709,184.53896556801598,189.2463602253914,181.6972486679008,11209480,186.37634943743709
2023-09-08,188.68596873970023,187.4071614305039,192.591348972034,183.5282496675516,12687285,188.68596873970023
2023-09-11,188.68609932742623,189.23242732928216,191.70440651518456,186.22125692811125,9741681,188.68609932742623
2023-09-12,188.51239242166443,189.16169527194003,190.96003619058405,186.72022435890733,12762074,188.51239242166443
2023-09-13,188.45242653468011,189.198785564682,193.38055577835777,184.28715273746417,8446553,188.45242653468011
2023-09-14,191.29906454486405,190.77779028507857,194.06000680603103,188.02437136510997,11082959,191.29906454486405
2023-09-15,192.04533780036846,190.00103714616932,195.13876422692246,186.94053989009117,13194070,192.04533780036846
2023-09-18,193.9201882123799,192.59109079347454,198.02620765340143,188.51321334164635,11846931,193.9201882123799
2023-09-19,193.05698280001928,192.84232419388542,194.9567067149025,190.9447125677249,14347318,193.05698280001928
2023-09-20,191.48554590847573,193.7004563724798,197.1826975112589,188.0431232217587,10166615,191.48554590847573
2023-09-21,192.62133854880787,190.43005477945172,194.94252703907597,188.13527241169663,11064411,192.62133854880787
2023-09-22,192.75854716347396,192.1389760229931,195.52254150605833,189.38386580592385,8433808,192.75854716347396
2023-09-25,192.9051823079692,192.4172605445674,195.86847497756116,189.46146303382767,10167104,192.9051823079692
2023-09-26,190.5557489106753,194.03462292083532,195.4896673487306,189.12679217871613,9252311,190.5557489106753
2023-09-27,189.05755838544508,191.60584955711002,193.73378863418588,186.95792015814226,10497110,189.05755838544508
2023-09-28,187.29965613398718,187.6444846716694,191.72675882499806,183.2248838511727,8898572,187.29965613398718
2023-09-29,186.8959583496442,187.36139097458897,191.00200190802116,183.2643912170417,11984014,186.8959583496442
2023-10-02,183.17789209557804,186.1002527077705,188.83347029253653,180.4875946428272,16132833,183.17789209557804
2023-10-03,179.51597078611846,181.79471043520138,184.7426238854312,176.60500850594758,9903390,179.51597078611846
2023-10-04,179.09369614145237,179.28222262721403,181.70769371461273,176.67077558881235,13671796,179.09369614145237
2023-10-05,180.14181698838544,178.76221220476893,184.06583122330778,174.86824978624315,18407476,180.14181698838544
2023-10-06,180.9970921530591,182.76473569138116,185.3231197971237,178.46345194069377,11050772,180.9970921530591
2023-10-09,179.3361076054364,181.4672789695154,184.3996469221097,176.43817769944204,10411071,179.3361076054364
2023-10-10,177.98002950055525,177.85376824331004,181.66958233737822,174.16683282137996,20252634,177.98002950055525
2023-10-11,177.66978740658817,177.3769185370143,179.64425708544442,175.40570355166162,7949110,177.66978740658817
2023-10-12,177.68508870826793,178.75860112434566,182.83321501155297,173.6349444050198,10057587,177.68508870826793
2023-10-13,180.49206656919898,179.91159954442514,181.81826685449198,178.5896643525985,13640839,180.49206656919898
2023-10-16,181.44333883887526,178.77452213577843,185.64342746836644,174.63621183753162,14466415,181.44333883887526
2023-10-17,180.5184132017292,179.39674029564978,182.88981537448493,177.04007311595885,11841567,180.5184132017292
2023-10-18,180.6374920551602,182.54487518941204,185.06153125410125,178.14713213999323,9170254,180.6374920551602
2023-10-19,182.18997245070884,181.0597656223767,183.2011175323726,180.0548931311325,9688748,182.18997245070884
2023-10-20,181.3921539398143,181.2408070773106,183.70055528198358,178.9343317793111,10157137,181.3921539398143
2023-10-23,180.94858597531814,181.97401906875805,183.7575404872649,179.17511479307444,8575834,180.94858597531814
2023-10-24,179.12044147857077,178.08697701714166,181.26303869251862,175.95674186559992,12136152,179.12044147857077
2023-10-25,177.65134985111007,179.12406921196217,181.68795175544395,175.1085469954522,10398248,177.65134985111007
2023-10-26,178.10235525329676,178.00077709430218,181.62681529399362,174.47832717953474,7793614,178.10235525329676
2023-10-27,180.54954277891366,179.09004338574863,183.44519937147112,176.21779426891558,16385698,180.54954277891366
2023-10-30,180.4854596761819,179.4511920752428,183.4703973824283,176.4833594829814,9116848,180.4854596761819
2023-10-31,178.40594514630791,180.57825139646732,182.29779028937102,176.7070918290788,9547946,178.40594514630791
2023-11-01,178.3423719670652,177.41533761586496,180.23212867927396,175.5354039724441,9737990,178.3423719670652
2023-11-02,180.52808494202844,178.6156464355581,184.85960813066023,174.33000957946157,12622572,180.52808494202844
2023-11-03,182.38840725405788,179.55827400041193,184.45377263415875,177.5249570346328,8505235,182.38840725405788
2023-11-06,182.2488520362281,181.941810081737,186.49179508012335,177.70601529425286,10849313,182.2488520362281
2023-11-07,180.78607778826378,181.15993476098495,183.6571690277388,178.29399702548073,9412381,180.78607778826378
2023-11-08,181.6769871508908,181.49237599185432,184.4042202848809,178.7679141371425,15468267,181.6769871508908
2023-11-09,183.75835255897087,182.61275202583377,187.4981705397573,178.89624910753545,13649218,183.75835255897087
2023-11-10,186.4920817555042,183.49967162249993,190.47545230951872,179.580217339338,11977999,186.4920817555042
2023-11-13,187.759445733459,186.5348682551977,190.47180689496935,183.84019726303313,9786374,187.759445733459
2023-11-14,188.68523016595407,186.12752540682393,191.1492299688732,183.69692611976333,10757905,188.68523016595407
2023-11-15,188.83852591215174,188.34596282212692,191.6183041254976,185.5734353333868,11487522,188.83852591215174
2023-11-16,192.10243993435654,188.78164251689486,195.30858886220977,185.6309169927384,13388391,192.10243993435654
2023-11-17,194.13857551555463,195.12320441845634,198.91962264219322,190.361314742218,11604724,194.13857551555463
2023-11-20,196.58738863054043,192.84332134913024,199.5403571446682,189.9465930286069,12669795,196.58738863054043
2023-11-21,195.27858762088215,198.31442130969214,201.9028080195823,191.7451325956895,10042403,195.27858762088215
2023-11-22,197.01101319437092,196.4465786609215,201.58005294644428,191.89062916090543,10993223,197.01101319437092
2023-11-23,198.32406617038131,197.34274396869787,201.67704152680807,194.00635938323754,7467483,198.32406617038131
2023-11-24,198.60833679588342,200.41672676203794,203.7352798899011,195.31972746700117,12498322,198.60833679588342
2023-11-27,197.59648071990873,199.051756290046,200.52582329748597,196.13319067693595,11697506,197.59648071990873
2023-11-28,195.82767821053346,198.05785964493134,198.4235436385864,195.46611191084403,10100526,195.82767821053346
2023-11-29,195.5558078574263,195.76526324566075,199.0818945787005,192.24272509215578,15025066,195.5558078574263
2023-11-30,196.68804516176073,196.99146386504978,199.85293800237602,193.8309784477573,11353853,196.68804516176073
2023-12-01,196.7638461565896,197.98201950283035,200.44216122744933,194.31884155949578,8190988,196.7638461565896
2023-12-04,196.15726947910358,196.02518213934613,199.33847962073455,192.84611414409562,12600819,196.15726947910358
2023-12-05,197.01976897956712,194.6045899143408,199.91556187040126,191.744295280374,11780909,197.01976897956712
2023-12-06,198.41345114150064,196.77982178984502,202.50848676691066,192.7185024793081,12352069,198.41345114150064
2023-12-07,199.96771200949684,197.46102066585007,203.0533246561638,194.4140876561781,10622540,199.96771200949684
2023-12-08,201.24963184519495,199.8914948264436,203.516786142188,197.6396404639137,12345836,201.24963184519495
2023-12-11,201.39943297921621,202.74383565941326,206.78874370043977,197.38134688912015,9631228,201.39943297921621
2023-12-12,201.29284472580107,200.8468312150066,204.09370273791663,198.05217918858776,11294349,201.29284472580107
2023-12-13,200.37838993786843,201.24112448433115,204.78954552311845,196.845181224213,7452584,200.37838993786843
2023-12-14,201.50925115984361,200.44814895095263,204.05087655773826,197.9199071784169,10203746,201.50925115984361
2023-12-15,201.14424664512975,202.53505119024805,204.91501335050668,198.78062764211847,14623099,201.14424664512975
2023-12-18,201.40280797830957,198.4325534708539,204.50860868749402,195.37255658460674,8798275,201.40280797830957
2023-12-19,200.93106512255366,200.66966112050756,203.9579194644485,197.64674460593722,9277563,200.93106512255366
2023-12-20,199.9518111520973,201.1857858665501,204.68624455049982,196.47282256100914,10034225,199.9518111520973
2023-12-21,202.14611729119164,201.39155891727572,204.90678057076784,198.64120046879435,9564432,202.14611729119164
2023-12-22,201.35016923107793,201.54950027209517,202.72215579248314,200.17867345876832,6936044,201.35016923107793
2023-12-25,198.8337872588526,199.08310400148252,201.63856072112702,196.28153080147283,11936154,198.8337872588526
2023-12-26,197.0632505360202,199.57310470170725,203.35882535252006,193.32513954062549,12105419,197.0632505360202
2023-12-27,196.84462959324057,196.31201107035835,199.5046146162967,193.65922338510515,10115100,196.84462959324057
2023-12-28,198.54869813755894,195.43955263615217,201.28233309056247,192.74872465643196,11396336,198.54869813755894
2023-12-29,198.13842240959627,197.80492035166444,202.08769416965066,193.86229591545208,10503300,198.13842240959627
2024-01-01,198.03441394221744,197.9190530300333,200.29995414733685,195.6548325691919,12398769,198.03441394221744
2024-01-02,196.131599140119,197.31585241085838,198.7534925364722,194.7025874647797,11476151,196.131599140119
2024-01-03,195.07446166276875,193.53611195339093,197.84390344187167,190.78850988574848,9876355,195.07446166276875
2024-01-04,196.57844097605985,196.1244298953705,199.0512267882123,193.65735514773417,10910913,196.57844097605985
2024-01-05,198.04902412661417,198.08211866438302,200.09636985350681,196.03510946818028,12908475,198.04902412661417
2024-01-08,196.16599241475348,198.8232238941051,201.63122570249996,193.39551897277985,15785261,196.16599241475348
2024-01-09,196.6895717344716,194.8269409831839,200.1232854867989,191.4257441597909,9290213,196.6895717344716
2024-01-10,198.05891486748504,196.45178403335004,201.0206001783733,193.51413104530528,11620053,198.05891486748504
2024-01-11,198.82158992537393,198.05116523977793,202.1090860989969,194.77640796542093,11524208,198.82158992537393
2024-01-12,200.64005901637495,199.53590944080048,205.468871039875,194.73367102763737,9699355,200.64005901637495
2024-01-15,201.22628221709442,201.44463426697152,204.1209482466544,198.5528691766483,10627661,201.22628221709442
2024-01-16,200.70442654963915,200.33987183291805,203.9943219633699,197.05595210647638,7846107,200.70442654963915
2024-01-17,200.08370997302552,200.80316777641676,203.3039570116431,197.5918808172135,7454301,200.08370997302552
2024-01-18,200.53002380340956,200.6326761321458,202.79312919627114,198.37067612023432,11241143,200.53002380340956
2024-01-19,201.484936504549,202.2816403128913,204.72428451976012,199.0519128640303,10142988,201.484936504549
2024-01-22,202.19019390624263,202.33662123721075,204.88731859701866,199.64134243970022,11141817,202.19019390624263
2024-01-23,201.33927273502962,203.1474310539835,206.55977544378214,197.95730066578426,10802970,201.33927273502962
2024-01-24,200.30383162141288,201.44053828884836,206.82814181795257,194.94662974286544,9072135,200.30383162141288
2024-01-25,201.6849321483603,201.99895384819123,204.3057380307262,199.38173402543777,11276480,201.6849321483603
2024-01-26,199.45468100851906,202.1807900385604,204.79233372194184,196.8783501305493,9542615,199.45468100851906
2024-01-29,199.96729074829256,198.42419292185528,202.90368741993834,195.51045569268442,13886306,199.96729074829256
2024-01-30,196.88730748701158,201.65105929335326,205.07489146830062,193.5443590265618,9973459,196.88730748701158
2024-01-31,196.14622739442723,197.71175726431107,200.9379690940758,192.94556149605248,10339885,196.14622739442723
2024-02-01,196.1416996923487,195.62481891454317,200.34314884569784,191.4344415950249,8122129,196.1416996923487
2024-02-02,196.15780776724915,195.57740829865142,196.72039613705778,195.01648453753003,11226875,196.15780776724915
2024-02-05,197.5113206036412,196.50686141988228,198.1167620584427,195.90449898469163,10650142,197.5113206036412
2024-02-06,196.60487240410748,198.0602260472222,200.54006072372945,194.14325964172605,9842084,196.60487240410748
2024-02-07,197.4755844820461,196.83760412837194,201.52116822871406,192.80509036681778,12911194,197.4755844820461
2024-02-08,199.37518385973755,197.84443965550085,200.8050547968286,196.42554684822207,11994275,199.37518385973755
2024-02-09,201.85508342501657,201.40875974439683,201.86278655784463,201.4010736440385,13847029,201.85508342501657
2024-02-12,202.6204362738351,203.15286201934387,206.78033860513372,199.00246662733375,8841125,202.6204362738351
2024-02-13,201.15733698533705,202.85219627386374,206.14211123280214,197.8949097392706,8640994,201.15733698533705
2024-02-14,202.67781200099196,202.2934461635569,204.61317390843087,200.36175454934323,11761222,202.67781200099196
2024-02-15,203.87193544048884,201.42219388735785,205.92539514283504,199.3934087217479,10487764,203.87193544048884
2024-02-16,203.82236737114044,204.35869238750954,206.43319498084446,201.7533091639695,11389853,203.82236737114044
2024-02-19,203.39071398049822,206.0350299921539,209.2394261792909,200.22744398508533,10258296,203.39071398049822
2024-02-20,203.8799889428001,203.12462291843198,206.29972301902762,200.71385384616914,10919939,203.8799889428001
2024-02-21,204.3515715337323,202.8430953668337,207.9216587981421,199.29936166316088,7561966,204.3515715337323
2024-02-22,204.7892769377017,203.55203919875024,204.93813144065084,203.40408400269556,15214041,204.7892769377017
2024-02-23,205.11819105308243,203.450405966633,207.3161843960013,201.2702841762011,9987694,205.11819105308243
2024-02-26,204.1005197023562,204.1523773950673,206.0652300900177,202.18815289999506,12638028,204.1005197023562
2024-02-27,204.6600424813359,203.64679432949924,207.46762964792887,200.8531072015908,8924003,204.6600424813359
2024-02-28,204.37715115203696,202.9340620462031,206.89298507899775,200.43599220153635,10929404,204.37715115203696
2024-02-29,205.53929849430074,204.3963033356271,209.44232922585434,200.5149771893426,8582515,205.53929849430074
2024-03-01,207.41643811106448,206.65201899838593,208.59939963059716,205.4734172027176,12945660,207.41643811106448
2024-03-04,207.32136626192383,206.28673678970821,210.4783435309835,203.1455142968425,9398177,207.32136626192383
2024-03-05,206.05363429354531,209.21124637465894,212.9334663652613,202.38759353333597,11288675,206.05363429354531
2024-03-06,205.78687302169223,206.68513769080232,211.70412191150976,200.7897015749977,11795791,205.78687302169223
2024-03-07,207.05936934987892,207.05935275836688,209.6664890993829,204.4522332177695,8781772,207.05936934987892
2024-03-08,208.42866790810362,206.24210450273583,211.89323030020776,202.81388780826637,9873986,208.42866790810362
2024-03-11,209.26463522900661,209.4973132367318,210.75025089283517,208.01308914701522,11836773,209.26463522900661
2024-03-12,208.5781918533321,207.89361633284415,209.21231523069224,207.26157421497356,16212335,208.5781918533321
2024-03-13,209.30008370941354,209.69230913749067,213.72340722234225,205.27652571593896,10400961,209.30008370941354
2024-03-14,210.39303312017734,209.51587963863366,213.5430793817517,206.37896629312777,12430453,210.39303312017734
2024-03-15,211.479356535915,211.09143433367754,215.89770241049362,206.68119314832242,10799132,211.479356535915
2024-03-18,208.985088343226,209.9876725914472,211.69549929939328,207.28541563848853,18225535,208.985088343226
2024-03-19,208.39510837285277,207.8627508428568,212.06276031199747,204.2044681357563,7448895,208.39510837285277
2024-03-20,207.85708667134136,209.14186500845022,214.23323322623904,202.7969952119969,10717256,207.85708667134136
2024-03-21,209.11741746948337,206.67436155148962,212.69301749611128,203.14053418498318,8100593,209.11741746948337
2024-03-22,206.3528005707774,209.6986044908397,213.13407733695442,202.97214172089176,7658949,206.3528005707774
2024-03-25,207.17545603016646,204.6601242800018,210.29195092035204,201.58146697297747,11459180,207.17545603016646
2024-03-26,204.92938023399154,208.2297813059799,209.71770651419487,203.4650383476311,12512553,204.92938023399154
2024-03-27,204.77184380533762,203.4138987998748,209.2313373097078,198.98397843807453,9591482,204.77184380533762
2024-03-28,203.86357635769977,205.45041666477087,207.9046681316384,201.4282808278147,10658310,203.86357635769977
2024-03-29,204.7386709510446,204.62883651537828,208.32618717245484,201.04324485867187,20178324,204.7386709510446
2024-04-01,202.80074521046163,203.88273413467613,205.34759660684603,201.34365664311554,11294558,202.80074521046163
2024-04-02,200.67066860469018,203.50895773968404,205.36143907067944,198.84402337296504,13400403,200.67066860469018
2024-04-03,202.08863245039984,200.98424734338656,206.57003618693395,196.52733382921247,10023173,202.08863245039984
2024-04-04,202.90563827505798,201.4352695674497,205.59687488610695,198.76353517492603,11465988,202.90563827505798
2024-04-05,204.2967371391101,201.67778968361128,208.84568538579563,197.1871559093088,10842083,204.2967371391101
2024-04-08,205.1560566486649,201.8909889889055,208.15315003078751,198.9415944797048,9986700,205.1560566486649
2024-04-09,204.91334927515584,205.58645359813104,206.77690424693952,203.72679624442475,14727993,204.91334927515584
2024-04-10,205.17210595756518,202.98945541414676,209.164824487396,199.0392120016238,12974211,205.17210595756518
2024-04-11,206.94358775476576,205.28947777870644,209.43736940796063,202.81562904131445,12051971,206.94358775476576
2024-04-12,210.69110092760488,206.61647424062383,214.5875050181475,202.7954240308132,8591961,210.69110092760488
2024-04-15,210.5630707078035,211.5496369618695,214.74954826567551,207.3780822587642,9416498,210.5630707078035
2024-04-16,209.75547993196045,210.18147294060714,211.7125207243636,208.2275352554506,18487569,209.75547993196045
2024-04-17,210.47227331980093,209.3408590607339,213.8022548834084,206.0287781382136,10201798,210.47227331980093
2024-04-18,212.4246554154909,211.39650426524727,217.94368496765992,205.90418722708085,14782047,212.4246554154909
2024-04-19,214.34379141612385,212.8517029337252,218.08729122053973,209.13426235362897,15753639,214.34379141612385
2024-04-22,214.31769485662252,214.75038781537197,217.90988383378155,211.1645647949605,10473098,214.31769485662252
2024-04-23,211.65746473931102,214.92112894533463,219.3005159692771,207.34458047730965,10548294,211.65746473931102
2024-04-24,212.59485997210317,209.70737292417675,216.0077180359867,206.34086867833554,6688526,212.59485997210317
2024-04-25,212.12668639878345,213.56019627280497,216.98734007360102,208.72254709303786,11971383,212.12668639878345
2024-04-26,213.21567940239993,212.90621225356404,215.25015657976263,210.87468797278578,9368676,213.21567940239993
2024-04-29,212.0827644011995,211.91504269842156,215.5119815460136,208.48853748609451,11459380,212.0827644011995
2024-04-30,211.00714122627414,211.77217283164043,216.0451459348092,206.7496043318815,8578287,211.00714122627414
2024-05-01,211.33236540690098,210.95737651592415,213.61891592685208,208.67488325924168,9775682,211.33236540690098
2024-05-02,213.16073645166242,211.16182426537753,217.8763803900839,206.4904012200323,11809701,213.16073645166242
2024-05-03,215.27053722855607,213.58773146973527,218.4008872615603,210.48185190598556,12640663,215.27053722855607
2024-05-06,217.40845669382276,217.11932380513153,219.70454054721299,214.82629352825487,9590728,217.40845669382276
2024-05-07,217.6818839310272,218.81956810241923,223.19336872493957,213.33082352219165,13024203,217.6818839310272
2024-05-08,218.12625825349454,215.96800585408758,221.08536535964566,213.03817766219046,9237049,218.12625825349454
2024-05-09,221.09320415983876,218.94039704963802,225.24922012264335,214.82484863873685,9100347,221.09320415983876
2024-05-10,224.22919460533424,222.85611291422387,227.26552850876183,219.83837219398205,12559931,224.22919460533424
2024-05-13,223.525794986405,224.74959718369797,228.05361163315644,220.2397714930764,10700709,223.525794986405
2024-05-14,223.68444805803313,224.9889685875308,228.9190311228889,219.777172627713,10472980,223.68444805803313
2024-05-15,224.57830684935743,226.38512968197355,230.11018046773626,220.88298640331195,14180954,224.57830684935743
2024-05-16,225.59153289661896,225.9577245887788,227.09256135533312,224.4585352696498,10398768,225.59153289661896
2024-05-17,228.08238190247826,225.9289843461497,230.22493791634554,223.80665687797747,11919678,228.08238190247826
2024-05-20,227.5536871642645,229.51257951328674,234.02182462115977,223.08292851216837,8391889,227.5536871642645
2024-05-21,226.33899413523335,227.75150572814312,231.0173067786447,223.09344753630702,13041460,226.33899413523335
2024-05-22,225.5297663503505,226.37145527987667,229.17423802315486,222.7374048468173,11117404,225.5297663503505
2024-05-23,226.16363687872087,225.05424012751428,228.01979123060386,223.20719073890535,9711086,226.16363687872087
2024-05-24,225.67676360812482,228.28516038579033,230.47699889519308,223.50996914668133,7126384,225.67676360812482
2024-05-27,223.57188594400003,224.56856161268138,225.66692797463793,222.47839432951656,15839523,223.57188594400003
2024-05-28,223.77186968141757,225.62745199699606,228.89760522446574,220.52861051512892,7962801,223.77186968141757
2024-05-29,222.45743671553328,224.44300285875386,227.1380722635895,219.7862096158518,9928460,222.45743671553328
2024-05-30,222.4465111382075,220.58972032657334,224.70813828499,218.34697128439225,10753548,222.4465111382075
2024-05-31,221.41105822292624,222.93720495349774,226.20532679780618,218.16530874786338,8604525,221.41105822292624
2024-06-03,220.70168505246872,218.6212436747942,224.41385498594977,214.94406645978165,7893118,220.70168505246872
2024-06-04,218.59606582578203,221.52998909243934,227.17146950427983,213.02930067351653,7786803,218.59606582578203
2024-06-05,220.33027400035493,219.75711454294114,221.96965966991547,218.12199351383964,13383939,220.33027400035493
2024-06-06,222.76275664726134,219.5471903002676,227.3955325830213,214.9812881930435,10946906,222.76275664726134
2024-06-07,223.4628440614819,222.92788759923224,227.9020469343296,218.49931190816073,19086814,223.4628440614819
2024-06-10,225.7045316456922,226.08293352882023,228.59347967170612,223.19818748025472,9841045,225.7045316456922
2024-06-11,225.73333610267605,225.01963570759145,229.34872179443977,221.41568076965942,8338172,225.73333610267605
2024-06-12,225.1018651642911,224.2991516491717,227.96332265182,221.44789812239853,9430468,225.1018651642911
2024-06-13,223.42071972155838,227.1030163369311,230.72041376554714,219.86197554432886,12066389,223.42071972155838
2024-06-14,226.3319816699535,226.05161557730662,231.43478445931999,220.95513382515745,11474631,226.3319816699535
2024-06-17,224.0578990257807,226.33700036235106,230.41741085825893,220.01857623979254,13574123,224.0578990257807
2024-06-18,220.5481939462261,225.41765672171573,229.3721681109581,216.6791077463199,10798416,220.5481939462261
2024-06-19,220.38807507742547,222.32335448858225,225.17986574851093,217.55642916482748,7695859,220.38807507742547
2024-06-20,222.87643601867086,219.40626705271862,224.5657762573105,217.7432297116566,8555284,222.87643601867086
2024-06-21,224.28084969004192,222.2274566088757,227.41128529842575,219.12568156080357,7217907,224.28084969004192
2024-06-24,223.57903956470278,225.9372191800749,230.68936592352577,218.87649250925517,9579967,223.57903956470278
2024-06-25,222.17880536497574,225.83944280922157,227.5025607623181,220.54264493434547,10595187,222.17880536497574
2024-06-26,221.98021383174026,222.92916654743382,225.09705307824188,219.82155544206142,8971173,221.98021383174026
2024-06-27,223.16896002441553,220.80840556180453,226.65738962168174,217.35687459081873,14196758,223.16896002441553
2024-06-28,224.07047082418927,225.82966219523306,228.10528584095667,221.81257406802652,13816797,224.07047082418927
2024-07-01,223.6786044199843,223.35662142978927,226.14743079317984,220.89134890610015,9679437,223.6786044199843
2024-07-02,222.49707249662606,223.22882551289928,226.1044608261522,219.63086363091787,7723210,222.49707249662606
2024-07-03,221.60244611833394,222.95408749249873,224.77604889381075,219.79153021271046,9646460,221.60244611833394
2024-07-04,222.62535060063084,223.6688806236781,225.93451011836183,220.37029142932963,9688345,222.62535060063084
2024-07-05,222.32063154583392,223.76605080773757,227.90955800469067,218.2038893791108,9008469,222.32063154583392
2024-07-08,222.330629696305,222.87403050611616,224.76024710006928,220.4490119855071,8705372,222.330629696305
2024-07-09,220.62193236300843,222.94864908009845,224.51166164735812,219.0752315674696,10123641,220.62193236300843
2024-07-10,219.54811285309572,220.67953410470196,223.2945590214832,216.9464951368342,10157071,219.54811285309572
2024-07-11,220.97192336177898,220.2833437158234,225.09521028822985,216.17290553236575,9948604,220.97192336177898
2024-07-12,223.48186284644586,217.6181528280153,226.61404852671137,214.56814933613424,12793823,223.48186284644586
2024-07-15,224.0663184442812,223.08414452152343,226.9068283619842,220.25608571556214,11309480,224.0663184442812
2024-07-16,221.21604698250997,224.3907511493811,227.80638093609485,217.8487418885958,10455456,221.21604698250997
2024-07-17,219.64419676071407,219.68831026891294,221.06607734220253,218.26670634365166,14726897,219.64419676071407
2024-07-18,221.23446894746962,220.153318809698,225.1002156946728,216.30646356999006,9410314,221.23446894746962
2024-07-19,220.86138337023044,220.9630524555302,224.70112311714982,217.12503266233492,7479726,220.86138337023044
2024-07-22,219.94071392072456,223.18768411744713,226.07873632709348,217.09172120194577,11690984,219.94071392072456
2024-07-23,219.04231081856804,222.01654040897537,226.46344791521813,214.65497600842488,9185560,219.04231081856804
2024-07-24,217.54599612178396,218.43012404905724,220.4751803459974,215.509217489808,12120585,217.54599612178396
2024-07-25,218.58706025704632,217.34911128049092,223.0985977162659,212.86312452483887,6775097,218.58706025704632
2024-07-26,218.36817695467602,218.4900763711693,221.9362041807107,214.92397179982046,13475934,218.36817695467602
2024-07-29,217.76327108104826,217.77640861619633,220.67658867376855,214.86326597914587,12072931,217.76327108104826
2024-07-30,217.463439823622,218.01808675183523,221.26669399331374,214.2230971718126,7611458,217.463439823622
2024-07-31,216.24399833245073,216.47404806128077,219.60505859185278,213.11631516665975,8274065,216.24399833245073
2024-08-01,218.523009046917,214.77706564883349,223.1341536346892,210.2449657653307,16916749,218.523009046917
2024-08-02,220.4498912045609,219.33946942940085,222.5698705900633,217.23016853078585,10150569,220.4498912045609
2024-08-05,221.69091211673606,221.2825695746714,224.17105787032224,218.80699211399377,9416265,221.69091211673606
2024-08-06,221.79105796797668,220.62105515040273,226.26713741153645,216.16858813562445,6413267,221.79105796797668
2024-08-07,223.78739057422322,222.98254893745397,226.47783538713367,220.30178019253518,11000713,223.78739057422322
2024-08-08,225.75115105337665,222.939355782495,230.15390021302352,218.59144412515192,11231661,225.75115105337665
2024-08-09,227.00962553490982,226.0940651167393,232.3437115485503,220.78149219096773,12824881,227.00962553490982
2024-08-12,227.32460908695572,228.12698145758753,231.09058474614702,224.37142943781433,7769004,227.32460908695572
2024-08-13,227.0520696457334,227.27876330816562,231.46224069253216,222.87276496890965,7555099,227.0520696457334
2024-08-14,226.90174412830893,227.67156883725883,229.77332771157728,224.8070919205012,11088762,226.90174412830893
2024-08-15,227.87802444862925,226.19867140680302,232.15613048010513,221.9520929892539,13282949,227.87802444862925
2024-08-16,227.96239029920002,227.60940194721866,231.60913199633072,223.9683070470885,7357585,227.96239029920002
2024-08-19,226.6633334210503,227.68082105162532,231.63454208975514,222.72728125038356,13829709,226.6633334210503
2024-08-20,223.75239260915956,225.6480018009296,228.30436158757715,221.11834819862003,12663239,223.75239260915956
2024-08-21,224.7970433883476,223.51507075746773,226.3019658359682,222.01873058192845,13601988,224.7970433883476
2024-08-22,224.20268115172362,222.70829449881762,228.12987368005938,218.8072780361185,10381965,224.20268115172362
2024-08-23,224.24188164900033,223.54197322992175,225.292002846173,222.49512969284342,6059457,224.24188164900033
2024-08-26,223.05600276586537,223.8585955489869,226.86126630477074,220.0640973857544,10726653,223.05600276586537
2024-08-27,222.8047668940602,222.71314817637835,227.19533742923423,218.32438307134814,12640305,222.8047668940602
2024-08-28,222.31342663379266,222.48192620126372,226.03262398383617,218.76541801815978,8732013,222.31342663379266
2024-08-29,224.80508506399613,222.23104056830746,230.36714800993502,216.73266389310663,11327628,224.80508506399613
2024-08-30,225.47569202735312,225.45177041153542,230.01351338567315,220.91443048878926,10229826,225.47569202735312
2024-09-02,225.8468792040137,226.6587860822317,229.31760879887014,223.19758056755282,5783891,225.8468792040137
2024-09-03,224.30757068743765,224.96639451181989,228.37161339243272,220.91232413771738,15873397,224.30757068743765
2024-09-04,226.5266297943113,222.68824832190933,229.87087561323406,219.40066909093767,10002603,226.5266297943113
2024-09-05,226.64261093444563,225.11032494150274,228.24930673543943,223.5144916939389,11177692,226.64261093444563
2024-09-06,228.12609763554505,225.9800852817586,230.4753414248869,223.65294113926225,11114685,228.12609763554505
2024-09-09,228.45323496160094,227.64440301409562,231.2394952698272,224.86800737839957,13228660,228.45323496160094
2024-09-10,227.55866731031324,227.39778640821785,228.6552492000688,226.30197978703694,11695405,227.55866731031324
2024-09-11,226.67937124694194,225.78901182554088,230.1333907632542,222.34855913183424,10278356,226.67937124694194
2024-09-12,226.97936815009695,226.05901215263503,230.10138782273177,222.949651646132,8584915,226.97936815009695
2024-09-13,227.2855003103585,227.2264487476914,228.79366017838515,225.7186807181095,12046477,227.2855003103585
2024-09-16,225.9558090079197,228.09694972940954,231.9794025834064,222.10980064787518,7679457,225.9558090079197
2024-09-17,224.8416696387408,225.20009114637116,229.38416555033476,220.66425447833376,12501068,224.8416696387408
2024-09-18,225.75800571289486,224.28451491941343,229.40065005447127,220.66564560581125,8680975,225.75800571289486
2024-09-19,225.2491224627932,224.50274834027758,228.2628789393154,221.49897809509358,13425251,225.2491224627932
2024-09-20,224.0109579627018,225.20663258956594,229.25071555524727,219.988345978294,11463276,224.0109579627018
2024-09-23,222.87066882233498,222.87061409605337,226.97173468810007,218.7695492373122,12532947,222.87066882233498
2024-09-24,223.75356874199778,223.63706909668144,227.4537855019718,219.9387788934214,10970726,223.75356874199778
2024-09-25,222.25588576953456,221.3560047367957,224.67334942539367,218.94832903181006,7986441,222.25588576953456
2024-09-26,224.71326284711944,221.776306901135,228.39474109244637,218.1429448163125,10280164,224.71326284711944
2024-09-27,227.39865188661736,225.11923972306138,232.16888510668787,220.39682265112813,14173475,227.39865188661736
2024-09-30,226.70440185548412,227.64947421370914,230.38510486944685,223.98012799696272,10970225,226.70440185548412
2024-10-01,226.45033747295292,230.36753737130044,236.2395360274215,220.67818705413703,12948103,226.45033747295292
2024-10-02,228.15264407518188,226.9256114746216,230.97531329932727,224.11812290802533,12469724,228.15264407518188
2024-10-03,229.1961818917581,226.7781778087898,232.67126243875487,223.33975912449046,8995969,229.1961818917581
2024-10-04,230.3991223263902,229.06490164611816,233.08040870580106,226.3991423559645,9423351,230.3991223263902
2024-10-07,229.8472112197447,227.94364874879335,233.55151028295572,224.27002817256715,10697022,229.8472112197447
2024-10-08,227.94974382570157,229.73605745413948,231.18084260156604,226.516192610935,7334498,227.94974382570157
2024-10-09,227.1040756986599,226.81037433698694,229.89059524407426,224.02745844589845,15011965,227.1040756986599
2024-10-10,226.86060220402823,228.3514088732677,230.5297429325669,224.69648953692212,11157918,226.86060220402823
2024-10-11,227.74154183501958,226.11258797824757,231.31177578263686,222.56789063810075,13774062,227.74154183501958
2024-10-14,226.38934651873575,227.58198713683763,232.12730849299686,221.86784486351104,8155354,226.38934651873575
2024-10-15,225.14600640841374,225.52604537239336,229.63739215630946,221.0415877465677,14235157,225.14600640841374
2024-10-16,222.8851847982113,227.49497903405964,228.2097007366979,222.18494570085534,18763231,222.8851847982113
2024-10-17,223.83435651121476,222.45558327846362,229.47729859245393,216.84740055060007,8332365,223.83435651121476
2024-10-18,225.3460572925226,226.29549187079834,230.0240268458722,221.63316558105234,13244237,225.3460572925226
2024-10-21,222.82435140803076,226.44685263030925,228.96437648758996,220.34710072365652,12240791,222.82435140803076
2024-10-22,222.00746958611475,223.46884864315416,226.99644734853447,218.50293968384048,7881006,222.00746958611475
2024-10-23,223.03595299083787,222.49863866404567,226.5779756105463,218.96514910581843,12058509,223.03595299083787
2024-10-24,223.13710152276786,223.56293872499512,226.17096951163666,220.5340384492001,11921398,223.13710152276786
2024-10-25,226.31668773891698,220.55628989052727,229.93539727800663,217.029686712887,11394266,226.31668773891698
2024-10-28,227.10925899064367,225.93799194273947,229.82608497000933,223.23517740772735,13510474,227.10925899064367
2024-10-29,226.11615609051086,228.26091819403788,231.2233317682775,223.18157764643402,7791811,226.11615609051086
2024-10-30,226.6925791891258,226.04981743148596,229.3150959403227,223.43473653673607,7794055,226.6925791891258
2024-10-31,229.2537648397036,224.78130252539214,231.0503448775463,223.01977158050332,12599154,229.2537648397036
2024-11-01,231.33262896917182,229.18168133416813,234.97130207398197,225.57684087693661,11873722,231.33262896917182
2024-11-04,232.50357713789106,233.6979202238693,237.88730533233766,228.3356024173885,9541996,232.50357713789106
2024-11-05,231.2948125004373,234.2430178428836,238.3597025474405,227.22994078886057,12980187,231.2948125004373
2024-11-06,231.83772556683385,231.20876526611374,236.26573947886519,226.79276426076055,11642251,231.83772556683385
2024-11-07,231.93102489924019,233.16121658514598,237.03675262369595,228.07593673912768,11967915,231.93102489924019
2024-11-08,233.13058838851282,231.42099880603982,236.00657417009614,228.5661031583832,10765985,233.13058838851282
2024-11-11,232.02749515929804,230.74724087506053,236.48203310288622,226.31728166203467,12348324,232.02749515929804
2024-11-12,230.10102682494457,230.74048599378403,232.6354219992497,228.2113423218229,10666216,230.10102682494457
2024-11-13,230.80914975823467,232.25876068762602,234.6966980024946,228.38642849190754,16007828,230.80914975823467
2024-11-14,232.5786316985279,230.4297090966947,234.9460495075296,228.08416517008962,9803388,232.5786316985279
2024-11-15,233.80606130022397,232.23899622112557,238.57577048558136,227.50125560262342,16843876,233.80606130022397
2024-11-18,232.00882257155277,233.38543737403361,237.98638448326312,227.43501396748138,11618160,232.00882257155277
2024-11-19,230.21528809974532,234.65948150052623,238.75112769432147,226.201133200555,8769193,230.21528809974532
2024-11-20,230.846163714499,232.4612117005759,237.19404045271037,226.14621677300582,13867655,230.846163714499
2024-11-21,231.8347367908709,233.91934514460135,236.3997290584767,229.37645720113395,11133317,231.8347367908709
2024-11-22,235.13453310298326,231.6135035639252,239.07138485328045,227.73560432528487,15230655,235.13453310298326
2024-11-25,235.33146036040216,235.5516022597954,238.93745110785432,231.94877586015207,12987244,235.33146036040216
2024-11-26,234.64079881354192,233.18997812440264,239.15397626252732,228.70470635614225,11327291,234.64079881354192
2024-11-27,234.36145215664237,236.7200932547796,240.1345151982265,230.98105096661556,9094487,234.36145215664237
2024-11-28,235.901513856159,232.71935708803846,238.9859935133809,229.67648503924994,13752308,235.901513856159
2024-11-29,237.17170957734226,236.20833995811074,241.37072621136267,232.02637934254662,11078560,237.17170957734226
2024-12-02,237.95372823313136,235.61021487892893,242.56547275610868,231.0438896269839,12226658,237.95372823313136
2024-12-03,238.08738308820966,237.11298989199963,240.86307104232955,234.34866168077002,6573260,238.08738308820966
2024-12-04,237.16073183827618,236.8913333612095,240.64571906127313,233.41030484690432,11786344,237.16073183827618
2024-12-05,236.83718711013984,236.29574698814662,239.13635440481812,234.00183588416925,9041157,236.83718711013984
2024-12-06,235.81924200917751,236.0710812830137,236.66354767470642,235.22740765722915,15115381,235.81924200917751
2024-12-09,235.6332249315966,235.04348801935842,239.40389805266364,231.28225204419525,11505850,235.6332249315966
2024-12-10,232.83304890743122,236.81139187406254,241.08454137684464,228.6316867208556,12984926,232.83304890743122
2024-12-11,229.62815122246326,231.28955747103245,235.0619674146055,225.88283936978954,14055660,229.62815122246326
2024-12-12,230.14836830648167,229.9320063433822,231.35715158980918,228.72435943449904,8560939,230.14836830648167
2024-12-13,232.68997635882081,231.8302361758841,235.77213027625314,228.75947016442987,16891281,232.68997635882081
2024-12-16,231.38971851984385,231.9734824592645,232.88009542012963,230.4853870609329,16556892,231.38971851984385
2024-12-17,230.15019080832133,230.39300421954286,235.4267470482124,225.12175308981162,11976492,230.15019080832133
2024-12-18,229.04933086605877,229.8318590894938,232.03128725743187,226.85739127965869,15059768,229.04933086605877
2024-12-19,229.21276190114978,230.6706224835438,235.57860548110796,224.33579782950764,9051450,229.21276190114978
2024-12-20,230.56165598702617,229.47971357833123,235.1104871838099,224.95222840008088,9529893,230.56165598702617
2024-12-23,229.577373038344,229.82679010233392,232.23929300426647,227.16748827936337,10943015,229.577373038344
2024-12-24,228.5363986036768,230.24389582107003,232.39347015684925,226.40276559039748,11898118,228.5363986036768
2024-12-25,228.55145685499627,227.02491533488046,232.38011682478972,223.2218277613024,9254451,228.55145685499627
2024-12-26,229.05703239222555,229.4858111075187,231.95929634157883,226.58816869801504,11628159,229.05703239222555
2024-12-27,231.35265430092602,229.6185986561212,234.94149458538183,226.05665777669867,12763021,231.35265430092602
2024-12-30,231.25160452333108,230.92538046004026,234.16210531576985,228.0189854786581,8261625,231.25160452333108
2024-12-31,229.79189790052197,230.08805865480267,231.49026312591937,228.39149829462187,12493792,229.79189790052197
2025-01-01,230.42060075852882,228.56938534873976,231.30718086521006,227.68992808936514,12535510,230.42060075852882
2025-01-02,230.86623036433883,231.1599983501502,234.88939997794256,227.14156821920915,10749178,230.86623036433883
2025-01-03,232.13832787923772,232.56861093914435,235.40413657810035,229.30804834225327,13980406,232.13832787923772
2025-01-06,231.9328183006179,231.25066655079922,234.77041217507582,228.42141849665649,7977740,231.9328183006179
2025-01-07,231.87255361770013,232.57070782077523,236.86845616611146,227.58770668673017,11038161,231.87255361770013
2025-01-08,231.87978023301415,228.96900791206576,236.71846462261766,224.19106322377172,7918106,231.87978023301415
2025-01-09,232.58685896934148,231.06641404758346,235.7587102505305,227.91529749403307,8490671,232.58685896934148
2025-01-10,234.05412626730921,232.5435155715052,237.16634549755105,229.45138294145224,9926628,234.05412626730921
2025-01-13,234.73940785232804,232.77663532325997,238.8475153672861,228.702877731268,8767750,234.73940785232804
2025-01-14,233.78888261858856,233.42039814111982,235.70953360474002,231.50277437365864,9687720,233.78888261858856
2025-01-15,233.16307927783308,232.85216600053417,236.92068073397672,229.09957514978797,10093654,233.16307927783308
2025-01-16,232.63760058386006,233.57185061550808,237.7199535135769,228.50608943369917,12355528,232.63760058386006
2025-01-17,232.50817554990138,232.37612194368933,236.78659360671546,228.1001338252288,9482221,232.50817554990138
2025-01-20,232.00376525779654,229.3857331867862,233.23715213989456,228.1662643823095,7598369,232.00376525779654
2025-01-21,230.57841558537874,229.05170273543183,233.1593313601088,226.48787579908202,14104434,230.57841558537874
2025-01-22,230.58413033140664,229.73883551827328,233.0303244446061,227.30160887040995,8462652,230.58413033140664
2025-01-23,232.3286602789617,231.2173419118637,235.9296231946323,227.6336038027349,11378719,232.3286602789617
2025-01-24,234.69688900982445,228.49871556363982,238.78148863137122,224.52198723522937,13163301,234.69688900982445
2025-01-27,235.25858240803814,233.99317830370174,240.54803098781423,228.73218050295364,10905446,235.25858240803814
2025-01-28,235.62131576904017,234.5157564597208,238.57251341685287,231.57840613307482,12830075,235.62131576904017
2025-01-29,236.3743211416084,237.58404761324022,240.55673188679216,233.41677313201714,11708823,236.3743211416084
2025-01-30,236.34537453182523,235.82826552539834,241.24915346925587,230.93521575184107,8438203,236.34537453182523
2025-01-31,237.2445751145121,236.8884805820662,241.1550500900817,232.98387507161456,16637073,237.2445751145121
2025-02-03,237.47403980115115,237.44565005560375,242.5413220252776,232.3789736191797,10597426,237.47403980115115
2025-02-04,235.64473186674115,234.43831442700275,239.51958900900064,230.5832951788302,11205520,235.64473186674115
2025-02-05,236.2411223670608,236.73087576822883,238.91221275218243,234.06429817512688,12740023,236.2411223670608
2025-02-06,238.8870153919522,236.5464354402784,240.87798535379522,234.5749727102095,12866138,238.8870153919522
2025-02-07,241.04146587276608,239.61552806204736,242.78719392669402,237.8801272753816,12784865,241.04146587276608
2025-02-10,240.3000527599157,246.71978242551214,251.2372855850249,235.90009651440567,17474127,240.3000527599157
2025-02-11,240.34232369558447,237.2951780640009,245.37580916300783,232.3255089191372,9497919,240.34232369558447
2025-02-12,239.7949548532776,242.82942929842594,248.71726850469716,233.9806919744729,9811695,239.7949548532776
2025-02-13,240.0672706984586,239.38138406365383,244.68028973914627,234.7815446958841,10468378,240.0672706984586
2025-02-14,240.10336903368508,240.48114029369546,245.48656113361642,235.10581119763737,12427243,240.10336903368508
2025-02-17,239.2186772619718,240.03780317311038,242.94224098923348,236.324150802481,7943722,239.2186772619718
2025-02-18,237.55072958528228,238.60976573484012,240.80925168523618,235.36100574636038,7690757,237.55072958528228
2025-02-19,237.38728479949071,236.7385442182133,241.95708419441692,232.18123333680748,9014451,237.38728479949071
2025-02-20,238.66579597886266,237.85661190382308,242.74421346453693,233.7920220823402,7989275,238.66579597886266
2025-02-21,239.91275835654602,236.4932111711366,243.6403361129843,232.8187636780188,10145259,239.91275835654602
2025-02-24,240.37946633359547,240.99319946721664,245.07486692172537,236.30819358965448,11487433,240.37946633359547
2025-02-25,240.85000638223602,239.7791987999714,244.85195260553309,235.7950450377338,8695782,240.85000638223602
2025-02-26,241.9078982949432,239.21694313711458,247.08934396118133,234.09313526624757,8177772,241.9078982949432
2025-02-27,241.81123808589155,241.2547283068424,247.00411699501976,236.0738004051083,10220671,241.81123808589155
2025-02-28,240.5608965101535,243.635194937421,247.9526790196391,236.29789238321086,13111679,240.5608965101535
2025-03-03,241.35455463196737,239.78821237935773,245.9955648295162,235.1773213994814,7594989,241.35455463196737
2025-03-04,238.8687371380936,241.87364111224258,246.12343663549836,234.67173871748375,14209793,238.8687371380936
2025-03-05,238.1479042280437,237.82112152319368,241.17098976557708,234.8021842147709,12486512,238.1479042280437
2025-03-06,237.59811057778876,239.2308892288114,243.72432076693647,233.13534723267563,12661176,237.59811057778876
2025-03-07,236.22594774309724,238.5753626389268,240.49053224475426,234.32963812327256,14233330,236.22594774309724
2025-03-10,235.7154033792865,238.84608398500745,243.68736459583636,230.93757996675998,16204756,235.7154033792865
2025-03-11,234.4795699981971,235.46710462189324,237.5927569010659,232.36283257457075,10289084,234.4795699981971
2025-03-12,232.63734035207835,235.42028534477825,239.2880090815984,228.81533766427813,11827711,232.63734035207835
2025-03-13,230.06643891279398,232.7742253815176,235.28218847223653,227.58765013684288,11234459,230.06643891279398
2025-03-14,229.56880299944777,231.85525854963876,235.97461815662956,225.49006672226866,10436727,229.56880299944777
2025-03-17,228.7779177040401,228.57867405476435,232.17077975687354,225.18876685974092,14523841,228.7779177040401
2025-03-18,225.43469980266792,229.8005622889912,231.4151916438278,223.85074595906323,9874746,225.43469980266792
2025-03-19,224.73354954503802,225.17135064365317,229.02256842396656,220.8898196950071,8941661,224.73354954503802
2025-03-20,225.3385590716694,224.6469981237555,228.06749828219913,221.92643399024328,13880211,225.3385590716694
2025-03-21,226.7361108434113,225.46261130749045,231.13609140886072,221.08734393478002,13784184,226.7361108434113
2025-03-24,226.54905165694902,227.0792628823116,230.48695700764938,223.14931421446693,9452925,226.54905165694902
2025-03-25,224.62302168605999,226.39106217998338,230.23452699713442,220.80957307788938,13880661,224.62302168605999
2025-03-26,225.8088449665902,224.91239883005755,228.1148399425498,222.615558501195,11836659,225.8088449665902
2025-03-27,227.03855315296138,227.9469630613844,230.69448504536487,224.30198054141533,14969620,227.03855315296138
2025-03-28,228.43391417101535,228.3809635779241,231.33657978940747,225.47897079248938,11397773,228.43391417101535
2025-03-31,227.59283922637906,229.625180484518,234.05316050002193,223.20404988872997,13180846,227.59283922637906
2025-04-01,226.36702754190821,226.97077402173338,232.278913511787,221.07300780161245,18789365,226.36702754190821
2025-04-02,225.4118134051132,225.1592587235785,227.88551448287524,222.68832921656278,12221874,225.4118134051132
2025-04-03,226.35680454351177,226.70382959218892,231.32501502748744,221.7426929503425,10945914,226.35680454351177
2025-04-04,229.04897979578502,227.5465994590376,229.99990249764164,226.60191405878479,14302962,229.04897979578502
2025-04-07,227.2096070352877,231.07286209092058,233.15923120833918,225.1581194524978,10788430,227.2096070352877
2025-04-08,224.20152431160378,226.38622583118732,228.69674803813322,221.9132994037007,20390735,224.20152431160378
2025-04-09,225.00786785756674,223.89273336099097,226.86136039308076,222.04842669744298,11112385,225.00786785756674
2025-04-10,225.4079459967137,222.79448684279018,227.00429815543308,221.21664335351295,9805485,225.4079459967137
2025-04-11,225.35716473884293,224.87714936143226,229.20288352932354,221.03962203075616,8498952,225.35716473884293
2025-04-14,225.76091346564007,226.70467056720207,229.86258989124772,222.61614035856812,12900086,225.76091346564007
2025-04-15,223.8150284434007,225.12901492798773,228.93302596901353,220.03321986746687,13944181,223.8150284434007
2025-04-16,225.2623990057662,224.6751224648825,229.41902265947112,220.52933545134422,10224065,225.2623990057662
2025-04-17,227.05546706965328,225.0049198857155,230.7628480279302,221.33102043608443,13008511,227.05546706965328
2025-04-18,227.87834521212875,227.49694058905357,232.0459703109238,223.33629092918602,7931562,227.87834521212875
2025-04-21,230.22833947440793,226.30914112377633,233.60172305251697,222.99318296681898,12517097,230.22833947440793
2025-04-22,229.1838775531828,230.34604525498838,232.43413977011295,227.10631812669456,11941097,229.1838775531828
2025-04-23,230.45018112139977,225.0707567125838,235.12580118603543,220.50428017120186,15624908,230.45018112139977
2025-04-24,232.6959936583769,230.19175960040383,235.501013397684,227.41692699863194,10241922,232.6959936583769
2025-04-25,236.00059368583146,230.41956610889875,238.43659618132793,228.04117108333492,9943469,236.00059368583146
2025-04-28,238.2506358403168,237.7082862171529,241.61245014273274,234.35412469061993,9954502,238.2506358403168
2025-04-29,238.10253292507292,239.3619426169353,241.8599107817655,235.61770789102764,7749491,238.10253292507292
2025-04-30,237.87332325093445,238.76922618216543,241.85241692843522,234.80170116311908,13316269,237.87332325093445
2025-05-01,240.02117541653203,240.04416408657303,244.05776722788366,236.0079566519824,16092051,240.02117541653203
2025-05-02,240.85047387609143,238.65461506432877,244.88272234907407,234.65912901991072,11398110,240.85047387609143
2025-05-05,242.86032289394154,243.3755934016011,245.93367767667442,240.3076545497125,14897468,242.86032289394154
2025-05-06,241.98537339669184,244.21867695971326,247.28642330947056,238.94568062964436,11011640,241.98537339669184
2025-05-07,241.2414126941985,241.641915879652,246.5645640456739,236.3269234449116,10414869,241.2414126941985
2025-05-08,242.21245053844075,242.88516434574092,247.1312829318123,237.9780923355446,10108782,242.21245053844075
2025-05-09,241.54349606861018,240.60470216250474,247.67274083050933,234.49927960126575,9917216,241.54349606861018
2025-05-12,239.87584573059078,240.34855986980935,245.3719988029593,234.86228682589817,8350904,239.87584573059078
2025-05-13,239.55903443395397,238.99992988320037,244.52304866353168,234.04750111919407,10821206,239.55903443395397
2025-05-14,238.237313373452,238.79870610006856,240.72358062114048,236.3169640467307,11014252,238.237313373452
2025-05-15,237.92250808584254,236.72704464803965,242.40004356056994,232.27200696048908,11914330,237.92250808584254
2025-05-16,239.3060170011019,239.66850203136642,243.199889423785,235.77997063203418,11373756,239.3060170011019
2025-05-19,240.15786014759777,238.93434450788763,243.0986149952217,236.00857172059025,10368964,240.15786014759777
2025-05-20,239.86812363570516,240.6658011809497,244.4779659313637,236.06859415879183,8603669,239.86812363570516
2025-05-21,240.79375989874274,239.0472689632569,245.54367149381767,234.33180874910082,10928358,240.79375989874274
2025-05-22,241.38106239777431,238.1634204146039,245.60623464133573,233.9945702845586,12156459,241.38106239777431
2025-05-23,241.36577252576666,241.7721827902355,244.33681288971647,238.80545347640304,7966006,241.36577252576666
2025-05-26,242.97544395498812,238.59645512931604,247.5220720350555,234.1317679780645,11533829,242.97544395498812
2025-05-27,241.91437485466443,242.87538562807987,245.7442448117343,239.0568671901266,11392185,241.91437485466443
2025-05-28,241.6527936170751,239.92828439132356,245.53939592646816,236.0694180805054,8849558,241.6527936170751
2025-05-29,244.15465374979675,244.53417839848882,247.8312937768779,240.86265559699908,10731715,244.15465374979675
2025-05-30,245.71857198461873,245.489734449035,249.1354530502275,242.07603552239166,11813581,245.71857198461873
2025-06-02,245.67839224854345,245.8744860080579,250.5046012864056,241.0519696539168,7997795,245.67839224854345
2025-06-03,246.3370869483686,247.54118479758313,249.9668486404357,243.92322209815026,11300015,246.3370869483686
2025-06-04,244.8090585405794,245.08621287320798,251.14620853657686,238.75591578841318,9397665,244.8090585405794
2025-06-05,245.9992193569429,245.60735059075006,247.4492788901558,244.15960095527453,13571150,245.9992193569429
2025-06-06,246.18787096132746,246.29413862122794,249.2525404644014,243.23074556932207,16205841,246.18787096132746
2025-06-09,245.19074399479945,246.5778622116149,250.7329604267249,241.0590201912248,9100462,245.19074399479945
2025-06-10,244.61272625319236,247.06255980269282,251.4903089681756,240.228881953194,11652227,244.61272625319236
2025-06-11,243.85484276409017,245.68778759451178,249.24967612095833,240.3195275778369,9183042,243.85484276409017
2025-06-12,244.52477732262727,244.277282744493,248.12248173810747,240.68321972824566,12991105,244.52477732262727
2025-06-13,245.85960534821962,242.09681143160086,250.0521878382145,237.9683949271729,8611960,245.85960534821962
2025-06-16,244.6101424412677,244.44338572857905,247.99668488891297,241.0591519696918,12127829,244.6101424412677
2025-06-17,242.26462512885274,244.4300473429137,249.79917485722882,236.94306307596923,10008471,242.26462512885274
2025-06-18,240.72374842667466,242.4003500683619,247.05364791498386,236.10263587519233,10814958,240.72374842667466
2025-06-19,239.76508006271985,239.09134716413888,244.40792026565845,234.46155320707877,8784737,239.76508006271985
2025-06-20,242.99495318353274,243.2344951699526,245.7079993831816,240.5238849245965,14963518,242.99495318353274
2025-06-23,241.88099659667705,245.20580979831752,248.7865644308172,238.34879440379436,9234180,241.88099659667705
2025-06-24,240.92135371160964,242.75484247311095,246.03146728995648,237.66947672148567,12053263,240.92135371160964
2025-06-25,240.7528781889865,241.0254850204353,243.428989499178,238.35209214369192,9465508,240.7528781889865
2025-06-26,242.46680568153027,240.44633866729916,246.54044706276434,236.40664279054542,11165235,242.46680568153027
2025-06-27,244.62664048167022,241.08195391190503,247.6384277114208,238.11380805221648,12134904,244.62664048167022
2025-06-30,245.4167025472619,244.7403632753585,249.9021883192643,240.26723896918008,9141395,245.4167025472619
2025-07-01,243.82493528613531,245.79624321811198,248.16794153796795,241.47225819967568,11782647,243.82493528613531
2025-07-02,243.32395256418164,242.00830213438923,249.06523063531947,236.29806710230383,14138813,243.32395256418164
2025-07-03,244.45338867740185,243.81183132436826,247.02463172868758,241.24733638933859,9353404,244.45338867740185
2025-07-04,244.936803246291,244.2256670737536,248.87943136207693,240.29448576967928,13140981,244.936803246291
2025-07-07,245.8793220407806,242.1330495396774,250.54102102334178,237.542377248429,14531911,245.8793220407806
2025-07-08,244.85307178783754,244.6100167419135,247.82725255355098,241.63878831670914,9202989,244.85307178783754
2025-07-09,244.89191327437854,244.24543627563713,249.60910535897779,239.54069685286964,7498790,244.89191327437854
2025-07-10,246.23296636274497,247.66558992680135,249.85844137131542,244.05279948475794,11785931,246.23296636274497
2025-07-11,248.1927977586078,247.0552167234994,253.7177154971615,241.55562220824902,10389761,248.1927977586078
2025-07-14,247.99518016613033,246.20405631666807,251.7326526161943,242.49357743977572,14762715,247.99518016613033
2025-07-15,245.6868633898419,248.71838810909875,251.70747151053575,242.73421267956326,11944444,245.6868633898419
2025-07-16,246.08301311191795,243.40594980732476,249.40614054846117,240.1189736776286,8792371,246.08301311191795
2025-07-17,246.93867004743748,247.68160437277703,252.3986005506249,242.235822753928,8502700,246.93867004743748
2025-07-18,248.09793338834618,246.24063667775866,251.0943916388415,243.26661034346697,13603225,248.09793338834618
2025-07-21,249.2085056033091,247.9585477188469,252.01290163764173,245.1682177250203,9719088,249.2085056033091
2025-07-22,250.2666816104332,251.1909044109163,254.68052808554415,246.78989753193946,10944749,250.2666816104332
2025-07-23,250.97648414492753,248.33387668043667,253.26418234192747,246.07026635108093,12793265,250.97648414492753
2025-07-24,253.28817589558201,248.8726212847199,259.3931097619177,242.87411429278208,10749015,253.28817589558201
2025-07-25,256.93691079678814,252.4012630426376,260.06332607594635,249.33003764801362,12763312,256.93691079678814
2025-07-28,257.7018721724846,258.53769792209386,263.4907848381875,252.76479807625358,10560395,257.7018721724846
2025-07-29,259.86480828844327,255.35264220371482,264.0349499284164,251.25490887404862,13388899,259.86480828844327
2025-07-30,260.6230039830882,255.448942859167,263.24938793403334,252.87469962830187,11910828,260.6230039830882
2025-07-31,260.17303077455364,259.9175097213754,264.06787996245566,256.0264857415032,9899756,260.17303077455364
2025-08-01,262.04151458820604,261.0343192312425,266.99934368568887,256.0955462839099,11582852,262.04151458820604
2025-08-04,262.0440338219075,263.92862502902915,267.6391166278873,258.3600371128724,9285198,262.0440338219075
2025-08-05,261.99351709348787,261.3158217921196,267.4863591347566,255.8371880155584,7470117,261.99351709348787
2025-08-06,262.0305424841588,261.3467704705429,267.2993417840539,256.0917201690373,10558462,262.0305424841588
2025-08-07,262.510377980964,263.84468589637817,269.01461019078806,257.36659888210613,15134745,262.510377980964
2025-08-08,261.8954815609735,259.5654183790811,265.2220036257521,256.268492115424,8772522,261.8954815609735
2025-08-11,261.0216315221571,261.2849705478955,263.7935120952892,258.5156182368588,9139261,261.0216315221571
2025-08-12,258.7765897421401,261.31986004873136,264.4379448136571,255.68885143612715,9847010,258.7765897421401
2025-08-13,257.7285946747696,259.47407347459495,263.6207817580003,253.60978124536962,12495722,257.7285946747696
2025-08-14,259.29763985132104,256.9402440992184,263.8947104824966,252.38496758072452,12270286,259.29763985132104
2025-08-15,262.08548155399444,259.35122268961754,263.1710770905768,258.2769528441855,11771089,262.08548155399444
2025-08-18,262.40974166104957,258.17255471789514,266.3352428702704,254.31043942706197,8528595,262.40974166104957
2025-08-19,260.43132916573506,261.3733568860736,265.5005587969159,256.31900229286055,11722468,260.43132916573506
2025-08-20,260.96812484839177,261.1399764265278,264.69468657016796,257.41575399633143,7614522,260.96812484839177
2025-08-21,263.58742189260124,259.4300402553765,269.24305093190804,253.86361353136286,12356792,263.58742189260124
2025-08-22,264.3658767476802,263.6807068860081,268.8888861945156,259.1694199420735,12607318,264.3658767476802
2025-08-25,264.22111135987336,265.074703790495,270.7873180070686,258.526892879236,7871413,264.22111135987336
2025-08-26,263.28283852459487,263.6780589765969,267.3485096071382,259.61788944076125,7882889,263.28283852459487
2025-08-27,262.19130065663614,263.55211963755636,268.74077233343326,257.02943893130305,14851954,262.19130065663614
2025-08-28,263.65784136262073,260.6767800357773,269.7681993633885,254.63550912088996,9838218,263.65784136262073
2025-08-29,264.1572125898175,263.33099325858575,269.8520372053257,257.6539806654682,13026100,264.1572125898175
2025-09-01,263.6922348563156,265.12437060443307,267.653469400656,261.1767976212247,10038068,263.6922348563156
2025-09-02,260.9404363459155,263.9405901616543,267.56492194599696,257.3573015325489,11701888,260.9404363459155
2025-09-03,259.3202887447817,260.02213799345225,263.47371773999936,255.87802546901872,12271989,259.3202887447817
2025-09-04,260.09127863751564,259.6691519209937,264.6289020051144,255.13889309119497,8877738,260.09127863751564
2025-09-05,259.7385863382845,261.20646128255703,266.02095811826564,254.95114503267158,10547026,259.7385863382845
2025-09-08,260.19983094412606,256.54389323963926,263.01142974847915,253.77179880406857,9594472,260.19983094412606
2025-09-09,257.80520621711946,262.00937619864555,266.02838847519337,253.85068251351356,9092373,257.80520621711946
2025-09-10,256.97788385085556,257.2850768836365,258.5458672421253,255.7185988498427,11384899,256.97788385085556
2025-09-11,258.3402922856173,257.6339328667191,264.07795914119475,251.91195405960698,10492947,258.3402922856173
2025-09-12,257.54224592848857,260.1960750067727,263.432427300081,254.33890230306014,10289554,257.54224592848857
2025-09-15,255.28536960835075,255.42266238049396,259.3253468974321,251.3847828315706,9226174,255.28536960835075
2025-09-16,252.64077449832214,254.19871015723052,257.61812802010735,249.24231359867295,16595943,252.64077449832214
2025-09-17,253.7626968123237,252.203379502283,259.023232504792,246.97516867264284,12974922,253.7626968123237
2025-09-18,254.51441822559516,252.5693723693836,254.7212029932609,252.36416788883193,12845243,254.51441822559516
2025-09-19,258.46085527066157,257.16381646513963,262.316302483302,253.32771711328917,12324770,258.46085527066157
2025-09-22,258.0049454492703,257.13220298180653,261.7385108172308,253.41126698824036,7325924,258.0049454492703
2025-09-23,257.46939052632155,257.1449425500541,260.7474439630474,253.87101992593267,15391956,257.46939052632155
2025-09-24,259.04127028619246,257.78513404270404,265.16270892640136,251.6933793247897,11084741,259.04127028619246
2025-09-25,262.2912795318814,257.17283224434027,265.0619548292116,254.45622491101403,10769404,262.2912795318814
2025-09-26,265.4707203068401,261.6685779308456,270.47722754694684,256.7337752211343,13504450,265.4707203068401
2025-09-29,266.34522552926626,265.97636758240714,270.81483505897205,261.5129479552653,13461222,266.34522552926626
2025-09-30,266.08951719692936,265.8132908524161,271.75924519909233,260.1494485696792,10145134,266.08951719692936
2025-10-01,266.09982206090535,265.94042161174605,269.20362490811755,262.8384780200723,12923849,266.09982206090535
2025-10-02,267.52768413583937,265.25469097530356,270.5601520372461,262.2479878048319,13751195,267.52768413583937
2025-10-03,267.58590023580996,265.09670772879366,273.06615300391576,259.66743449329743,8098278,267.58590023580996
2025-10-06,266.07166505287887,268.1022230896056,272.69390437740316,261.5147603336364,9728362,266.07166505287887
2025-10-07,264.6198353942867,268.87329283945616,270.82943027388984,262.69464319523286,13432391,264.6198353942867
2025-10-08,263.9216805298413,264.6490520133401,267.9051549894215,260.67452675057024,6119523,263.9216805298413
2025-10-09,264.4041411096304,264.27839303616355,268.88100909492664,259.80365420634104,10060353,264.4041411096304
2025-10-10,266.215670749635,265.503093700193,271.3240356317249,260.4084023316304,8540641,266.215670749635
2025-10-13,267.1674377285291,264.1881767323881,270.2676077282558,261.12257762064127,9740934,267.1674377285291
2025-10-14,266.63623142325207,269.8965766019756,270.01228667603823,266.52191912454043,9794456,266.63623142325207
2025-10-15,268.48731374666784,266.9599205499715,273.2170173910104,262.25712364125064,10601045,268.48731374666784
2025-10-16,269.1841606090398,271.11611099820027,273.528609665032,266.7888532028863,9419100,269.1841606090398
2025-10-17,270.93702110633086,268.0002353794467,272.26821760029827,266.68346821243944,9075531,270.93702110633086
2025-10-20,270.9087297434862,273.89250279523884,274.1221261555387,270.6816078901189,15848162,270.9087297434862
2025-10-21,268.9184248435891,272.16870808494207,277.3589393018457,263.79017621704924,16662672,268.9184248435891
2025-10-22,269.46793633401904,269.81076085616576,274.03143412977397,265.25262589432293,8250115,269.46793633401904
2025-10-23,271.18472480214155,269.8463088546165,274.94652285665717,266.1030769288207,15470590,271.18472480214155
2025-10-24,274.38605456804186,270.7803418127537,280.4074899598237,264.8380342266159,11411857,274.38605456804186
2025-10-27,275.2095523016103,276.3625094389579,281.3886103241805,270.20441981365843,10877700,275.2095523016103
2025-10-28,273.36952800702227,275.4413225632623,281.79892150884314,267.05974918793385,11194614,273.36952800702227
2025-10-29,275.02443498560626,270.14310650846306,277.23462007880465,267.9721493458147,9824931,275.02443498560626
2025-10-30,277.1811573102483,273.180913533179,281.2909907602353,269.13039268525574,14084099,277.1811573102483
2025-10-31,278.54961255209423,276.8720796662044,280.47618231937787,274.9571124429415,11267553,278.54961255209423
2025-11-03,277.6869724926458,279.0677131320081,282.9336628150693,273.84015033163735,9653980,277.6869724926458
2025-11-04,275.21919771583094,277.59268917568255,281.41150979622375,271.433029029159,9072635,275.21919771583094
2025-11-05,274.1420649757612,277.23210269266724,282.259171314229,269.17102821881844,9018050,274.1420649757612
2025-11-06,275.88031459423274,270.9327904118475,280.08137020246403,266.80707480837094,8114909,275.88031459423274
2025-11-07,278.4970065952399,276.1179931048026,283.5425468036738,271.1155535686853,11926096,278.4970065952399
2025-11-10,279.5727785059463,275.459195961304,284.74968374620664,270.35846275447767,8479645,279.5727785059463
2025-11-11,277.9377688354107,280.84714776982815,288.0858828498279,270.77402195992295,10591884,277.9377688354107
2025-11-12,276.62176082014594,277.78024696937626,281.5090347600469,272.9085239876735,14397923,276.62176082014594
2025-11-13,278.00656342458666,277.31820031606,280.86860944037153,274.46324092034587,13983338,278.00656342458666
2025-11-14,277.58222164662504,276.56557262613893,282.0874971545762,272.0767977568274,10238964,277.58222164662504
2025-11-17,277.99758237524657,279.7131619561161,282.78681796963065,274.94277817928156,10121441,277.99758237524657
2025-11-18,277.1460183256314,279.73516400390076,286.003974156989,270.93523041931206,15456363,277.1460183256314
2025-11-19,276.7538918028636,278.1163802062095,281.8942880302999,272.994491898355,11411718,276.7538918028636
2025-11-20,276.4627682947603,276.53882539011335,279.90488864876363,273.0976308120616,9562450,276.4627682947603
2025-11-21,278.15003439220266,277.42462199661173,281.66680248784684,273.9170255955696,8436340,278.15003439220266
2025-11-24,277.3106939976643,276.970301239619,282.46647857904395,271.82084527005105,11472585,277.3106939976643
2025-11-25,274.8324104132151,278.7342223990043,282.6953883214553,270.9266941752015,13913969,274.8324104132151
2025-11-26,271.2661397954398,277.55239527392064,280.8252003885545,268.0674601051661,11100477,271.2661397954398
2025-11-27,271.6684424932778,273.00866215841853,279.3770695860616,265.33129804755873,10914098,271.6684424932778
2025-11-28,273.7030147782299,270.4791826936068,276.63687866714673,267.5798755469482,10691447,273.7030147782299
2025-12-01,274.1815846919673,274.2965408342141,278.4597672021189,270.0201031088896,9975689,274.1815846919673
2025-12-02,271.64646994940756,272.05425110577477,277.02237818020143,266.6857895831104,7204442,271.64646994940756
2025-12-03,269.75007096160834,272.5793967941923,274.4447460442718,267.90408370617007,10901778,269.75007096160834
2025-12-04,270.26745375258935,270.47937277717966,275.186066164787,265.5644480320359,12605102,270.26745375258935
2025-12-05,269.40070679288885,267.2353507461673,272.020483627197,264.63663083363474,9378984,269.40070679288885
2025-12-08,268.6504916006928,267.52279446074556,273.7854539674614,262.4093868000199,10668439,268.6504916006928
2025-12-09,267.71976246108585,268.19409917788386,270.9261240607307,264.9925695253889,9192510,267.71976246108585
2025-12-10,268.25268728047666,267.236485860854,273.20566336197453,262.3022727650186,11175383,268.25268728047666
2025-12-11,268.9707934761375,266.3060146516976,274.4925393647468,260.83897444814704,10088901,268.9707934761375
2025-12-12,269.77480795138206,269.59853698101267,274.98339943697727,264.3933487912344,8782862,269.77480795138206
2025-12-15,268.75616357520016,270.18185541872265,274.5740892415964,264.3871066304569,14039824,268.75616357520016
2025-12-16,267.10623575944385,268.44289741553035,272.15908540028835,263.40855184402,13520154,267.10623575944385
2025-12-17,266.9536668466427,265.8949760236861,270.18858525161846,262.67288673047653,8961725,266.9536668466427
2025-12-18,268.74369791102265,268.6334041237134,274.7515098925159,262.6280577789663,12528288,268.74369791102265
2025-12-19,271.0638033319905,271.41297928574,274.5349135665169,267.9458854559666,13057266,271.0638033319905
2025-12-22,270.2903941886134,270.2773472422527,272.9432051123182,267.6246643700161,12019631,270.2903941886134
2025-12-23,270.90037209422246,269.29761716453135,275.86512113603743,264.36224156336516,7447511,270.90037209422246
2025-12-24,270.4328579112043,271.69878213023634,274.69271686301573,267.4528727974063,12652308,270.4328579112043
2025-12-25,271.3919573889864,269.85192046091737,274.17363878871544,267.0860239507589,9556039,271.3919573889864
2025-12-26,271.49160187257064,271.16496971413113,273.6043437326265,269.0547696985714,9377712,271.49160187257064
2025-12-29,268.4851395270724,272.6964595865216,276.12846746271754,265.1061330122991,20701838,268.4851395270724
